<?xml version='1.0' encoding='UTF-8' standalone='no'?>
<doxygen xmlns:xsi="http://www.w3.org/2001/XMLSchema-instance" xsi:noNamespaceSchemaLocation="compound.xsd" version="1.12.0" xml:lang="it">
  <compounddef id="_rubrica_8java" kind="file" language="Java">
    <compoundname>Rubrica.java</compoundname>
    <includes local="no">annullaoperazione.AnnullaOperazione</includes>
    <incdepgraph>
      <node id="1">
        <label>Rubrica.java</label>
        <link refid="_rubrica_8java"/>
        <childnode refid="2" relation="include">
        </childnode>
      </node>
      <node id="2">
        <label>annullaoperazione.AnnullaOperazione</label>
      </node>
    </incdepgraph>
    <innerclass refid="classdata_1_1_rubrica" prot="public">data::Rubrica</innerclass>
    <innernamespace refid="namespacedata">data</innernamespace>
    <briefdescription>
<para>Classe per la gestione della rubrica dei contatti. </para>
    </briefdescription>
    <detaileddescription>
<para><simplesect kind="author"><para>lucac</para>
</simplesect>
</para>
<para>La classe <computeroutput>Rubrica</computeroutput> fornisce metodi per aggiungere, visualizzare, cercare, modificare, esportare, importare ed eliminare contatti, oltre a supportare l&apos;annullamento di operazioni. </para>
    </detaileddescription>
    <programlisting>
<codeline lineno="1"><highlight class="comment">/*</highlight></codeline>
<codeline lineno="2"><highlight class="comment"><sp/>*<sp/>To<sp/>change<sp/>this<sp/>license<sp/>header,<sp/>choose<sp/>License<sp/>Headers<sp/>in<sp/>Project<sp/>Properties.</highlight></codeline>
<codeline lineno="3"><highlight class="comment"><sp/>*<sp/>To<sp/>change<sp/>this<sp/>template<sp/>file,<sp/>choose<sp/>Tools<sp/>|<sp/>Templates</highlight></codeline>
<codeline lineno="4"><highlight class="comment"><sp/>*<sp/>and<sp/>open<sp/>the<sp/>template<sp/>in<sp/>the<sp/>editor.</highlight></codeline>
<codeline lineno="5"><highlight class="comment"><sp/>*/</highlight><highlight class="normal"></highlight></codeline>
<codeline lineno="6"><highlight class="normal"></highlight><highlight class="keyword">package<sp/></highlight><highlight class="normal">data;</highlight></codeline>
<codeline lineno="7"><highlight class="normal"></highlight></codeline>
<codeline lineno="21"><highlight class="normal"></highlight><highlight class="keyword">import</highlight><highlight class="normal"><sp/>annullaoperazione.AnnullaOperazione;</highlight></codeline>
<codeline lineno="22"><highlight class="normal"></highlight><highlight class="keyword">import</highlight><highlight class="normal"><sp/>java.util.ArrayList;</highlight></codeline>
<codeline lineno="23"><highlight class="normal"></highlight><highlight class="keyword">import</highlight><highlight class="normal"><sp/>java.util.List;</highlight></codeline>
<codeline lineno="24"><highlight class="normal"></highlight></codeline>
<codeline lineno="32" refid="classdata_1_1_rubrica" refkind="compound"><highlight class="normal"></highlight><highlight class="keyword">public</highlight><highlight class="normal"><sp/></highlight><highlight class="keyword">class<sp/></highlight><highlight class="normal"><ref refid="classdata_1_1_rubrica" kindref="compound">Rubrica</ref><sp/>{</highlight></codeline>
<codeline lineno="36"><highlight class="normal"><sp/><sp/><sp/><sp/></highlight><highlight class="keyword">private</highlight><highlight class="normal"><sp/>List&lt;Contatto&gt;<sp/>contatti;</highlight></codeline>
<codeline lineno="37"><highlight class="normal"></highlight></codeline>
<codeline lineno="41"><highlight class="normal"><sp/><sp/><sp/><sp/></highlight><highlight class="keyword">public</highlight><highlight class="normal"><sp/><ref refid="classdata_1_1_rubrica_1a71e8335491bc3741deae1e70f16e725c" kindref="member">Rubrica</ref>()<sp/>{</highlight></codeline>
<codeline lineno="42"><highlight class="normal"><sp/><sp/><sp/><sp/><sp/><sp/><sp/><sp/>this.contatti<sp/>=<sp/></highlight><highlight class="keyword">new</highlight><highlight class="normal"><sp/>ArrayList&lt;&gt;();</highlight></codeline>
<codeline lineno="43"><highlight class="normal"><sp/><sp/><sp/><sp/>}</highlight></codeline>
<codeline lineno="44"><highlight class="normal"></highlight></codeline>
<codeline lineno="49"><highlight class="normal"><sp/><sp/><sp/><sp/></highlight><highlight class="keyword">public</highlight><highlight class="normal"><sp/></highlight><highlight class="keywordtype">void</highlight><highlight class="normal"><sp/><ref refid="classdata_1_1_rubrica_1a50684d544f111d9fb75bbd136fa8537c" kindref="member">aggiungiContatto</ref>(<ref refid="classdata_1_1_contatto" kindref="compound">Contatto</ref><sp/>contatto)<sp/>{</highlight></codeline>
<codeline lineno="50"><highlight class="normal"><sp/><sp/><sp/><sp/><sp/><sp/><sp/><sp/>contatti.add(contatto);</highlight></codeline>
<codeline lineno="51"><highlight class="normal"><sp/><sp/><sp/><sp/>}</highlight></codeline>
<codeline lineno="52"><highlight class="normal"></highlight></codeline>
<codeline lineno="57"><highlight class="normal"><sp/><sp/><sp/><sp/></highlight><highlight class="keyword">public</highlight><highlight class="normal"><sp/>List&lt;Contatto&gt;<sp/><ref refid="classdata_1_1_rubrica_1a9440ad0632f34f86531e46fd7530b82f" kindref="member">mostraRubrica</ref>()<sp/>{</highlight></codeline>
<codeline lineno="58"><highlight class="normal"><sp/><sp/><sp/><sp/><sp/><sp/><sp/><sp/></highlight><highlight class="keywordflow">return</highlight><highlight class="normal"><sp/>this.contatti;</highlight></codeline>
<codeline lineno="59"><highlight class="normal"><sp/><sp/><sp/><sp/>}</highlight></codeline>
<codeline lineno="60"><highlight class="normal"></highlight></codeline>
<codeline lineno="68"><highlight class="normal"><sp/><sp/><sp/><sp/></highlight><highlight class="keyword">public</highlight><highlight class="normal"><sp/>List&lt;Contatto&gt;<sp/><ref refid="classdata_1_1_rubrica_1a68c230abd5c511e9f4330fa8c29dea82" kindref="member">ricercaContatto</ref>(String<sp/>s)<sp/>{</highlight></codeline>
<codeline lineno="69"><highlight class="normal"><sp/><sp/><sp/><sp/><sp/><sp/><sp/><sp/></highlight><highlight class="keywordflow">return</highlight><highlight class="normal"><sp/>this.contatti;</highlight></codeline>
<codeline lineno="70"><highlight class="normal"><sp/><sp/><sp/><sp/>}</highlight></codeline>
<codeline lineno="71"><highlight class="normal"></highlight></codeline>
<codeline lineno="78"><highlight class="normal"><sp/><sp/><sp/><sp/></highlight><highlight class="keyword">public</highlight><highlight class="normal"><sp/></highlight><highlight class="keywordtype">void</highlight><highlight class="normal"><sp/><ref refid="classdata_1_1_rubrica_1a70f79f500b092c0411f03e33dcbccbe4" kindref="member">esportaContatto</ref>()<sp/>{</highlight></codeline>
<codeline lineno="79"><highlight class="normal"><sp/><sp/><sp/><sp/><sp/><sp/><sp/></highlight></codeline>
<codeline lineno="80"><highlight class="normal"><sp/><sp/><sp/><sp/>}</highlight></codeline>
<codeline lineno="81"><highlight class="normal"></highlight></codeline>
<codeline lineno="88"><highlight class="normal"><sp/><sp/><sp/><sp/></highlight><highlight class="keyword">public</highlight><highlight class="normal"><sp/></highlight><highlight class="keywordtype">void</highlight><highlight class="normal"><sp/><ref refid="classdata_1_1_rubrica_1ac61c59920a86eec2c5277ef3118abf72" kindref="member">importaContatto</ref>()<sp/>{</highlight></codeline>
<codeline lineno="89"><highlight class="normal"><sp/><sp/><sp/><sp/><sp/><sp/><sp/></highlight></codeline>
<codeline lineno="90"><highlight class="normal"><sp/><sp/><sp/><sp/>}</highlight></codeline>
<codeline lineno="91"><highlight class="normal"></highlight></codeline>
<codeline lineno="97"><highlight class="normal"><sp/><sp/><sp/><sp/></highlight><highlight class="keyword">public</highlight><highlight class="normal"><sp/></highlight><highlight class="keywordtype">void</highlight><highlight class="normal"><sp/><ref refid="classdata_1_1_rubrica_1acde304846946d8a2da82dce0181eb346" kindref="member">eliminaContatto</ref>(<ref refid="classdata_1_1_contatto" kindref="compound">Contatto</ref><sp/>c)<sp/>{</highlight></codeline>
<codeline lineno="98"><highlight class="normal"><sp/><sp/><sp/><sp/><sp/><sp/><sp/><sp/></highlight></codeline>
<codeline lineno="99"><highlight class="normal"><sp/><sp/><sp/><sp/>}</highlight></codeline>
<codeline lineno="100"><highlight class="normal"></highlight></codeline>
<codeline lineno="107"><highlight class="normal"><sp/><sp/><sp/><sp/></highlight><highlight class="keyword">public</highlight><highlight class="normal"><sp/></highlight><highlight class="keywordtype">void</highlight><highlight class="normal"><sp/><ref refid="classdata_1_1_rubrica_1a9417e1ec62c12093233fad9a5ded3d8b" kindref="member">modificaContatto</ref>(<ref refid="classdata_1_1_contatto" kindref="compound">Contatto</ref><sp/>c)<sp/>{</highlight></codeline>
<codeline lineno="108"><highlight class="normal"><sp/><sp/><sp/><sp/><sp/><sp/><sp/><sp/></highlight></codeline>
<codeline lineno="109"><highlight class="normal"><sp/><sp/><sp/><sp/>}</highlight></codeline>
<codeline lineno="110"><highlight class="normal"></highlight></codeline>
<codeline lineno="117"><highlight class="normal"><sp/><sp/><sp/><sp/></highlight><highlight class="keyword">public</highlight><highlight class="normal"><sp/></highlight><highlight class="keywordtype">void</highlight><highlight class="normal"><sp/><ref refid="classdata_1_1_rubrica_1ae1c0e35bb1155fc2287b574c464750a4" kindref="member">annulla</ref>()<sp/>{</highlight></codeline>
<codeline lineno="118"><highlight class="normal"><sp/><sp/><sp/><sp/><sp/><sp/><sp/></highlight></codeline>
<codeline lineno="119"><highlight class="normal"><sp/><sp/><sp/><sp/>}</highlight></codeline>
<codeline lineno="120"><highlight class="normal"></highlight></codeline>
<codeline lineno="126"><highlight class="normal"><sp/><sp/><sp/><sp/></highlight><highlight class="keyword">public</highlight><highlight class="normal"><sp/></highlight><highlight class="keywordtype">void</highlight><highlight class="normal"><sp/><ref refid="classdata_1_1_rubrica_1a63a3c465cb1dd645555f6852a0e7db35" kindref="member">visualizzaContatto</ref>()<sp/>{</highlight></codeline>
<codeline lineno="127"><highlight class="normal"><sp/><sp/><sp/><sp/><sp/><sp/><sp/></highlight></codeline>
<codeline lineno="128"><highlight class="normal"><sp/><sp/><sp/><sp/>}</highlight></codeline>
<codeline lineno="129"><highlight class="normal">}</highlight></codeline>
    </programlisting>
    <location file="Rubrica.java"/>
  </compounddef>
</doxygen>
