<?xml version='1.0' encoding='UTF-8' standalone='no'?>
<doxygen xmlns:xsi="http://www.w3.org/2001/XMLSchema-instance" xsi:noNamespaceSchemaLocation="compound.xsd" version="1.12.0" xml:lang="it">
  <compounddef id="classcontroller_1_1_visualizza_singolo_contatto_controller" kind="class" language="Java" prot="public">
    <compoundname>controller::VisualizzaSingoloContattoController</compoundname>
    <basecompoundref prot="public" virt="non-virtual">Initializable</basecompoundref>
    <sectiondef kind="private-attrib">
      <memberdef kind="variable" id="classcontroller_1_1_visualizza_singolo_contatto_controller_1a89f9a2ad2fd02449d75a3de5ad400526" prot="private" static="no" mutable="no">
        <type>Label</type>
        <definition>Label controller.VisualizzaSingoloContattoController.nameContent</definition>
        <argsstring></argsstring>
        <name>nameContent</name>
        <qualifiedname>controller.VisualizzaSingoloContattoController.nameContent</qualifiedname>
        <briefdescription>
<para>Etichetta per mostrare il nome del contatto. </para>
        </briefdescription>
        <detaileddescription>
        </detaileddescription>
        <inbodydescription>
        </inbodydescription>
        <location file="VisualizzaSingoloContattoController.java" line="38" column="19" bodyfile="VisualizzaSingoloContattoController.java" bodystart="38" bodyend="-1"/>
      </memberdef>
      <memberdef kind="variable" id="classcontroller_1_1_visualizza_singolo_contatto_controller_1aae308fc9f630532ba8dd4bc661f0e10f" prot="private" static="no" mutable="no">
        <type>Label</type>
        <definition>Label controller.VisualizzaSingoloContattoController.surnameContent</definition>
        <argsstring></argsstring>
        <name>surnameContent</name>
        <qualifiedname>controller.VisualizzaSingoloContattoController.surnameContent</qualifiedname>
        <briefdescription>
<para>Etichetta per mostrare il cognome del contatto. </para>
        </briefdescription>
        <detaileddescription>
        </detaileddescription>
        <inbodydescription>
        </inbodydescription>
        <location file="VisualizzaSingoloContattoController.java" line="44" column="19" bodyfile="VisualizzaSingoloContattoController.java" bodystart="44" bodyend="-1"/>
      </memberdef>
      <memberdef kind="variable" id="classcontroller_1_1_visualizza_singolo_contatto_controller_1ab10a3ce03ca545e5ea100df9981236be" prot="private" static="no" mutable="no">
        <type>Label</type>
        <definition>Label controller.VisualizzaSingoloContattoController.birthdayContent</definition>
        <argsstring></argsstring>
        <name>birthdayContent</name>
        <qualifiedname>controller.VisualizzaSingoloContattoController.birthdayContent</qualifiedname>
        <briefdescription>
<para>Etichetta per mostrare la data di nascita del contatto. </para>
        </briefdescription>
        <detaileddescription>
        </detaileddescription>
        <inbodydescription>
        </inbodydescription>
        <location file="VisualizzaSingoloContattoController.java" line="50" column="19" bodyfile="VisualizzaSingoloContattoController.java" bodystart="50" bodyend="-1"/>
      </memberdef>
      <memberdef kind="variable" id="classcontroller_1_1_visualizza_singolo_contatto_controller_1afeec993fa244e334e99519c1afbf878d" prot="private" static="no" mutable="no">
        <type>Label</type>
        <definition>Label controller.VisualizzaSingoloContattoController.companyContent</definition>
        <argsstring></argsstring>
        <name>companyContent</name>
        <qualifiedname>controller.VisualizzaSingoloContattoController.companyContent</qualifiedname>
        <briefdescription>
<para>Etichetta per mostrare il nome dell&apos;azienda del contatto. </para>
        </briefdescription>
        <detaileddescription>
        </detaileddescription>
        <inbodydescription>
        </inbodydescription>
        <location file="VisualizzaSingoloContattoController.java" line="56" column="19" bodyfile="VisualizzaSingoloContattoController.java" bodystart="56" bodyend="-1"/>
      </memberdef>
      <memberdef kind="variable" id="classcontroller_1_1_visualizza_singolo_contatto_controller_1ad563e6d484881dafb1205d2540125e46" prot="private" static="no" mutable="no">
        <type>Label</type>
        <definition>Label controller.VisualizzaSingoloContattoController.numberContent1</definition>
        <argsstring></argsstring>
        <name>numberContent1</name>
        <qualifiedname>controller.VisualizzaSingoloContattoController.numberContent1</qualifiedname>
        <briefdescription>
<para>Etichetta per mostrare il primo numero di telefono del contatto. </para>
        </briefdescription>
        <detaileddescription>
        </detaileddescription>
        <inbodydescription>
        </inbodydescription>
        <location file="VisualizzaSingoloContattoController.java" line="62" column="19" bodyfile="VisualizzaSingoloContattoController.java" bodystart="62" bodyend="-1"/>
      </memberdef>
      <memberdef kind="variable" id="classcontroller_1_1_visualizza_singolo_contatto_controller_1aeff95496261646f8895d75d0c8ad357a" prot="private" static="no" mutable="no">
        <type>Label</type>
        <definition>Label controller.VisualizzaSingoloContattoController.numberContent2</definition>
        <argsstring></argsstring>
        <name>numberContent2</name>
        <qualifiedname>controller.VisualizzaSingoloContattoController.numberContent2</qualifiedname>
        <briefdescription>
<para>Etichetta per mostrare il secondo numero di telefono del contatto. </para>
        </briefdescription>
        <detaileddescription>
        </detaileddescription>
        <inbodydescription>
        </inbodydescription>
        <location file="VisualizzaSingoloContattoController.java" line="68" column="19" bodyfile="VisualizzaSingoloContattoController.java" bodystart="68" bodyend="-1"/>
      </memberdef>
      <memberdef kind="variable" id="classcontroller_1_1_visualizza_singolo_contatto_controller_1ad306ca6f350c2d997fb19f1796c09bfc" prot="private" static="no" mutable="no">
        <type>Label</type>
        <definition>Label controller.VisualizzaSingoloContattoController.numberContent3</definition>
        <argsstring></argsstring>
        <name>numberContent3</name>
        <qualifiedname>controller.VisualizzaSingoloContattoController.numberContent3</qualifiedname>
        <briefdescription>
<para>Etichetta per mostrare il terzo numero di telefono del contatto. </para>
        </briefdescription>
        <detaileddescription>
        </detaileddescription>
        <inbodydescription>
        </inbodydescription>
        <location file="VisualizzaSingoloContattoController.java" line="74" column="19" bodyfile="VisualizzaSingoloContattoController.java" bodystart="74" bodyend="-1"/>
      </memberdef>
      <memberdef kind="variable" id="classcontroller_1_1_visualizza_singolo_contatto_controller_1a343a82e2a1d49e6012639c15e5ab7221" prot="private" static="no" mutable="no">
        <type>Label</type>
        <definition>Label controller.VisualizzaSingoloContattoController.emailContent1</definition>
        <argsstring></argsstring>
        <name>emailContent1</name>
        <qualifiedname>controller.VisualizzaSingoloContattoController.emailContent1</qualifiedname>
        <briefdescription>
<para>Etichetta per mostrare la prima email del contatto. </para>
        </briefdescription>
        <detaileddescription>
        </detaileddescription>
        <inbodydescription>
        </inbodydescription>
        <location file="VisualizzaSingoloContattoController.java" line="80" column="19" bodyfile="VisualizzaSingoloContattoController.java" bodystart="80" bodyend="-1"/>
      </memberdef>
      <memberdef kind="variable" id="classcontroller_1_1_visualizza_singolo_contatto_controller_1a3a0e4a694656434c3d8958bc2ffcafa9" prot="private" static="no" mutable="no">
        <type>Label</type>
        <definition>Label controller.VisualizzaSingoloContattoController.emailContent2</definition>
        <argsstring></argsstring>
        <name>emailContent2</name>
        <qualifiedname>controller.VisualizzaSingoloContattoController.emailContent2</qualifiedname>
        <briefdescription>
<para>Etichetta per mostrare la seconda email del contatto. </para>
        </briefdescription>
        <detaileddescription>
        </detaileddescription>
        <inbodydescription>
        </inbodydescription>
        <location file="VisualizzaSingoloContattoController.java" line="86" column="19" bodyfile="VisualizzaSingoloContattoController.java" bodystart="86" bodyend="-1"/>
      </memberdef>
      <memberdef kind="variable" id="classcontroller_1_1_visualizza_singolo_contatto_controller_1a7a87c7f206bce290ff13f4cf03335a63" prot="private" static="no" mutable="no">
        <type>Label</type>
        <definition>Label controller.VisualizzaSingoloContattoController.emailContent3</definition>
        <argsstring></argsstring>
        <name>emailContent3</name>
        <qualifiedname>controller.VisualizzaSingoloContattoController.emailContent3</qualifiedname>
        <briefdescription>
<para>Etichetta per mostrare la terza email del contatto. </para>
        </briefdescription>
        <detaileddescription>
        </detaileddescription>
        <inbodydescription>
        </inbodydescription>
        <location file="VisualizzaSingoloContattoController.java" line="92" column="19" bodyfile="VisualizzaSingoloContattoController.java" bodystart="92" bodyend="-1"/>
      </memberdef>
      <memberdef kind="variable" id="classcontroller_1_1_visualizza_singolo_contatto_controller_1a477855c47e8b7e94d49ca3b232dcabd4" prot="private" static="no" mutable="no">
        <type>Label</type>
        <definition>Label controller.VisualizzaSingoloContattoController.adressContent</definition>
        <argsstring></argsstring>
        <name>adressContent</name>
        <qualifiedname>controller.VisualizzaSingoloContattoController.adressContent</qualifiedname>
        <briefdescription>
<para>Etichetta per mostrare l&apos;indirizzo del contatto. </para>
        </briefdescription>
        <detaileddescription>
        </detaileddescription>
        <inbodydescription>
        </inbodydescription>
        <location file="VisualizzaSingoloContattoController.java" line="98" column="19" bodyfile="VisualizzaSingoloContattoController.java" bodystart="98" bodyend="-1"/>
      </memberdef>
      <memberdef kind="variable" id="classcontroller_1_1_visualizza_singolo_contatto_controller_1a2bdd2f56a7ac8b77091b62affaecac40" prot="private" static="no" mutable="no">
        <type>Button</type>
        <definition>Button controller.VisualizzaSingoloContattoController.modifyButton</definition>
        <argsstring></argsstring>
        <name>modifyButton</name>
        <qualifiedname>controller.VisualizzaSingoloContattoController.modifyButton</qualifiedname>
        <briefdescription>
<para>Pulsante per aprire la finestra di modifica del contatto. </para>
        </briefdescription>
        <detaileddescription>
        </detaileddescription>
        <inbodydescription>
        </inbodydescription>
        <location file="VisualizzaSingoloContattoController.java" line="104" column="20" bodyfile="VisualizzaSingoloContattoController.java" bodystart="104" bodyend="-1"/>
      </memberdef>
      <memberdef kind="variable" id="classcontroller_1_1_visualizza_singolo_contatto_controller_1a5f01933c760b6bf85555b3d9d63b3280" prot="private" static="no" mutable="no">
        <type>Button</type>
        <definition>Button controller.VisualizzaSingoloContattoController.deleteButton</definition>
        <argsstring></argsstring>
        <name>deleteButton</name>
        <qualifiedname>controller.VisualizzaSingoloContattoController.deleteButton</qualifiedname>
        <briefdescription>
<para>Pulsante per eliminare il contatto. </para>
        </briefdescription>
        <detaileddescription>
        </detaileddescription>
        <inbodydescription>
        </inbodydescription>
        <location file="VisualizzaSingoloContattoController.java" line="110" column="20" bodyfile="VisualizzaSingoloContattoController.java" bodystart="110" bodyend="-1"/>
      </memberdef>
      <memberdef kind="variable" id="classcontroller_1_1_visualizza_singolo_contatto_controller_1aafbfe009b2349ea58d0bafe2611e78f4" prot="private" static="no" mutable="no">
        <type>Button</type>
        <definition>Button controller.VisualizzaSingoloContattoController.returnButton</definition>
        <argsstring></argsstring>
        <name>returnButton</name>
        <qualifiedname>controller.VisualizzaSingoloContattoController.returnButton</qualifiedname>
        <briefdescription>
<para>Pulsante per tornare alla visualizzazione della rubrica. </para>
        </briefdescription>
        <detaileddescription>
        </detaileddescription>
        <inbodydescription>
        </inbodydescription>
        <location file="VisualizzaSingoloContattoController.java" line="116" column="20" bodyfile="VisualizzaSingoloContattoController.java" bodystart="116" bodyend="-1"/>
      </memberdef>
      <memberdef kind="variable" id="classcontroller_1_1_visualizza_singolo_contatto_controller_1ac6d9dedf9059ac5833ec9b395003c080" prot="private" static="no" mutable="no">
        <type>ObservableList&lt; <ref refid="classdata_1_1_contatto" kindref="compound">Contatto</ref> &gt;</type>
        <definition>ObservableList&lt;Contatto&gt; controller.VisualizzaSingoloContattoController.Contacts</definition>
        <argsstring></argsstring>
        <name>Contacts</name>
        <qualifiedname>controller.VisualizzaSingoloContattoController.Contacts</qualifiedname>
        <briefdescription>
<para>Lista osservabile contenente i contatti. </para>
        </briefdescription>
        <detaileddescription>
        </detaileddescription>
        <inbodydescription>
        </inbodydescription>
        <location file="VisualizzaSingoloContattoController.java" line="122" column="28" bodyfile="VisualizzaSingoloContattoController.java" bodystart="122" bodyend="-1"/>
      </memberdef>
    </sectiondef>
    <sectiondef kind="public-func">
      <memberdef kind="function" id="classcontroller_1_1_visualizza_singolo_contatto_controller_1a66ba9001730ac9c2a7990c7ad6a3c621" prot="public" static="no" const="no" explicit="no" inline="yes" virt="non-virtual">
        <type>void</type>
        <definition>void controller.VisualizzaSingoloContattoController.initialize</definition>
        <argsstring>(URL url, ResourceBundle rb)</argsstring>
        <name>initialize</name>
        <qualifiedname>controller.VisualizzaSingoloContattoController.initialize</qualifiedname>
        <param>
          <type>URL</type>
          <declname>url</declname>
        </param>
        <param>
          <type>ResourceBundle</type>
          <declname>rb</declname>
        </param>
        <briefdescription>
<para>Inizializza il controller. </para>
        </briefdescription>
        <detaileddescription>
<para><parameterlist kind="param"><parameteritem>
<parameternamelist>
<parametername>url</parametername>
</parameternamelist>
<parameterdescription>
<para>URL per l&apos;inizializzazione del controller. </para>
</parameterdescription>
</parameteritem>
<parameteritem>
<parameternamelist>
<parametername>rb</parametername>
</parameternamelist>
<parameterdescription>
<para>ResourceBundle per la localizzazione.</para>
</parameterdescription>
</parameteritem>
</parameterlist>
Questo metodo viene chiamato automaticamente per inizializzare i componenti FXML al caricamento della scena. </para>
        </detaileddescription>
        <inbodydescription>
        </inbodydescription>
        <location file="VisualizzaSingoloContattoController.java" line="133" column="17" bodyfile="VisualizzaSingoloContattoController.java" bodystart="133" bodyend="135"/>
      </memberdef>
      <memberdef kind="function" id="classcontroller_1_1_visualizza_singolo_contatto_controller_1acf0bf2e311a2d32915394dcc2d63d839" prot="public" static="no" const="no" explicit="no" inline="yes" virt="non-virtual">
        <type>void</type>
        <definition>void controller.VisualizzaSingoloContattoController.displayModificaContatto</definition>
        <argsstring>(ActionEvent event)</argsstring>
        <name>displayModificaContatto</name>
        <qualifiedname>controller.VisualizzaSingoloContattoController.displayModificaContatto</qualifiedname>
        <param>
          <type>ActionEvent</type>
          <declname>event</declname>
        </param>
        <briefdescription>
<para>Apre la finestra per modificare il contatto selezionato. </para>
        </briefdescription>
        <detaileddescription>
<para><parameterlist kind="param"><parameteritem>
<parameternamelist>
<parametername>event</parametername>
</parameternamelist>
<parameterdescription>
<para>L&apos;evento che ha scatenato l&apos;azione(Il tasto &quot;Modifica&quot;). </para>
</parameterdescription>
</parameteritem>
</parameterlist>
<simplesect kind="pre"><para>L&apos;utente ha selezionato un contatto della rubrica. </para>
</simplesect>
<simplesect kind="post"><para>Si apre l&apos;interfaccia &quot;ModificaContattoController.fxml&quot; Metodo che permette all&apos;utente di passare alla finestra di modifica del contatto attualmente visualizzato. </para>
</simplesect>
</para>
        </detaileddescription>
        <inbodydescription>
        </inbodydescription>
        <location file="VisualizzaSingoloContattoController.java" line="146" column="13" bodyfile="VisualizzaSingoloContattoController.java" bodystart="146" bodyend="148"/>
      </memberdef>
      <memberdef kind="function" id="classcontroller_1_1_visualizza_singolo_contatto_controller_1ad04ad5b25e98d179c8804e346c3c2f25" prot="public" static="no" const="no" explicit="no" inline="yes" virt="non-virtual">
        <type>void</type>
        <definition>void controller.VisualizzaSingoloContattoController.eliminaContatto</definition>
        <argsstring>(ActionEvent event)</argsstring>
        <name>eliminaContatto</name>
        <qualifiedname>controller.VisualizzaSingoloContattoController.eliminaContatto</qualifiedname>
        <param>
          <type>ActionEvent</type>
          <declname>event</declname>
        </param>
        <briefdescription>
<para>Elimina il contatto visualizzato. </para>
        </briefdescription>
        <detaileddescription>
<para><parameterlist kind="param"><parameteritem>
<parameternamelist>
<parametername>event</parametername>
</parameternamelist>
<parameterdescription>
<para>L&apos;evento che ha scatenato l&apos;azione(Il tasto &quot;Elimna&quot;). </para>
</parameterdescription>
</parameteritem>
</parameterlist>
<simplesect kind="pre"><para>L&apos;utente ha selezionato un contatton in rubrica. </para>
</simplesect>
<simplesect kind="post"><para>La rubrica viene aggiornata con l&apos;eliminazione del contatto. Metodo che permette di eliminare il contatto attualmente selezionato dalla rubrica. </para>
</simplesect>
<simplesect kind="see"><para>eliminaContatto(Contatto c). </para>
</simplesect>
</para>
        </detaileddescription>
        <inbodydescription>
        </inbodydescription>
        <location file="VisualizzaSingoloContattoController.java" line="160" column="13" bodyfile="VisualizzaSingoloContattoController.java" bodystart="160" bodyend="162"/>
      </memberdef>
      <memberdef kind="function" id="classcontroller_1_1_visualizza_singolo_contatto_controller_1ae14abf4e6e72cd7b7db721c107c7beec" prot="public" static="no" const="no" explicit="no" inline="yes" virt="non-virtual">
        <type>void</type>
        <definition>void controller.VisualizzaSingoloContattoController.annulla</definition>
        <argsstring>(ActionEvent event)</argsstring>
        <name>annulla</name>
        <qualifiedname>controller.VisualizzaSingoloContattoController.annulla</qualifiedname>
        <param>
          <type>ActionEvent</type>
          <declname>event</declname>
        </param>
        <briefdescription>
<para>Annulla l&apos;operazione corrente e torna alla rubrica. </para>
        </briefdescription>
        <detaileddescription>
<para><parameterlist kind="param"><parameteritem>
<parameternamelist>
<parametername>event</parametername>
</parameternamelist>
<parameterdescription>
<para>L&apos;evento che ha scatenato l&apos;azione(Il tasto &quot;Annulla&quot;). </para>
</parameterdescription>
</parameteritem>
</parameterlist>
<simplesect kind="pre"><para>L&apos;utente deve aver selezionato un contatto per visualizzare i suoi dati. </para>
</simplesect>
<simplesect kind="post"><para>L&apos;utente torna alla MainInterface. Metodo che permette all&apos;utente di tornare alla visualizzazione della lista completa dei contatti senza modificare nulla. </para>
</simplesect>
<simplesect kind="see"><para><ref refid="classcontroller_1_1_visualizza_singolo_contatto_controller_1ae14abf4e6e72cd7b7db721c107c7beec" kindref="member">annulla()</ref>. </para>
</simplesect>
</para>
        </detaileddescription>
        <inbodydescription>
        </inbodydescription>
        <location file="VisualizzaSingoloContattoController.java" line="174" column="13" bodyfile="VisualizzaSingoloContattoController.java" bodystart="174" bodyend="175"/>
      </memberdef>
    </sectiondef>
    <briefdescription>
<para>Classe FXML Controller per visualizzare i dettagli di un singolo contatto. </para>
    </briefdescription>
    <detaileddescription>
<para>Fornisce metodi per gestire l&apos;interazione con i dettagli di un contatto selezionato e permette di modificarlo, eliminarlo o tornare indietro. </para>
    </detaileddescription>
    <inheritancegraph>
      <node id="1">
        <label>controller.VisualizzaSingoloContattoController</label>
        <link refid="classcontroller_1_1_visualizza_singolo_contatto_controller"/>
        <childnode refid="2" relation="public-inheritance">
        </childnode>
      </node>
      <node id="2">
        <label>Initializable</label>
      </node>
    </inheritancegraph>
    <collaborationgraph>
      <node id="1">
        <label>controller.VisualizzaSingoloContattoController</label>
        <link refid="classcontroller_1_1_visualizza_singolo_contatto_controller"/>
        <childnode refid="2" relation="public-inheritance">
        </childnode>
      </node>
      <node id="2">
        <label>Initializable</label>
      </node>
    </collaborationgraph>
    <location file="VisualizzaSingoloContattoController.java" line="32" column="7" bodyfile="VisualizzaSingoloContattoController.java" bodystart="32" bodyend="177"/>
    <listofallmembers>
      <member refid="classcontroller_1_1_visualizza_singolo_contatto_controller_1a477855c47e8b7e94d49ca3b232dcabd4" prot="private" virt="non-virtual"><scope>controller::VisualizzaSingoloContattoController</scope><name>adressContent</name></member>
      <member refid="classcontroller_1_1_visualizza_singolo_contatto_controller_1ae14abf4e6e72cd7b7db721c107c7beec" prot="public" virt="non-virtual"><scope>controller::VisualizzaSingoloContattoController</scope><name>annulla</name></member>
      <member refid="classcontroller_1_1_visualizza_singolo_contatto_controller_1ab10a3ce03ca545e5ea100df9981236be" prot="private" virt="non-virtual"><scope>controller::VisualizzaSingoloContattoController</scope><name>birthdayContent</name></member>
      <member refid="classcontroller_1_1_visualizza_singolo_contatto_controller_1afeec993fa244e334e99519c1afbf878d" prot="private" virt="non-virtual"><scope>controller::VisualizzaSingoloContattoController</scope><name>companyContent</name></member>
      <member refid="classcontroller_1_1_visualizza_singolo_contatto_controller_1ac6d9dedf9059ac5833ec9b395003c080" prot="private" virt="non-virtual"><scope>controller::VisualizzaSingoloContattoController</scope><name>Contacts</name></member>
      <member refid="classcontroller_1_1_visualizza_singolo_contatto_controller_1a5f01933c760b6bf85555b3d9d63b3280" prot="private" virt="non-virtual"><scope>controller::VisualizzaSingoloContattoController</scope><name>deleteButton</name></member>
      <member refid="classcontroller_1_1_visualizza_singolo_contatto_controller_1acf0bf2e311a2d32915394dcc2d63d839" prot="public" virt="non-virtual"><scope>controller::VisualizzaSingoloContattoController</scope><name>displayModificaContatto</name></member>
      <member refid="classcontroller_1_1_visualizza_singolo_contatto_controller_1ad04ad5b25e98d179c8804e346c3c2f25" prot="public" virt="non-virtual"><scope>controller::VisualizzaSingoloContattoController</scope><name>eliminaContatto</name></member>
      <member refid="classcontroller_1_1_visualizza_singolo_contatto_controller_1a343a82e2a1d49e6012639c15e5ab7221" prot="private" virt="non-virtual"><scope>controller::VisualizzaSingoloContattoController</scope><name>emailContent1</name></member>
      <member refid="classcontroller_1_1_visualizza_singolo_contatto_controller_1a3a0e4a694656434c3d8958bc2ffcafa9" prot="private" virt="non-virtual"><scope>controller::VisualizzaSingoloContattoController</scope><name>emailContent2</name></member>
      <member refid="classcontroller_1_1_visualizza_singolo_contatto_controller_1a7a87c7f206bce290ff13f4cf03335a63" prot="private" virt="non-virtual"><scope>controller::VisualizzaSingoloContattoController</scope><name>emailContent3</name></member>
      <member refid="classcontroller_1_1_visualizza_singolo_contatto_controller_1a66ba9001730ac9c2a7990c7ad6a3c621" prot="public" virt="non-virtual"><scope>controller::VisualizzaSingoloContattoController</scope><name>initialize</name></member>
      <member refid="classcontroller_1_1_visualizza_singolo_contatto_controller_1a2bdd2f56a7ac8b77091b62affaecac40" prot="private" virt="non-virtual"><scope>controller::VisualizzaSingoloContattoController</scope><name>modifyButton</name></member>
      <member refid="classcontroller_1_1_visualizza_singolo_contatto_controller_1a89f9a2ad2fd02449d75a3de5ad400526" prot="private" virt="non-virtual"><scope>controller::VisualizzaSingoloContattoController</scope><name>nameContent</name></member>
      <member refid="classcontroller_1_1_visualizza_singolo_contatto_controller_1ad563e6d484881dafb1205d2540125e46" prot="private" virt="non-virtual"><scope>controller::VisualizzaSingoloContattoController</scope><name>numberContent1</name></member>
      <member refid="classcontroller_1_1_visualizza_singolo_contatto_controller_1aeff95496261646f8895d75d0c8ad357a" prot="private" virt="non-virtual"><scope>controller::VisualizzaSingoloContattoController</scope><name>numberContent2</name></member>
      <member refid="classcontroller_1_1_visualizza_singolo_contatto_controller_1ad306ca6f350c2d997fb19f1796c09bfc" prot="private" virt="non-virtual"><scope>controller::VisualizzaSingoloContattoController</scope><name>numberContent3</name></member>
      <member refid="classcontroller_1_1_visualizza_singolo_contatto_controller_1aafbfe009b2349ea58d0bafe2611e78f4" prot="private" virt="non-virtual"><scope>controller::VisualizzaSingoloContattoController</scope><name>returnButton</name></member>
      <member refid="classcontroller_1_1_visualizza_singolo_contatto_controller_1aae308fc9f630532ba8dd4bc661f0e10f" prot="private" virt="non-virtual"><scope>controller::VisualizzaSingoloContattoController</scope><name>surnameContent</name></member>
    </listofallmembers>
  </compounddef>
</doxygen>
