<?xml version='1.0' encoding='UTF-8' standalone='no'?>
<doxygen xmlns:xsi="http://www.w3.org/2001/XMLSchema-instance" xsi:noNamespaceSchemaLocation="compound.xsd" version="1.12.0" xml:lang="it">
  <compounddef id="classcontroller_1_1_main_interface_controller" kind="class" language="Java" prot="public">
    <compoundname>controller::MainInterfaceController</compoundname>
    <basecompoundref prot="public" virt="non-virtual">Initializable</basecompoundref>
    <sectiondef kind="private-attrib">
      <memberdef kind="variable" id="classcontroller_1_1_main_interface_controller_1a4c419388ea271274fa6d44e318a40e44" prot="private" static="no" mutable="no">
        <type><ref refid="classdata_1_1_rubrica" kindref="compound">Rubrica</ref></type>
        <definition>Rubrica controller.MainInterfaceController.contatti</definition>
        <argsstring></argsstring>
        <name>contatti</name>
        <qualifiedname>controller.MainInterfaceController.contatti</qualifiedname>
        <initializer>= new <ref refid="classdata_1_1_rubrica" kindref="compound">Rubrica</ref>()</initializer>
        <briefdescription>
<para>Istanza della rubrica che contiene i contatti. </para>
        </briefdescription>
        <detaileddescription>
        </detaileddescription>
        <inbodydescription>
        </inbodydescription>
        <location file="MainInterfaceController.java" line="42" column="21" bodyfile="MainInterfaceController.java" bodystart="42" bodyend="-1"/>
      </memberdef>
      <memberdef kind="variable" id="classcontroller_1_1_main_interface_controller_1a7396c2b19fd066c649920a74f50841c4" prot="private" static="no" mutable="no">
        <type>TextField</type>
        <definition>TextField controller.MainInterfaceController.researchField</definition>
        <argsstring></argsstring>
        <name>researchField</name>
        <qualifiedname>controller.MainInterfaceController.researchField</qualifiedname>
        <briefdescription>
<para>Campo di testo per la ricerca di contatti. </para>
        </briefdescription>
        <detaileddescription>
        </detaileddescription>
        <inbodydescription>
        </inbodydescription>
        <location file="MainInterfaceController.java" line="48" column="23" bodyfile="MainInterfaceController.java" bodystart="48" bodyend="-1"/>
      </memberdef>
      <memberdef kind="variable" id="classcontroller_1_1_main_interface_controller_1a46c83281c80eb12e918cda6fb9e33824" prot="private" static="no" mutable="no">
        <type>Button</type>
        <definition>Button controller.MainInterfaceController.addContact</definition>
        <argsstring></argsstring>
        <name>addContact</name>
        <qualifiedname>controller.MainInterfaceController.addContact</qualifiedname>
        <briefdescription>
<para>Pulsante per aggiungere un nuovo contatto. </para>
        </briefdescription>
        <detaileddescription>
        </detaileddescription>
        <inbodydescription>
        </inbodydescription>
        <location file="MainInterfaceController.java" line="54" column="20" bodyfile="MainInterfaceController.java" bodystart="54" bodyend="-1"/>
      </memberdef>
      <memberdef kind="variable" id="classcontroller_1_1_main_interface_controller_1ab2f9f6a4944b97788fcfc4e3d13b897c" prot="private" static="no" mutable="no">
        <type>Button</type>
        <definition>Button controller.MainInterfaceController.exportContact</definition>
        <argsstring></argsstring>
        <name>exportContact</name>
        <qualifiedname>controller.MainInterfaceController.exportContact</qualifiedname>
        <briefdescription>
<para>Pulsante per esportare i contatti. </para>
        </briefdescription>
        <detaileddescription>
        </detaileddescription>
        <inbodydescription>
        </inbodydescription>
        <location file="MainInterfaceController.java" line="60" column="20" bodyfile="MainInterfaceController.java" bodystart="60" bodyend="-1"/>
      </memberdef>
      <memberdef kind="variable" id="classcontroller_1_1_main_interface_controller_1a42253f0ebf2fa902d33030b2d7fa0008" prot="private" static="no" mutable="no">
        <type>Button</type>
        <definition>Button controller.MainInterfaceController.importContact</definition>
        <argsstring></argsstring>
        <name>importContact</name>
        <qualifiedname>controller.MainInterfaceController.importContact</qualifiedname>
        <briefdescription>
<para>Pulsante per importare i contatti. </para>
        </briefdescription>
        <detaileddescription>
        </detaileddescription>
        <inbodydescription>
        </inbodydescription>
        <location file="MainInterfaceController.java" line="66" column="20" bodyfile="MainInterfaceController.java" bodystart="66" bodyend="-1"/>
      </memberdef>
      <memberdef kind="variable" id="classcontroller_1_1_main_interface_controller_1aadddaad221dc2d13156acb68e50a8d8a" prot="private" static="no" mutable="no">
        <type>TableView&lt; <ref refid="classdata_1_1_contatto" kindref="compound">Contatto</ref> &gt;</type>
        <definition>TableView&lt;Contatto&gt; controller.MainInterfaceController.rubrica</definition>
        <argsstring></argsstring>
        <name>rubrica</name>
        <qualifiedname>controller.MainInterfaceController.rubrica</qualifiedname>
        <briefdescription>
<para>Tabella per visualizzare i contatti nella rubrica. </para>
        </briefdescription>
        <detaileddescription>
        </detaileddescription>
        <inbodydescription>
        </inbodydescription>
        <location file="MainInterfaceController.java" line="72" column="23" bodyfile="MainInterfaceController.java" bodystart="72" bodyend="-1"/>
      </memberdef>
      <memberdef kind="variable" id="classcontroller_1_1_main_interface_controller_1ac597cbef784ce59dd8786cf825526dff" prot="private" static="no" mutable="no">
        <type>TableColumn&lt; <ref refid="classdata_1_1_contatto" kindref="compound">Contatto</ref>, String &gt;</type>
        <definition>TableColumn&lt;Contatto, String&gt; controller.MainInterfaceController.nameClm</definition>
        <argsstring></argsstring>
        <name>nameClm</name>
        <qualifiedname>controller.MainInterfaceController.nameClm</qualifiedname>
        <briefdescription>
<para>Colonna della tabella per i nomi dei contatti. </para>
        </briefdescription>
        <detaileddescription>
        </detaileddescription>
        <inbodydescription>
        </inbodydescription>
        <location file="MainInterfaceController.java" line="78" column="25" bodyfile="MainInterfaceController.java" bodystart="78" bodyend="-1"/>
      </memberdef>
      <memberdef kind="variable" id="classcontroller_1_1_main_interface_controller_1ad811ff7ac7a9f6f312e3f659538d303f" prot="private" static="no" mutable="no">
        <type>TableColumn&lt; <ref refid="classdata_1_1_contatto" kindref="compound">Contatto</ref>, String &gt;</type>
        <definition>TableColumn&lt;Contatto, String&gt; controller.MainInterfaceController.surnameClm</definition>
        <argsstring></argsstring>
        <name>surnameClm</name>
        <qualifiedname>controller.MainInterfaceController.surnameClm</qualifiedname>
        <briefdescription>
<para>Colonna della tabella per i cognomi dei contatti. </para>
        </briefdescription>
        <detaileddescription>
        </detaileddescription>
        <inbodydescription>
        </inbodydescription>
        <location file="MainInterfaceController.java" line="84" column="25" bodyfile="MainInterfaceController.java" bodystart="84" bodyend="-1"/>
      </memberdef>
      <memberdef kind="variable" id="classcontroller_1_1_main_interface_controller_1a61076094e3a29c7e8f4e42b6f2baa46b" prot="private" static="no" mutable="no">
        <type>ObservableList&lt; <ref refid="classdata_1_1_contatto" kindref="compound">Contatto</ref> &gt;</type>
        <definition>ObservableList&lt;Contatto&gt; controller.MainInterfaceController.Contacts</definition>
        <argsstring></argsstring>
        <name>Contacts</name>
        <qualifiedname>controller.MainInterfaceController.Contacts</qualifiedname>
        <briefdescription>
<para>Lista osservabile dei contatti visualizzati nella tabella. </para>
        </briefdescription>
        <detaileddescription>
        </detaileddescription>
        <inbodydescription>
        </inbodydescription>
        <location file="MainInterfaceController.java" line="90" column="28" bodyfile="MainInterfaceController.java" bodystart="90" bodyend="-1"/>
      </memberdef>
    </sectiondef>
    <sectiondef kind="public-func">
      <memberdef kind="function" id="classcontroller_1_1_main_interface_controller_1ad1ffaf7c00240b70bfc4ba945f1fa163" prot="public" static="no" const="no" explicit="no" inline="yes" virt="non-virtual">
        <type>void</type>
        <definition>void controller.MainInterfaceController.initialize</definition>
        <argsstring>(URL url, ResourceBundle rb)</argsstring>
        <name>initialize</name>
        <qualifiedname>controller.MainInterfaceController.initialize</qualifiedname>
        <param>
          <type>URL</type>
          <declname>url</declname>
        </param>
        <param>
          <type>ResourceBundle</type>
          <declname>rb</declname>
        </param>
        <briefdescription>
<para>Inizializza il controller. </para>
        </briefdescription>
        <detaileddescription>
<para><parameterlist kind="param"><parameteritem>
<parameternamelist>
<parametername>url</parametername>
</parameternamelist>
<parameterdescription>
<para>URL per l&apos;inizializzazione del controller. </para>
</parameterdescription>
</parameteritem>
<parameteritem>
<parameternamelist>
<parametername>rb</parametername>
</parameternamelist>
<parameterdescription>
<para>ResourceBundle per la localizzazione.</para>
</parameterdescription>
</parameteritem>
</parameterlist>
Questo metodo viene chiamato automaticamente per inizializzare i componenti FXML al caricamento della scena. </para>
        </detaileddescription>
        <inbodydescription>
        </inbodydescription>
        <location file="MainInterfaceController.java" line="101" column="17" bodyfile="MainInterfaceController.java" bodystart="101" bodyend="103"/>
      </memberdef>
      <memberdef kind="function" id="classcontroller_1_1_main_interface_controller_1ab264bb4dad1f03d85e558dcd089c1b5d" prot="public" static="no" const="no" explicit="no" inline="yes" virt="non-virtual">
        <type>void</type>
        <definition>void controller.MainInterfaceController.esportaContatto</definition>
        <argsstring>(ActionEvent event)</argsstring>
        <name>esportaContatto</name>
        <qualifiedname>controller.MainInterfaceController.esportaContatto</qualifiedname>
        <param>
          <type>ActionEvent</type>
          <declname>event</declname>
        </param>
        <briefdescription>
<para>Esporta i contatti della rubrica. </para>
        </briefdescription>
        <detaileddescription>
<para><parameterlist kind="param"><parameteritem>
<parameternamelist>
<parametername>event</parametername>
</parameternamelist>
<parameterdescription>
<para>L&apos;evento che ha scatenato l&apos;azione(Il tasto &quot;esporta&quot;). </para>
</parameterdescription>
</parameteritem>
</parameterlist>
<simplesect kind="pre"><para>Deve esserci almeno un contatto nella rubrica </para>
</simplesect>
<simplesect kind="post"><para>Viene generato un file esterno con i contatti esportati. Metodo che gestisce l&apos;esportazione dei contatti in un file esterno. </para>
</simplesect>
<simplesect kind="see"><para><ref refid="classcontroller_1_1_main_interface_controller_1ab264bb4dad1f03d85e558dcd089c1b5d" kindref="member">esportaContatto()</ref>. </para>
</simplesect>
</para>
        </detaileddescription>
        <inbodydescription>
        </inbodydescription>
        <location file="MainInterfaceController.java" line="114" column="13" bodyfile="MainInterfaceController.java" bodystart="114" bodyend="116"/>
      </memberdef>
      <memberdef kind="function" id="classcontroller_1_1_main_interface_controller_1a8637c02a2269d46baef22454bd60f678" prot="public" static="no" const="no" explicit="no" inline="yes" virt="non-virtual">
        <type>void</type>
        <definition>void controller.MainInterfaceController.importaContatto</definition>
        <argsstring>(ActionEvent event)</argsstring>
        <name>importaContatto</name>
        <qualifiedname>controller.MainInterfaceController.importaContatto</qualifiedname>
        <param>
          <type>ActionEvent</type>
          <declname>event</declname>
        </param>
        <briefdescription>
<para>Importa i contatti da un file esterno. </para>
        </briefdescription>
        <detaileddescription>
<para><parameterlist kind="param"><parameteritem>
<parameternamelist>
<parametername>event</parametername>
</parameternamelist>
<parameterdescription>
<para>L&apos;evento che ha scatenato l&apos;azione.(Il tasto &quot;importa&quot;) </para>
</parameterdescription>
</parameteritem>
</parameterlist>
<simplesect kind="pre"><para>L&apos;utente ha un fle, supportato dall&apos;app, contenente i contatti. </para>
</simplesect>
<simplesect kind="post"><para>I contatti vengono importati correttamente e la rubrica viene aggiornata. Metodo che gestisce l&apos;importazione di contatti da un file esterno. </para>
</simplesect>
<simplesect kind="see"><para><ref refid="classcontroller_1_1_main_interface_controller_1a8637c02a2269d46baef22454bd60f678" kindref="member">importaContatto()</ref> </para>
</simplesect>
</para>
        </detaileddescription>
        <inbodydescription>
        </inbodydescription>
        <location file="MainInterfaceController.java" line="127" column="13" bodyfile="MainInterfaceController.java" bodystart="127" bodyend="129"/>
      </memberdef>
      <memberdef kind="function" id="classcontroller_1_1_main_interface_controller_1aaa197fd31a4fc68b4ea0ee0ef3ec5bf5" prot="public" static="no" const="no" explicit="no" inline="yes" virt="non-virtual">
        <type>void</type>
        <definition>void controller.MainInterfaceController.displayAggiungiContatto</definition>
        <argsstring>(ActionEvent event)</argsstring>
        <name>displayAggiungiContatto</name>
        <qualifiedname>controller.MainInterfaceController.displayAggiungiContatto</qualifiedname>
        <param>
          <type>ActionEvent</type>
          <declname>event</declname>
        </param>
        <briefdescription>
<para>Apre la finestra per aggiungere un nuovo contatto. </para>
        </briefdescription>
        <detaileddescription>
<para><parameterlist kind="param"><parameteritem>
<parameternamelist>
<parametername>event</parametername>
</parameternamelist>
<parameterdescription>
<para>L&apos;evento che ha scatenato l&apos;azione(Il tasto &quot;+&quot;). </para>
</parameterdescription>
</parameteritem>
</parameterlist>
<simplesect kind="pre"><para>L&apos;utente ha selezionato &quot;+&quot; per aggiungere il contatto. </para>
</simplesect>
<simplesect kind="post"><para>Si apre l&apos;interfaccia &quot;AggiuntaContattoController.fxml&quot; Metodo che cambia la scena per permettere l&apos;aggiunta di un nuovo contatto. Il parametro <computeroutput>event</computeroutput> può essere usato per gestire dinamicamente la transizione. </para>
</simplesect>
</para>
        </detaileddescription>
        <inbodydescription>
        </inbodydescription>
        <location file="MainInterfaceController.java" line="140" column="13" bodyfile="MainInterfaceController.java" bodystart="140" bodyend="142"/>
      </memberdef>
      <memberdef kind="function" id="classcontroller_1_1_main_interface_controller_1a3624cd01696e6cf4b33f193c7259f7fb" prot="public" static="no" const="no" explicit="no" inline="yes" virt="non-virtual">
        <type>void</type>
        <definition>void controller.MainInterfaceController.displayVisualizzaSingoloContatto</definition>
        <argsstring>(ActionEvent event)</argsstring>
        <name>displayVisualizzaSingoloContatto</name>
        <qualifiedname>controller.MainInterfaceController.displayVisualizzaSingoloContatto</qualifiedname>
        <param>
          <type>ActionEvent</type>
          <declname>event</declname>
        </param>
        <briefdescription>
<para>Apre la finestra per visualizzare un contatto selezionato. </para>
        </briefdescription>
        <detaileddescription>
<para><parameterlist kind="param"><parameteritem>
<parameternamelist>
<parametername>event</parametername>
</parameternamelist>
<parameterdescription>
<para>L&apos;evento che ha scatenato l&apos;azione. </para>
</parameterdescription>
</parameteritem>
</parameterlist>
<simplesect kind="pre"><para>L&apos;utente ha selezionato un contatto nella rubrica. </para>
</simplesect>
<simplesect kind="post"><para>Si apre l&apos;interfaccia &quot;VisualizzaSingoloContatto.fxml&quot; Metodo che cambia la scena per visualizzare i dettagli di un contatto. Può essere utilizzato per navigare verso una vista dettagliata. </para>
</simplesect>
</para>
        </detaileddescription>
        <inbodydescription>
        </inbodydescription>
        <location file="MainInterfaceController.java" line="153" column="13" bodyfile="MainInterfaceController.java" bodystart="153" bodyend="155"/>
      </memberdef>
      <memberdef kind="function" id="classcontroller_1_1_main_interface_controller_1a2e896a615959245327f979dafa9b1db2" prot="public" static="no" const="no" explicit="no" inline="yes" virt="non-virtual">
        <type>void</type>
        <definition>void controller.MainInterfaceController.ricercaContatto</definition>
        <argsstring>(ActionEvent event)</argsstring>
        <name>ricercaContatto</name>
        <qualifiedname>controller.MainInterfaceController.ricercaContatto</qualifiedname>
        <param>
          <type>ActionEvent</type>
          <declname>event</declname>
        </param>
        <briefdescription>
<para>Effettua una ricerca di contatti nella rubrica. </para>
        </briefdescription>
        <detaileddescription>
<para><parameterlist kind="param"><parameteritem>
<parameternamelist>
<parametername>event</parametername>
</parameternamelist>
<parameterdescription>
<para>L&apos;evento che ha scatenato l&apos;azione(Utente scrive nella barra di ricerca). </para>
</parameterdescription>
</parameteritem>
</parameterlist>
<simplesect kind="pre"><para>L&apos;utente clicca sulla barra di ricerca </para>
</simplesect>
<simplesect kind="post"><para>L&apos;app mostra i contatti che corrispondono ai criteri di ricerca Metodo che filtra i contatti visualizzati nella tabella in base al testo inserito nel campo di ricerca. </para>
</simplesect>
<simplesect kind="see"><para>ricercaContatto(String s) </para>
</simplesect>
</para>
        </detaileddescription>
        <inbodydescription>
        </inbodydescription>
        <location file="MainInterfaceController.java" line="167" column="13" bodyfile="MainInterfaceController.java" bodystart="167" bodyend="169"/>
      </memberdef>
    </sectiondef>
    <briefdescription>
<para>Controller per l&apos;interfaccia principale della rubrica. </para>
    </briefdescription>
    <detaileddescription>
<para>Questa classe fornisce i metodi per interagire con la rubrica tramite l&apos;interfaccia grafica (JavaFX). </para>
    </detaileddescription>
    <inheritancegraph>
      <node id="1">
        <label>controller.MainInterfaceController</label>
        <link refid="classcontroller_1_1_main_interface_controller"/>
        <childnode refid="2" relation="public-inheritance">
        </childnode>
      </node>
      <node id="2">
        <label>Initializable</label>
      </node>
    </inheritancegraph>
    <collaborationgraph>
      <node id="1">
        <label>controller.MainInterfaceController</label>
        <link refid="classcontroller_1_1_main_interface_controller"/>
        <childnode refid="2" relation="public-inheritance">
        </childnode>
      </node>
      <node id="2">
        <label>Initializable</label>
      </node>
    </collaborationgraph>
    <location file="MainInterfaceController.java" line="37" column="7" bodyfile="MainInterfaceController.java" bodystart="37" bodyend="170"/>
    <listofallmembers>
      <member refid="classcontroller_1_1_main_interface_controller_1a46c83281c80eb12e918cda6fb9e33824" prot="private" virt="non-virtual"><scope>controller::MainInterfaceController</scope><name>addContact</name></member>
      <member refid="classcontroller_1_1_main_interface_controller_1a61076094e3a29c7e8f4e42b6f2baa46b" prot="private" virt="non-virtual"><scope>controller::MainInterfaceController</scope><name>Contacts</name></member>
      <member refid="classcontroller_1_1_main_interface_controller_1a4c419388ea271274fa6d44e318a40e44" prot="private" virt="non-virtual"><scope>controller::MainInterfaceController</scope><name>contatti</name></member>
      <member refid="classcontroller_1_1_main_interface_controller_1aaa197fd31a4fc68b4ea0ee0ef3ec5bf5" prot="public" virt="non-virtual"><scope>controller::MainInterfaceController</scope><name>displayAggiungiContatto</name></member>
      <member refid="classcontroller_1_1_main_interface_controller_1a3624cd01696e6cf4b33f193c7259f7fb" prot="public" virt="non-virtual"><scope>controller::MainInterfaceController</scope><name>displayVisualizzaSingoloContatto</name></member>
      <member refid="classcontroller_1_1_main_interface_controller_1ab264bb4dad1f03d85e558dcd089c1b5d" prot="public" virt="non-virtual"><scope>controller::MainInterfaceController</scope><name>esportaContatto</name></member>
      <member refid="classcontroller_1_1_main_interface_controller_1ab2f9f6a4944b97788fcfc4e3d13b897c" prot="private" virt="non-virtual"><scope>controller::MainInterfaceController</scope><name>exportContact</name></member>
      <member refid="classcontroller_1_1_main_interface_controller_1a8637c02a2269d46baef22454bd60f678" prot="public" virt="non-virtual"><scope>controller::MainInterfaceController</scope><name>importaContatto</name></member>
      <member refid="classcontroller_1_1_main_interface_controller_1a42253f0ebf2fa902d33030b2d7fa0008" prot="private" virt="non-virtual"><scope>controller::MainInterfaceController</scope><name>importContact</name></member>
      <member refid="classcontroller_1_1_main_interface_controller_1ad1ffaf7c00240b70bfc4ba945f1fa163" prot="public" virt="non-virtual"><scope>controller::MainInterfaceController</scope><name>initialize</name></member>
      <member refid="classcontroller_1_1_main_interface_controller_1ac597cbef784ce59dd8786cf825526dff" prot="private" virt="non-virtual"><scope>controller::MainInterfaceController</scope><name>nameClm</name></member>
      <member refid="classcontroller_1_1_main_interface_controller_1a7396c2b19fd066c649920a74f50841c4" prot="private" virt="non-virtual"><scope>controller::MainInterfaceController</scope><name>researchField</name></member>
      <member refid="classcontroller_1_1_main_interface_controller_1a2e896a615959245327f979dafa9b1db2" prot="public" virt="non-virtual"><scope>controller::MainInterfaceController</scope><name>ricercaContatto</name></member>
      <member refid="classcontroller_1_1_main_interface_controller_1aadddaad221dc2d13156acb68e50a8d8a" prot="private" virt="non-virtual"><scope>controller::MainInterfaceController</scope><name>rubrica</name></member>
      <member refid="classcontroller_1_1_main_interface_controller_1ad811ff7ac7a9f6f312e3f659538d303f" prot="private" virt="non-virtual"><scope>controller::MainInterfaceController</scope><name>surnameClm</name></member>
    </listofallmembers>
  </compounddef>
</doxygen>
