<?xml version='1.0' encoding='UTF-8' standalone='no'?>
<doxygen xmlns:xsi="http://www.w3.org/2001/XMLSchema-instance" xsi:noNamespaceSchemaLocation="compound.xsd" version="1.12.0" xml:lang="it">
  <compounddef id="classannullaoperazione_1_1_annulla_operazione" kind="class" language="Java" prot="public">
    <compoundname>annullaoperazione::AnnullaOperazione</compoundname>
    <sectiondef kind="private-attrib">
      <memberdef kind="variable" id="classannullaoperazione_1_1_annulla_operazione_1afd7f14fe1247158ef47aae96198b5212" prot="private" static="no" mutable="no">
        <type>List&lt; <ref refid="classdata_1_1_contatto" kindref="compound">Contatto</ref> &gt;</type>
        <definition>List&lt;Contatto&gt; annullaoperazione.AnnullaOperazione.statiPrecedenti</definition>
        <argsstring></argsstring>
        <name>statiPrecedenti</name>
        <qualifiedname>annullaoperazione.AnnullaOperazione.statiPrecedenti</qualifiedname>
        <briefdescription>
<para>Lista che contiene gli stati precedenti dei contatti. </para>
        </briefdescription>
        <detaileddescription>
        </detaileddescription>
        <inbodydescription>
        </inbodydescription>
        <location file="AnnullaOperazione.java" line="27" column="18" bodyfile="AnnullaOperazione.java" bodystart="27" bodyend="-1"/>
      </memberdef>
    </sectiondef>
    <sectiondef kind="public-func">
      <memberdef kind="function" id="classannullaoperazione_1_1_annulla_operazione_1ade1529fe9abf4edff4c941b393f24ee1" prot="public" static="no" const="no" explicit="no" inline="yes" virt="non-virtual">
        <type></type>
        <definition>annullaoperazione.AnnullaOperazione.AnnullaOperazione</definition>
        <argsstring>()</argsstring>
        <name>AnnullaOperazione</name>
        <qualifiedname>annullaoperazione.AnnullaOperazione.AnnullaOperazione</qualifiedname>
        <briefdescription>
<para>Costruttore di default. </para>
        </briefdescription>
        <detaileddescription>
<para>Inizializza la lista degli stati precedenti come una nuova lista vuota. </para>
        </detaileddescription>
        <inbodydescription>
        </inbodydescription>
        <location file="AnnullaOperazione.java" line="34" column="12" bodyfile="AnnullaOperazione.java" bodystart="34" bodyend="36"/>
      </memberdef>
      <memberdef kind="function" id="classannullaoperazione_1_1_annulla_operazione_1ad0af26ad0c559a56b7ecf22cd5126724" prot="public" static="no" const="no" explicit="no" inline="yes" virt="non-virtual">
        <type>void</type>
        <definition>void annullaoperazione.AnnullaOperazione.salvaStato</definition>
        <argsstring>(List&lt; Contatto &gt; statoCorrente)</argsstring>
        <name>salvaStato</name>
        <qualifiedname>annullaoperazione.AnnullaOperazione.salvaStato</qualifiedname>
        <param>
          <type>List&lt; <ref refid="classdata_1_1_contatto" kindref="compound">Contatto</ref> &gt;</type>
          <declname>statoCorrente</declname>
        </param>
        <briefdescription>
<para>Salva lo stato corrente dei contatti. </para>
        </briefdescription>
        <detaileddescription>
<para><parameterlist kind="param"><parameteritem>
<parameternamelist>
<parametername>statoCorrente</parametername>
</parameternamelist>
<parameterdescription>
<para>La lista dei contatti rappresentante lo stato attuale.</para>
</parameterdescription>
</parameteritem>
</parameterlist>
Questo metodo consente di memorizzare lo stato corrente dei contatti nella lista degli stati precedenti. </para>
        </detaileddescription>
        <inbodydescription>
        </inbodydescription>
        <location file="AnnullaOperazione.java" line="45" column="17" bodyfile="AnnullaOperazione.java" bodystart="45" bodyend="47"/>
      </memberdef>
      <memberdef kind="function" id="classannullaoperazione_1_1_annulla_operazione_1a99386be72c44362311bd11defe6e6d86" prot="public" static="no" const="no" explicit="no" inline="yes" virt="non-virtual">
        <type>List&lt; <ref refid="classdata_1_1_contatto" kindref="compound">Contatto</ref> &gt;</type>
        <definition>List&lt; Contatto &gt; annullaoperazione.AnnullaOperazione.annulla</definition>
        <argsstring>()</argsstring>
        <name>annulla</name>
        <qualifiedname>annullaoperazione.AnnullaOperazione.annulla</qualifiedname>
        <briefdescription>
<para>Ripristina uno stato precedente dei contatti. </para>
        </briefdescription>
        <detaileddescription>
<para><simplesect kind="return"><para>Una lista dei contatti che rappresenta lo stato precedente.</para>
</simplesect>
Questo metodo restituisce l&apos;ultimo stato salvato dei contatti, permettendo di annullare l&apos;operazione corrente. </para>
        </detaileddescription>
        <inbodydescription>
        </inbodydescription>
        <location file="AnnullaOperazione.java" line="56" column="17" bodyfile="AnnullaOperazione.java" bodystart="56" bodyend="58"/>
      </memberdef>
    </sectiondef>
    <briefdescription>
<para>Classe per gestire gli stati precedenti dei contatti. </para>
    </briefdescription>
    <detaileddescription>
<para>Questa classe permette di salvare lo stato corrente dei contatti e di ripristinare uno stato precedente in caso di annullamento. </para>
    </detaileddescription>
    <location file="AnnullaOperazione.java" line="23" column="7" bodyfile="AnnullaOperazione.java" bodystart="23" bodyend="59"/>
    <listofallmembers>
      <member refid="classannullaoperazione_1_1_annulla_operazione_1a99386be72c44362311bd11defe6e6d86" prot="public" virt="non-virtual"><scope>annullaoperazione::AnnullaOperazione</scope><name>annulla</name></member>
      <member refid="classannullaoperazione_1_1_annulla_operazione_1ade1529fe9abf4edff4c941b393f24ee1" prot="public" virt="non-virtual"><scope>annullaoperazione::AnnullaOperazione</scope><name>AnnullaOperazione</name></member>
      <member refid="classannullaoperazione_1_1_annulla_operazione_1ad0af26ad0c559a56b7ecf22cd5126724" prot="public" virt="non-virtual"><scope>annullaoperazione::AnnullaOperazione</scope><name>salvaStato</name></member>
      <member refid="classannullaoperazione_1_1_annulla_operazione_1afd7f14fe1247158ef47aae96198b5212" prot="private" virt="non-virtual"><scope>annullaoperazione::AnnullaOperazione</scope><name>statiPrecedenti</name></member>
    </listofallmembers>
  </compounddef>
</doxygen>
