<?xml version='1.0' encoding='UTF-8' standalone='no'?>
<doxygen xmlns:xsi="http://www.w3.org/2001/XMLSchema-instance" xsi:noNamespaceSchemaLocation="compound.xsd" version="1.12.0" xml:lang="it">
  <compounddef id="classmain_1_1_applicazione" kind="class" language="Java" prot="public">
    <compoundname>main::Applicazione</compoundname>
    <basecompoundref prot="public" virt="non-virtual">Application</basecompoundref>
    <sectiondef kind="public-func">
      <memberdef kind="function" id="classmain_1_1_applicazione_1acbd882b5bb221764799d6d08e9e844f1" prot="public" static="no" const="no" explicit="no" inline="yes" virt="non-virtual">
        <type>void</type>
        <definition>void main.Applicazione.start</definition>
        <argsstring>(Stage stage)</argsstring>
        <name>start</name>
        <qualifiedname>main.Applicazione.start</qualifiedname>
        <param>
          <type>Stage</type>
          <declname>stage</declname>
        </param>
        <exceptions> throws Exception </exceptions>
        <briefdescription>
<para>Metodo principale per inizializzare l&apos;interfaccia grafica. </para>
        </briefdescription>
        <detaileddescription>
<para><parameterlist kind="param"><parameteritem>
<parameternamelist>
<parametername>stage</parametername>
</parameternamelist>
<parameterdescription>
<para>Il palco principale dell&apos;applicazione. </para>
</parameterdescription>
</parameteritem>
</parameterlist>
<parameterlist kind="exception"><parameteritem>
<parameternamelist>
<parametername>Exception</parametername>
</parameternamelist>
<parameterdescription>
<para>Se si verifica un errore durante il caricamento della scena.</para>
</parameterdescription>
</parameteritem>
</parameterlist>
Questo metodo carica il file FXML e lo assegna a una scena da mostrare nel palco principale. </para>
        </detaileddescription>
        <inbodydescription>
        </inbodydescription>
        <location file="Applicazione.java" line="41" column="17" bodyfile="Applicazione.java" bodystart="41" bodyend="48"/>
      </memberdef>
    </sectiondef>
    <sectiondef kind="public-static-func">
      <memberdef kind="function" id="classmain_1_1_applicazione_1a5904d3d74773c46a2d92cb8c87c4bab1" prot="public" static="yes" const="no" explicit="no" inline="yes" virt="non-virtual">
        <type>void</type>
        <definition>static void main.Applicazione.main</definition>
        <argsstring>(String[] args)</argsstring>
        <name>main</name>
        <qualifiedname>main.Applicazione.main</qualifiedname>
        <param>
          <type>String[]</type>
          <declname>args</declname>
        </param>
        <briefdescription>
<para>Metodo principale per avviare l&apos;applicazione. </para>
        </briefdescription>
        <detaileddescription>
<para><parameterlist kind="param"><parameteritem>
<parameternamelist>
<parametername>args</parametername>
</parameternamelist>
<parameterdescription>
<para>Gli argomenti della riga di comando.</para>
</parameterdescription>
</parameteritem>
</parameterlist>
Questo metodo chiama <computeroutput>launch</computeroutput>, che avvia il ciclo di vita dell&apos;applicazione JavaFX. </para>
        </detaileddescription>
        <inbodydescription>
        </inbodydescription>
        <location file="Applicazione.java" line="56" column="24" bodyfile="Applicazione.java" bodystart="56" bodyend="58"/>
      </memberdef>
    </sectiondef>
    <briefdescription>
<para>Classe per avviare l&apos;applicazione JavaFX. </para>
    </briefdescription>
    <detaileddescription>
<para>Questa classe inizializza e mostra la finestra principale dell&apos;applicazione utilizzando il file <computeroutput>MainInterface.fxml</computeroutput>. </para>
    </detaileddescription>
    <inheritancegraph>
      <node id="2">
        <label>Application</label>
      </node>
      <node id="1">
        <label>main.Applicazione</label>
        <link refid="classmain_1_1_applicazione"/>
        <childnode refid="2" relation="public-inheritance">
        </childnode>
      </node>
    </inheritancegraph>
    <collaborationgraph>
      <node id="2">
        <label>Application</label>
      </node>
      <node id="1">
        <label>main.Applicazione</label>
        <link refid="classmain_1_1_applicazione"/>
        <childnode refid="2" relation="public-inheritance">
        </childnode>
      </node>
    </collaborationgraph>
    <location file="Applicazione.java" line="30" column="7" bodyfile="Applicazione.java" bodystart="30" bodyend="59"/>
    <listofallmembers>
      <member refid="classmain_1_1_applicazione_1a5904d3d74773c46a2d92cb8c87c4bab1" prot="public" virt="non-virtual"><scope>main::Applicazione</scope><name>main</name></member>
      <member refid="classmain_1_1_applicazione_1acbd882b5bb221764799d6d08e9e844f1" prot="public" virt="non-virtual"><scope>main::Applicazione</scope><name>start</name></member>
    </listofallmembers>
  </compounddef>
</doxygen>
