<?xml version='1.0' encoding='UTF-8' standalone='no'?>
<doxygen xmlns:xsi="http://www.w3.org/2001/XMLSchema-instance" xsi:noNamespaceSchemaLocation="compound.xsd" version="1.12.0" xml:lang="it">
  <compounddef id="classcontroller_1_1_modifica_contatto_controller" kind="class" language="Java" prot="public">
    <compoundname>controller::ModificaContattoController</compoundname>
    <basecompoundref prot="public" virt="non-virtual">Initializable</basecompoundref>
    <sectiondef kind="private-attrib">
      <memberdef kind="variable" id="classcontroller_1_1_modifica_contatto_controller_1a5c0b18e20f677846af8fedc9c89bc612" prot="private" static="no" mutable="no">
        <type>TextField</type>
        <definition>TextField controller.ModificaContattoController.nameField</definition>
        <argsstring></argsstring>
        <name>nameField</name>
        <qualifiedname>controller.ModificaContattoController.nameField</qualifiedname>
        <briefdescription>
<para>Campo per modificare il nome del contatto. </para>
        </briefdescription>
        <detaileddescription>
        </detaileddescription>
        <inbodydescription>
        </inbodydescription>
        <location file="ModificaContattoController.java" line="40" column="23" bodyfile="ModificaContattoController.java" bodystart="40" bodyend="-1"/>
      </memberdef>
      <memberdef kind="variable" id="classcontroller_1_1_modifica_contatto_controller_1aa64f2866b5e1ef51ba0a24eec1d6744e" prot="private" static="no" mutable="no">
        <type>TextField</type>
        <definition>TextField controller.ModificaContattoController.surnameField</definition>
        <argsstring></argsstring>
        <name>surnameField</name>
        <qualifiedname>controller.ModificaContattoController.surnameField</qualifiedname>
        <briefdescription>
<para>Campo per modificare il cognome del contatto. </para>
        </briefdescription>
        <detaileddescription>
        </detaileddescription>
        <inbodydescription>
        </inbodydescription>
        <location file="ModificaContattoController.java" line="46" column="23" bodyfile="ModificaContattoController.java" bodystart="46" bodyend="-1"/>
      </memberdef>
      <memberdef kind="variable" id="classcontroller_1_1_modifica_contatto_controller_1a36526cc18b522cae9641c598257b3315" prot="private" static="no" mutable="no">
        <type>DatePicker</type>
        <definition>DatePicker controller.ModificaContattoController.birthdayField</definition>
        <argsstring></argsstring>
        <name>birthdayField</name>
        <qualifiedname>controller.ModificaContattoController.birthdayField</qualifiedname>
        <briefdescription>
<para>Campo per modificare la data di nascita del contatto. </para>
        </briefdescription>
        <detaileddescription>
        </detaileddescription>
        <inbodydescription>
        </inbodydescription>
        <location file="ModificaContattoController.java" line="52" column="24" bodyfile="ModificaContattoController.java" bodystart="52" bodyend="-1"/>
      </memberdef>
      <memberdef kind="variable" id="classcontroller_1_1_modifica_contatto_controller_1a8aa2b256152c4a149c614e685968357a" prot="private" static="no" mutable="no">
        <type>TextField</type>
        <definition>TextField controller.ModificaContattoController.companyField</definition>
        <argsstring></argsstring>
        <name>companyField</name>
        <qualifiedname>controller.ModificaContattoController.companyField</qualifiedname>
        <briefdescription>
<para>Campo per modificare l&apos;azienda del contatto. </para>
        </briefdescription>
        <detaileddescription>
        </detaileddescription>
        <inbodydescription>
        </inbodydescription>
        <location file="ModificaContattoController.java" line="58" column="23" bodyfile="ModificaContattoController.java" bodystart="58" bodyend="-1"/>
      </memberdef>
      <memberdef kind="variable" id="classcontroller_1_1_modifica_contatto_controller_1a63e25ddea794f0496f2ed90c986668d6" prot="private" static="no" mutable="no">
        <type>TextField</type>
        <definition>TextField controller.ModificaContattoController.numberField1</definition>
        <argsstring></argsstring>
        <name>numberField1</name>
        <qualifiedname>controller.ModificaContattoController.numberField1</qualifiedname>
        <briefdescription>
<para>Campo per modificare il primo numero di telefono. </para>
        </briefdescription>
        <detaileddescription>
        </detaileddescription>
        <inbodydescription>
        </inbodydescription>
        <location file="ModificaContattoController.java" line="64" column="23" bodyfile="ModificaContattoController.java" bodystart="64" bodyend="-1"/>
      </memberdef>
      <memberdef kind="variable" id="classcontroller_1_1_modifica_contatto_controller_1a14a20ed9fb12c06c41bd468e743f014b" prot="private" static="no" mutable="no">
        <type>TextField</type>
        <definition>TextField controller.ModificaContattoController.numberField2</definition>
        <argsstring></argsstring>
        <name>numberField2</name>
        <qualifiedname>controller.ModificaContattoController.numberField2</qualifiedname>
        <briefdescription>
<para>Campo per modificare il secondo numero di telefono. </para>
        </briefdescription>
        <detaileddescription>
        </detaileddescription>
        <inbodydescription>
        </inbodydescription>
        <location file="ModificaContattoController.java" line="70" column="23" bodyfile="ModificaContattoController.java" bodystart="70" bodyend="-1"/>
      </memberdef>
      <memberdef kind="variable" id="classcontroller_1_1_modifica_contatto_controller_1a2ee91533f0e11a907504cd954e7feec2" prot="private" static="no" mutable="no">
        <type>TextField</type>
        <definition>TextField controller.ModificaContattoController.numberField3</definition>
        <argsstring></argsstring>
        <name>numberField3</name>
        <qualifiedname>controller.ModificaContattoController.numberField3</qualifiedname>
        <briefdescription>
<para>Campo per modificare il terzo numero di telefono. </para>
        </briefdescription>
        <detaileddescription>
        </detaileddescription>
        <inbodydescription>
        </inbodydescription>
        <location file="ModificaContattoController.java" line="76" column="23" bodyfile="ModificaContattoController.java" bodystart="76" bodyend="-1"/>
      </memberdef>
      <memberdef kind="variable" id="classcontroller_1_1_modifica_contatto_controller_1a88522a4056ad8f954339e52c4637a64e" prot="private" static="no" mutable="no">
        <type>TextField</type>
        <definition>TextField controller.ModificaContattoController.emailField1</definition>
        <argsstring></argsstring>
        <name>emailField1</name>
        <qualifiedname>controller.ModificaContattoController.emailField1</qualifiedname>
        <briefdescription>
<para>Campo per modificare la prima email del contatto. </para>
        </briefdescription>
        <detaileddescription>
        </detaileddescription>
        <inbodydescription>
        </inbodydescription>
        <location file="ModificaContattoController.java" line="82" column="23" bodyfile="ModificaContattoController.java" bodystart="82" bodyend="-1"/>
      </memberdef>
      <memberdef kind="variable" id="classcontroller_1_1_modifica_contatto_controller_1ae170955f3e2b8df753ef8973d2c12686" prot="private" static="no" mutable="no">
        <type>TextField</type>
        <definition>TextField controller.ModificaContattoController.emailField2</definition>
        <argsstring></argsstring>
        <name>emailField2</name>
        <qualifiedname>controller.ModificaContattoController.emailField2</qualifiedname>
        <briefdescription>
<para>Campo per modificare la seconda email del contatto. </para>
        </briefdescription>
        <detaileddescription>
        </detaileddescription>
        <inbodydescription>
        </inbodydescription>
        <location file="ModificaContattoController.java" line="88" column="23" bodyfile="ModificaContattoController.java" bodystart="88" bodyend="-1"/>
      </memberdef>
      <memberdef kind="variable" id="classcontroller_1_1_modifica_contatto_controller_1a84f871e2fcec74fd7b286c9b4c31e5e7" prot="private" static="no" mutable="no">
        <type>TextField</type>
        <definition>TextField controller.ModificaContattoController.emailField3</definition>
        <argsstring></argsstring>
        <name>emailField3</name>
        <qualifiedname>controller.ModificaContattoController.emailField3</qualifiedname>
        <briefdescription>
<para>Campo per modificare la terza email del contatto. </para>
        </briefdescription>
        <detaileddescription>
        </detaileddescription>
        <inbodydescription>
        </inbodydescription>
        <location file="ModificaContattoController.java" line="94" column="23" bodyfile="ModificaContattoController.java" bodystart="94" bodyend="-1"/>
      </memberdef>
      <memberdef kind="variable" id="classcontroller_1_1_modifica_contatto_controller_1a1a67ec53eeede55c7f1051dce51315ff" prot="private" static="no" mutable="no">
        <type>TextField</type>
        <definition>TextField controller.ModificaContattoController.adressField</definition>
        <argsstring></argsstring>
        <name>adressField</name>
        <qualifiedname>controller.ModificaContattoController.adressField</qualifiedname>
        <briefdescription>
<para>Campo per modificare l&apos;indirizzo del contatto. </para>
        </briefdescription>
        <detaileddescription>
        </detaileddescription>
        <inbodydescription>
        </inbodydescription>
        <location file="ModificaContattoController.java" line="100" column="23" bodyfile="ModificaContattoController.java" bodystart="100" bodyend="-1"/>
      </memberdef>
      <memberdef kind="variable" id="classcontroller_1_1_modifica_contatto_controller_1a590182fe678e65bfd0fee3d10c2a10b1" prot="private" static="no" mutable="no">
        <type>Button</type>
        <definition>Button controller.ModificaContattoController.saveButton</definition>
        <argsstring></argsstring>
        <name>saveButton</name>
        <qualifiedname>controller.ModificaContattoController.saveButton</qualifiedname>
        <briefdescription>
<para>Pulsante per salvare le modifiche apportate al contatto. </para>
        </briefdescription>
        <detaileddescription>
        </detaileddescription>
        <inbodydescription>
        </inbodydescription>
        <location file="ModificaContattoController.java" line="106" column="20" bodyfile="ModificaContattoController.java" bodystart="106" bodyend="-1"/>
      </memberdef>
      <memberdef kind="variable" id="classcontroller_1_1_modifica_contatto_controller_1a67df23d17510acbbb0df6027060fa368" prot="private" static="no" mutable="no">
        <type>Button</type>
        <definition>Button controller.ModificaContattoController.delButton</definition>
        <argsstring></argsstring>
        <name>delButton</name>
        <qualifiedname>controller.ModificaContattoController.delButton</qualifiedname>
        <briefdescription>
<para>Pulsante per annullare la modifica di un contatto. </para>
        </briefdescription>
        <detaileddescription>
        </detaileddescription>
        <inbodydescription>
        </inbodydescription>
        <location file="ModificaContattoController.java" line="112" column="20" bodyfile="ModificaContattoController.java" bodystart="112" bodyend="-1"/>
      </memberdef>
      <memberdef kind="variable" id="classcontroller_1_1_modifica_contatto_controller_1ab6f1e675aff254abea37ec016b533944" prot="private" static="no" mutable="no">
        <type>ObservableList&lt; <ref refid="classdata_1_1_contatto" kindref="compound">Contatto</ref> &gt;</type>
        <definition>ObservableList&lt;Contatto&gt; controller.ModificaContattoController.Contacts</definition>
        <argsstring></argsstring>
        <name>Contacts</name>
        <qualifiedname>controller.ModificaContattoController.Contacts</qualifiedname>
        <briefdescription>
<para>Lista osservabile contenente i contatti. </para>
        </briefdescription>
        <detaileddescription>
        </detaileddescription>
        <inbodydescription>
        </inbodydescription>
        <location file="ModificaContattoController.java" line="118" column="28" bodyfile="ModificaContattoController.java" bodystart="118" bodyend="-1"/>
      </memberdef>
    </sectiondef>
    <sectiondef kind="public-func">
      <memberdef kind="function" id="classcontroller_1_1_modifica_contatto_controller_1a13746b44533611a532fd209b46e07071" prot="public" static="no" const="no" explicit="no" inline="yes" virt="non-virtual">
        <type>void</type>
        <definition>void controller.ModificaContattoController.initialize</definition>
        <argsstring>(URL url, ResourceBundle rb)</argsstring>
        <name>initialize</name>
        <qualifiedname>controller.ModificaContattoController.initialize</qualifiedname>
        <param>
          <type>URL</type>
          <declname>url</declname>
        </param>
        <param>
          <type>ResourceBundle</type>
          <declname>rb</declname>
        </param>
        <briefdescription>
<para>Inizializza il controller. </para>
        </briefdescription>
        <detaileddescription>
<para><parameterlist kind="param"><parameteritem>
<parameternamelist>
<parametername>url</parametername>
</parameternamelist>
<parameterdescription>
<para>URL per l&apos;inizializzazione del controller. </para>
</parameterdescription>
</parameteritem>
<parameteritem>
<parameternamelist>
<parametername>rb</parametername>
</parameternamelist>
<parameterdescription>
<para>ResourceBundle per la localizzazione.</para>
</parameterdescription>
</parameteritem>
</parameterlist>
Questo metodo viene chiamato automaticamente per inizializzare i componenti FXML al caricamento della scena. </para>
        </detaileddescription>
        <inbodydescription>
        </inbodydescription>
        <location file="ModificaContattoController.java" line="129" column="17" bodyfile="ModificaContattoController.java" bodystart="129" bodyend="131"/>
      </memberdef>
      <memberdef kind="function" id="classcontroller_1_1_modifica_contatto_controller_1a78bc7f0dce451c4defc44642a4e632b9" prot="public" static="no" const="no" explicit="no" inline="yes" virt="non-virtual">
        <type>void</type>
        <definition>void controller.ModificaContattoController.annulla</definition>
        <argsstring>(ActionEvent event)</argsstring>
        <name>annulla</name>
        <qualifiedname>controller.ModificaContattoController.annulla</qualifiedname>
        <param>
          <type>ActionEvent</type>
          <declname>event</declname>
        </param>
        <briefdescription>
<para>Annulla la modifica del contatto. </para>
        </briefdescription>
        <detaileddescription>
<para><parameterlist kind="param"><parameteritem>
<parameternamelist>
<parametername>event</parametername>
</parameternamelist>
<parameterdescription>
<para>L&apos;evento che ha scatenato l&apos;azione(Il tasto &quot;annulla&quot;). </para>
</parameterdescription>
</parameteritem>
</parameterlist>
<simplesect kind="pre"><para>L&apos;utente Deve aver eseguito l&apos;operazione di modifica. </para>
</simplesect>
<simplesect kind="post"><para>L&apos;utente torna alla MainInterface. Metodo che gestisce la logica per annullare le modifiche apportate ai dettagli di un contatto e torna alla visualizzazione precedente. </para>
</simplesect>
<simplesect kind="see"><para><ref refid="classcontroller_1_1_modifica_contatto_controller_1a78bc7f0dce451c4defc44642a4e632b9" kindref="member">annulla()</ref>. </para>
</simplesect>
</para>
        </detaileddescription>
        <inbodydescription>
        </inbodydescription>
        <location file="ModificaContattoController.java" line="143" column="13" bodyfile="ModificaContattoController.java" bodystart="143" bodyend="145"/>
      </memberdef>
      <memberdef kind="function" id="classcontroller_1_1_modifica_contatto_controller_1a01d8e36976a1b660a0c197d459b9453f" prot="public" static="no" const="no" explicit="no" inline="yes" virt="non-virtual">
        <type>void</type>
        <definition>void controller.ModificaContattoController.modificaContatto</definition>
        <argsstring>(ActionEvent event)</argsstring>
        <name>modificaContatto</name>
        <qualifiedname>controller.ModificaContattoController.modificaContatto</qualifiedname>
        <param>
          <type>ActionEvent</type>
          <declname>event</declname>
        </param>
        <briefdescription>
<para>Salva le modifiche apportate al contatto. </para>
        </briefdescription>
        <detaileddescription>
<para><parameterlist kind="param"><parameteritem>
<parameternamelist>
<parametername>event</parametername>
</parameternamelist>
<parameterdescription>
<para>L&apos;evento che ha scatenato l&apos;azione(Il tasto &quot;Salva&quot;). </para>
</parameterdescription>
</parameteritem>
</parameterlist>
<simplesect kind="pre"><para>L&apos;utente seleziona un contatto nella rubrica, clicca il tasto modifica e visualizza le informazioni del contatto. </para>
</simplesect>
<simplesect kind="post"><para>Il contatto modificato è aggiunto sia alla lista grafica che alla struttura dati sottostante. Metodo che gestisce la logica per salvare le modifiche apportate ai dettagli di un contatto esistente. </para>
</simplesect>
<simplesect kind="see"><para>modificaContatto(Contatto c). </para>
</simplesect>
</para>
        </detaileddescription>
        <inbodydescription>
        </inbodydescription>
        <location file="ModificaContattoController.java" line="157" column="13" bodyfile="ModificaContattoController.java" bodystart="157" bodyend="159"/>
      </memberdef>
    </sectiondef>
    <briefdescription>
<para>Classe FXML Controller per la gestione della modifica dei contatti. </para>
    </briefdescription>
    <detaileddescription>
<para>Gestisce i campi di input e i pulsanti relativi alla modifica di un contatto nella rubrica. </para>
    </detaileddescription>
    <inheritancegraph>
      <node id="1">
        <label>controller.ModificaContattoController</label>
        <link refid="classcontroller_1_1_modifica_contatto_controller"/>
        <childnode refid="2" relation="public-inheritance">
        </childnode>
      </node>
      <node id="2">
        <label>Initializable</label>
      </node>
    </inheritancegraph>
    <collaborationgraph>
      <node id="1">
        <label>controller.ModificaContattoController</label>
        <link refid="classcontroller_1_1_modifica_contatto_controller"/>
        <childnode refid="2" relation="public-inheritance">
        </childnode>
      </node>
      <node id="2">
        <label>Initializable</label>
      </node>
    </collaborationgraph>
    <location file="ModificaContattoController.java" line="34" column="7" bodyfile="ModificaContattoController.java" bodystart="34" bodyend="161"/>
    <listofallmembers>
      <member refid="classcontroller_1_1_modifica_contatto_controller_1a1a67ec53eeede55c7f1051dce51315ff" prot="private" virt="non-virtual"><scope>controller::ModificaContattoController</scope><name>adressField</name></member>
      <member refid="classcontroller_1_1_modifica_contatto_controller_1a78bc7f0dce451c4defc44642a4e632b9" prot="public" virt="non-virtual"><scope>controller::ModificaContattoController</scope><name>annulla</name></member>
      <member refid="classcontroller_1_1_modifica_contatto_controller_1a36526cc18b522cae9641c598257b3315" prot="private" virt="non-virtual"><scope>controller::ModificaContattoController</scope><name>birthdayField</name></member>
      <member refid="classcontroller_1_1_modifica_contatto_controller_1a8aa2b256152c4a149c614e685968357a" prot="private" virt="non-virtual"><scope>controller::ModificaContattoController</scope><name>companyField</name></member>
      <member refid="classcontroller_1_1_modifica_contatto_controller_1ab6f1e675aff254abea37ec016b533944" prot="private" virt="non-virtual"><scope>controller::ModificaContattoController</scope><name>Contacts</name></member>
      <member refid="classcontroller_1_1_modifica_contatto_controller_1a67df23d17510acbbb0df6027060fa368" prot="private" virt="non-virtual"><scope>controller::ModificaContattoController</scope><name>delButton</name></member>
      <member refid="classcontroller_1_1_modifica_contatto_controller_1a88522a4056ad8f954339e52c4637a64e" prot="private" virt="non-virtual"><scope>controller::ModificaContattoController</scope><name>emailField1</name></member>
      <member refid="classcontroller_1_1_modifica_contatto_controller_1ae170955f3e2b8df753ef8973d2c12686" prot="private" virt="non-virtual"><scope>controller::ModificaContattoController</scope><name>emailField2</name></member>
      <member refid="classcontroller_1_1_modifica_contatto_controller_1a84f871e2fcec74fd7b286c9b4c31e5e7" prot="private" virt="non-virtual"><scope>controller::ModificaContattoController</scope><name>emailField3</name></member>
      <member refid="classcontroller_1_1_modifica_contatto_controller_1a13746b44533611a532fd209b46e07071" prot="public" virt="non-virtual"><scope>controller::ModificaContattoController</scope><name>initialize</name></member>
      <member refid="classcontroller_1_1_modifica_contatto_controller_1a01d8e36976a1b660a0c197d459b9453f" prot="public" virt="non-virtual"><scope>controller::ModificaContattoController</scope><name>modificaContatto</name></member>
      <member refid="classcontroller_1_1_modifica_contatto_controller_1a5c0b18e20f677846af8fedc9c89bc612" prot="private" virt="non-virtual"><scope>controller::ModificaContattoController</scope><name>nameField</name></member>
      <member refid="classcontroller_1_1_modifica_contatto_controller_1a63e25ddea794f0496f2ed90c986668d6" prot="private" virt="non-virtual"><scope>controller::ModificaContattoController</scope><name>numberField1</name></member>
      <member refid="classcontroller_1_1_modifica_contatto_controller_1a14a20ed9fb12c06c41bd468e743f014b" prot="private" virt="non-virtual"><scope>controller::ModificaContattoController</scope><name>numberField2</name></member>
      <member refid="classcontroller_1_1_modifica_contatto_controller_1a2ee91533f0e11a907504cd954e7feec2" prot="private" virt="non-virtual"><scope>controller::ModificaContattoController</scope><name>numberField3</name></member>
      <member refid="classcontroller_1_1_modifica_contatto_controller_1a590182fe678e65bfd0fee3d10c2a10b1" prot="private" virt="non-virtual"><scope>controller::ModificaContattoController</scope><name>saveButton</name></member>
      <member refid="classcontroller_1_1_modifica_contatto_controller_1aa64f2866b5e1ef51ba0a24eec1d6744e" prot="private" virt="non-virtual"><scope>controller::ModificaContattoController</scope><name>surnameField</name></member>
    </listofallmembers>
  </compounddef>
</doxygen>
