<?xml version='1.0' encoding='UTF-8' standalone='no'?>
<doxygen xmlns:xsi="http://www.w3.org/2001/XMLSchema-instance" xsi:noNamespaceSchemaLocation="compound.xsd" version="1.12.0" xml:lang="it">
  <compounddef id="namespacedata" kind="namespace" language="Java">
    <compoundname>data</compoundname>
    <innerclass refid="classdata_1_1_contatto" prot="public">data::Contatto</innerclass>
    <innerclass refid="classdata_1_1_rubrica" prot="public">data::Rubrica</innerclass>
    <briefdescription>
    </briefdescription>
    <detaileddescription>
    </detaileddescription>
    <location file="Contatto.java" line="6" column="15"/>
  </compounddef>
</doxygen>
