<?xml version='1.0' encoding='UTF-8' standalone='no'?>
<doxygen xmlns:xsi="http://www.w3.org/2001/XMLSchema-instance" xsi:noNamespaceSchemaLocation="compound.xsd" version="1.12.0" xml:lang="it">
  <compounddef id="namespaceannullaoperazione" kind="namespace" language="Java">
    <compoundname>annullaoperazione</compoundname>
    <innerclass refid="classannullaoperazione_1_1_annulla_operazione" prot="public">annullaoperazione::AnnullaOperazione</innerclass>
    <briefdescription>
    </briefdescription>
    <detaileddescription>
    </detaileddescription>
    <location file="AnnullaOperazione.java" line="6" column="15"/>
  </compounddef>
</doxygen>
