<?xml version='1.0' encoding='UTF-8' standalone='no'?>
<doxygen xmlns:xsi="http://www.w3.org/2001/XMLSchema-instance" xsi:noNamespaceSchemaLocation="compound.xsd" version="1.12.0" xml:lang="it">
  <compounddef id="namespacemain" kind="namespace" language="Java">
    <compoundname>main</compoundname>
    <innerclass refid="classmain_1_1_applicazione" prot="public">main::Applicazione</innerclass>
    <briefdescription>
    </briefdescription>
    <detaileddescription>
    </detaileddescription>
    <location file="Applicazione.java" line="6" column="15"/>
  </compounddef>
</doxygen>
