<?xml version='1.0' encoding='UTF-8' standalone='no'?>
<doxygen xmlns:xsi="http://www.w3.org/2001/XMLSchema-instance" xsi:noNamespaceSchemaLocation="compound.xsd" version="1.12.0" xml:lang="it">
  <compounddef id="_app_8java" kind="file" language="Java">
    <compoundname>App.java</compoundname>
    <includes local="no">com.francesco.rubrica.Data.Rubrica</includes>
    <incdepgraph>
      <node id="1">
        <label>App.java</label>
        <link refid="_app_8java"/>
        <childnode refid="2" relation="include">
        </childnode>
      </node>
      <node id="2">
        <label>com.francesco.rubrica.Data.Rubrica</label>
      </node>
    </incdepgraph>
    <innerclass refid="classcom_1_1francesco_1_1rubrica_1_1_main_1_1_app" prot="public">com::francesco::rubrica::Main::App</innerclass>
    <innernamespace refid="namespacecom_1_1francesco_1_1rubrica_1_1_main">com::francesco::rubrica::Main</innernamespace>
    <briefdescription>
    </briefdescription>
    <detaileddescription>
    </detaileddescription>
    <programlisting>
<codeline lineno="1"><highlight class="keyword">package<sp/></highlight><highlight class="normal">com.francesco.rubrica.Main;</highlight></codeline>
<codeline lineno="2"><highlight class="normal"></highlight></codeline>
<codeline lineno="3"><highlight class="normal"></highlight><highlight class="keyword">import</highlight><highlight class="normal"><sp/>com.francesco.rubrica.Data.Rubrica;</highlight></codeline>
<codeline lineno="4"><highlight class="normal"></highlight><highlight class="keyword">import</highlight><highlight class="normal"><sp/>com.francesco.rubrica.Interface.MainInterfaceController;</highlight></codeline>
<codeline lineno="5"><highlight class="normal"></highlight><highlight class="keyword">import</highlight><highlight class="normal"><sp/>javafx.application.Application;</highlight></codeline>
<codeline lineno="6"><highlight class="normal"></highlight><highlight class="keyword">import</highlight><highlight class="normal"><sp/>javafx.fxml.FXMLLoader;</highlight></codeline>
<codeline lineno="7"><highlight class="normal"></highlight><highlight class="keyword">import</highlight><highlight class="normal"><sp/>javafx.scene.Parent;</highlight></codeline>
<codeline lineno="8"><highlight class="normal"></highlight><highlight class="keyword">import</highlight><highlight class="normal"><sp/>javafx.scene.Scene;</highlight></codeline>
<codeline lineno="9"><highlight class="normal"></highlight><highlight class="keyword">import</highlight><highlight class="normal"><sp/>javafx.stage.Stage;</highlight></codeline>
<codeline lineno="10"><highlight class="normal"></highlight></codeline>
<codeline lineno="11"><highlight class="normal"></highlight><highlight class="keyword">import</highlight><highlight class="normal"><sp/>java.io.IOException;</highlight></codeline>
<codeline lineno="12"><highlight class="normal"></highlight></codeline>
<codeline lineno="21" refid="classcom_1_1francesco_1_1rubrica_1_1_main_1_1_app" refkind="compound"><highlight class="normal"></highlight><highlight class="keyword">public</highlight><highlight class="normal"><sp/></highlight><highlight class="keyword">class<sp/></highlight><highlight class="normal"><ref refid="classcom_1_1francesco_1_1rubrica_1_1_main_1_1_app" kindref="compound">App</ref><sp/></highlight><highlight class="keyword">extends</highlight><highlight class="normal"><sp/>Application<sp/>{</highlight></codeline>
<codeline lineno="27"><highlight class="normal"><sp/><sp/><sp/><sp/></highlight><highlight class="keyword">private</highlight><highlight class="normal"><sp/></highlight><highlight class="keyword">static</highlight><highlight class="normal"><sp/>Scene<sp/>scene;</highlight></codeline>
<codeline lineno="33"><highlight class="normal"><sp/><sp/><sp/><sp/></highlight><highlight class="keyword">private</highlight><highlight class="normal"><sp/><sp/></highlight><highlight class="keyword">static</highlight><highlight class="normal"><sp/><ref refid="classcom_1_1francesco_1_1rubrica_1_1_data_1_1_rubrica" kindref="compound">Rubrica</ref><sp/>rubricaCondivisa;</highlight></codeline>
<codeline lineno="42"><highlight class="normal"><sp/><sp/><sp/><sp/>@Override</highlight></codeline>
<codeline lineno="43"><highlight class="normal"><sp/><sp/><sp/><sp/></highlight><highlight class="keyword">public</highlight><highlight class="normal"><sp/></highlight><highlight class="keywordtype">void</highlight><highlight class="normal"><sp/><ref refid="classcom_1_1francesco_1_1rubrica_1_1_main_1_1_app_1ae0d93e36de3e553d96846f5cb0b376d2" kindref="member">start</ref>(Stage<sp/>stage)<sp/></highlight><highlight class="keywordflow">throws</highlight><highlight class="normal"><sp/>IOException<sp/>{</highlight></codeline>
<codeline lineno="44"><highlight class="normal"><sp/><sp/><sp/><sp/><sp/><sp/><sp/><sp/>rubricaCondivisa<sp/>=<sp/></highlight><highlight class="keyword">new</highlight><highlight class="normal"><sp/><ref refid="classcom_1_1francesco_1_1rubrica_1_1_data_1_1_rubrica" kindref="compound">Rubrica</ref>();</highlight></codeline>
<codeline lineno="45"><highlight class="normal"><sp/><sp/><sp/><sp/><sp/><sp/><sp/><sp/>FXMLLoader<sp/>fxmlLoader<sp/>=<sp/></highlight><highlight class="keyword">new</highlight><highlight class="normal"><sp/>FXMLLoader(<ref refid="classcom_1_1francesco_1_1rubrica_1_1_main_1_1_app" kindref="compound">App</ref>.class.getResource(</highlight><highlight class="stringliteral">&quot;/com/francesco/rubrica/MainInterfaceController.fxml&quot;</highlight><highlight class="normal">));</highlight></codeline>
<codeline lineno="46"><highlight class="normal"><sp/><sp/><sp/><sp/><sp/><sp/><sp/><sp/>Parent<sp/>root<sp/>=<sp/>fxmlLoader.load();</highlight></codeline>
<codeline lineno="47"><highlight class="normal"><sp/><sp/><sp/><sp/><sp/><sp/><sp/><sp/><ref refid="classcom_1_1francesco_1_1rubrica_1_1_interface_1_1_main_interface_controller" kindref="compound">MainInterfaceController</ref><sp/>mainController<sp/>=<sp/>fxmlLoader.getController();</highlight></codeline>
<codeline lineno="48"><highlight class="normal"><sp/><sp/><sp/><sp/><sp/><sp/><sp/><sp/>mainController.<ref refid="classcom_1_1francesco_1_1rubrica_1_1_interface_1_1_main_interface_controller_1aaf1df3e1afeab6ddf31523eaeb38bb52" kindref="member">setRubrica</ref>(rubricaCondivisa);</highlight></codeline>
<codeline lineno="49"><highlight class="normal"><sp/><sp/><sp/><sp/><sp/><sp/><sp/><sp/>scene<sp/>=<sp/></highlight><highlight class="keyword">new</highlight><highlight class="normal"><sp/>Scene(root,<sp/>640,<sp/>480);</highlight></codeline>
<codeline lineno="50"><highlight class="normal"><sp/><sp/><sp/><sp/><sp/><sp/><sp/><sp/>stage.setScene(scene);</highlight></codeline>
<codeline lineno="51"><highlight class="normal"><sp/><sp/><sp/><sp/><sp/><sp/><sp/><sp/>stage.show();</highlight></codeline>
<codeline lineno="52"><highlight class="normal"><sp/><sp/><sp/><sp/>}</highlight></codeline>
<codeline lineno="53"><highlight class="normal"></highlight></codeline>
<codeline lineno="60"><highlight class="normal"><sp/><sp/><sp/><sp/></highlight><highlight class="keyword">public</highlight><highlight class="normal"><sp/></highlight><highlight class="keyword">static</highlight><highlight class="normal"><sp/><ref refid="classcom_1_1francesco_1_1rubrica_1_1_data_1_1_rubrica" kindref="compound">Rubrica</ref><sp/><ref refid="classcom_1_1francesco_1_1rubrica_1_1_main_1_1_app_1a9691e44f528ca14d15904ba494983119" kindref="member">getRubricaCondivisa</ref>()<sp/>{</highlight></codeline>
<codeline lineno="61"><highlight class="normal"><sp/><sp/><sp/><sp/><sp/><sp/><sp/><sp/></highlight><highlight class="keywordflow">return</highlight><highlight class="normal"><sp/>rubricaCondivisa;</highlight></codeline>
<codeline lineno="62"><highlight class="normal"><sp/><sp/><sp/><sp/>}</highlight></codeline>
<codeline lineno="67"><highlight class="normal"><sp/><sp/><sp/><sp/></highlight><highlight class="keyword">public</highlight><highlight class="normal"><sp/></highlight><highlight class="keyword">static</highlight><highlight class="normal"><sp/></highlight><highlight class="keywordtype">void</highlight><highlight class="normal"><sp/><ref refid="classcom_1_1francesco_1_1rubrica_1_1_main_1_1_app_1ad4c5bd9c9275dd0f69cb53ea62b41bfc" kindref="member">main</ref>(String[]<sp/>args)<sp/>{</highlight></codeline>
<codeline lineno="68"><highlight class="normal"><sp/><sp/><sp/><sp/><sp/><sp/><sp/><sp/>launch(args);</highlight></codeline>
<codeline lineno="69"><highlight class="normal"><sp/><sp/><sp/><sp/>}</highlight></codeline>
<codeline lineno="70"><highlight class="normal">}</highlight></codeline>
    </programlisting>
    <location file="App.java"/>
  </compounddef>
</doxygen>
