<?xml version='1.0' encoding='UTF-8' standalone='no'?>
<doxygen xmlns:xsi="http://www.w3.org/2001/XMLSchema-instance" xsi:noNamespaceSchemaLocation="compound.xsd" version="1.12.0" xml:lang="it">
  <compounddef id="_main_interface_controller_8java" kind="file" language="Java">
    <compoundname>MainInterfaceController.java</compoundname>
    <includes local="no">java.io.File</includes>
    <incdepgraph>
      <node id="1">
        <label>Interface/MainInterfaceController.java</label>
        <link refid="_main_interface_controller_8java"/>
        <childnode refid="2" relation="include">
        </childnode>
      </node>
      <node id="2">
        <label>java.io.File</label>
      </node>
    </incdepgraph>
    <innerclass refid="classcom_1_1francesco_1_1rubrica_1_1_interface_1_1_main_interface_controller" prot="public">com::francesco::rubrica::Interface::MainInterfaceController</innerclass>
    <innerclass refid="classcom_1_1francesco_1_1rubrica_1_1_interface_1_1_main_interface_controller_1_1_doppioclick" prot="private">com::francesco::rubrica::Interface::MainInterfaceController::Doppioclick</innerclass>
    <innernamespace refid="namespacecom_1_1francesco_1_1rubrica_1_1_interface">com::francesco::rubrica::Interface</innernamespace>
    <briefdescription>
    </briefdescription>
    <detaileddescription>
    </detaileddescription>
    <programlisting>
<codeline lineno="1"><highlight class="comment">/*</highlight></codeline>
<codeline lineno="2"><highlight class="comment"><sp/>*<sp/>To<sp/>change<sp/>this<sp/>license<sp/>header,<sp/>choose<sp/>License<sp/>Headers<sp/>in<sp/>Project<sp/>Properties.</highlight></codeline>
<codeline lineno="3"><highlight class="comment"><sp/>*<sp/>To<sp/>change<sp/>this<sp/>template<sp/>file,<sp/>choose<sp/>Tools<sp/>|<sp/>Templates</highlight></codeline>
<codeline lineno="4"><highlight class="comment"><sp/>*<sp/>and<sp/>open<sp/>the<sp/>template<sp/>in<sp/>the<sp/>editor.</highlight></codeline>
<codeline lineno="5"><highlight class="comment"><sp/>*/</highlight><highlight class="normal"></highlight></codeline>
<codeline lineno="6"><highlight class="normal"></highlight><highlight class="keyword">package<sp/></highlight><highlight class="normal">com.francesco.rubrica.Interface;</highlight></codeline>
<codeline lineno="7"><highlight class="normal"></highlight></codeline>
<codeline lineno="8"><highlight class="normal"></highlight></codeline>
<codeline lineno="9"><highlight class="normal"></highlight><highlight class="keyword">import</highlight><highlight class="normal"><sp/>java.io.File;</highlight></codeline>
<codeline lineno="10"><highlight class="normal"></highlight><highlight class="keyword">import</highlight><highlight class="normal"><sp/>java.net.URL;</highlight></codeline>
<codeline lineno="11"><highlight class="normal"></highlight><highlight class="keyword">import</highlight><highlight class="normal"><sp/>java.util.ResourceBundle;</highlight></codeline>
<codeline lineno="12"><highlight class="normal"></highlight></codeline>
<codeline lineno="13"><highlight class="normal"></highlight><highlight class="keyword">import</highlight><highlight class="normal"><sp/>com.francesco.rubrica.Main.App;</highlight></codeline>
<codeline lineno="14"><highlight class="normal"></highlight><highlight class="keyword">import</highlight><highlight class="normal"><sp/>com.francesco.rubrica.Data.Contatto;</highlight></codeline>
<codeline lineno="15"><highlight class="normal"></highlight><highlight class="keyword">import</highlight><highlight class="normal"><sp/>com.francesco.rubrica.Data.Rubrica;</highlight></codeline>
<codeline lineno="16"><highlight class="normal"></highlight><highlight class="keyword">import</highlight><highlight class="normal"><sp/>javafx.fxml.FXML;</highlight></codeline>
<codeline lineno="17"><highlight class="normal"></highlight><highlight class="keyword">import</highlight><highlight class="normal"><sp/>javafx.fxml.Initializable;</highlight></codeline>
<codeline lineno="18"><highlight class="normal"></highlight><highlight class="keyword">import</highlight><highlight class="normal"><sp/>javafx.scene.control.Button;</highlight></codeline>
<codeline lineno="19"><highlight class="normal"></highlight><highlight class="keyword">import</highlight><highlight class="normal"><sp/>javafx.scene.control.TableColumn;</highlight></codeline>
<codeline lineno="20"><highlight class="normal"></highlight><highlight class="keyword">import</highlight><highlight class="normal"><sp/>javafx.scene.control.TableView;</highlight></codeline>
<codeline lineno="21"><highlight class="normal"></highlight><highlight class="keyword">import</highlight><highlight class="normal"><sp/>javafx.scene.control.TextField;</highlight></codeline>
<codeline lineno="22"><highlight class="normal"></highlight><highlight class="keyword">import</highlight><highlight class="normal"><sp/>javafx.event.ActionEvent;</highlight></codeline>
<codeline lineno="23"><highlight class="normal"></highlight></codeline>
<codeline lineno="24"><highlight class="normal"></highlight><highlight class="keyword">import</highlight><highlight class="normal"><sp/>java.io.IOException;</highlight></codeline>
<codeline lineno="25"><highlight class="normal"></highlight></codeline>
<codeline lineno="26"><highlight class="normal"></highlight><highlight class="keyword">import</highlight><highlight class="normal"><sp/>javafx.beans.property.SimpleStringProperty;</highlight></codeline>
<codeline lineno="27"><highlight class="normal"></highlight><highlight class="keyword">import</highlight><highlight class="normal"><sp/>javafx.collections.FXCollections;</highlight></codeline>
<codeline lineno="28"><highlight class="normal"></highlight><highlight class="keyword">import</highlight><highlight class="normal"><sp/>javafx.fxml.FXMLLoader;</highlight></codeline>
<codeline lineno="29"><highlight class="normal"></highlight><highlight class="keyword">import</highlight><highlight class="normal"><sp/>javafx.scene.Parent;</highlight></codeline>
<codeline lineno="30"><highlight class="normal"></highlight><highlight class="keyword">import</highlight><highlight class="normal"><sp/>javafx.scene.Scene;</highlight></codeline>
<codeline lineno="31"><highlight class="normal"></highlight><highlight class="keyword">import</highlight><highlight class="normal"><sp/>javafx.stage.FileChooser;</highlight></codeline>
<codeline lineno="32"><highlight class="normal"></highlight><highlight class="keyword">import</highlight><highlight class="normal"><sp/>javafx.stage.Stage;</highlight></codeline>
<codeline lineno="33"><highlight class="normal"></highlight></codeline>
<codeline lineno="43" refid="classcom_1_1francesco_1_1rubrica_1_1_interface_1_1_main_interface_controller" refkind="compound"><highlight class="normal"></highlight><highlight class="keyword">public</highlight><highlight class="normal"><sp/></highlight><highlight class="keyword">class<sp/></highlight><highlight class="normal"><ref refid="classcom_1_1francesco_1_1rubrica_1_1_interface_1_1_main_interface_controller" kindref="compound">MainInterfaceController</ref><sp/></highlight><highlight class="keyword">implements</highlight><highlight class="normal"><sp/>Initializable<sp/>{</highlight></codeline>
<codeline lineno="47"><highlight class="normal"><sp/><sp/><sp/><sp/>@FXML</highlight></codeline>
<codeline lineno="48"><highlight class="normal"><sp/><sp/><sp/><sp/></highlight><highlight class="keyword">private</highlight><highlight class="normal"><sp/>TextField<sp/>researchField;</highlight></codeline>
<codeline lineno="49"><highlight class="normal"></highlight></codeline>
<codeline lineno="53"><highlight class="normal"><sp/><sp/><sp/><sp/>@FXML</highlight></codeline>
<codeline lineno="54"><highlight class="normal"><sp/><sp/><sp/><sp/></highlight><highlight class="keyword">private</highlight><highlight class="normal"><sp/>Button<sp/>addContact;</highlight></codeline>
<codeline lineno="55"><highlight class="normal"></highlight></codeline>
<codeline lineno="59"><highlight class="normal"><sp/><sp/><sp/><sp/>@FXML</highlight></codeline>
<codeline lineno="60"><highlight class="normal"><sp/><sp/><sp/><sp/></highlight><highlight class="keyword">private</highlight><highlight class="normal"><sp/>Button<sp/>exportContact;</highlight></codeline>
<codeline lineno="61"><highlight class="normal"></highlight></codeline>
<codeline lineno="65"><highlight class="normal"><sp/><sp/><sp/><sp/>@FXML</highlight></codeline>
<codeline lineno="66"><highlight class="normal"><sp/><sp/><sp/><sp/></highlight><highlight class="keyword">private</highlight><highlight class="normal"><sp/>Button<sp/>importContact;</highlight></codeline>
<codeline lineno="67"><highlight class="normal"></highlight></codeline>
<codeline lineno="71"><highlight class="normal"><sp/><sp/><sp/><sp/>@FXML</highlight></codeline>
<codeline lineno="72"><highlight class="normal"><sp/><sp/><sp/><sp/></highlight><highlight class="keyword">private</highlight><highlight class="normal"><sp/>TableView&lt;Contatto&gt;<sp/>rubrica;</highlight></codeline>
<codeline lineno="73"><highlight class="normal"></highlight></codeline>
<codeline lineno="77"><highlight class="normal"><sp/><sp/><sp/><sp/>@FXML</highlight></codeline>
<codeline lineno="78"><highlight class="normal"><sp/><sp/><sp/><sp/></highlight><highlight class="keyword">private</highlight><highlight class="normal"><sp/>TableColumn&lt;Contatto,<sp/>String&gt;<sp/>nameClm;</highlight></codeline>
<codeline lineno="79"><highlight class="normal"></highlight></codeline>
<codeline lineno="83"><highlight class="normal"><sp/><sp/><sp/><sp/>@FXML</highlight></codeline>
<codeline lineno="84"><highlight class="normal"><sp/><sp/><sp/><sp/></highlight><highlight class="keyword">private</highlight><highlight class="normal"><sp/>TableColumn&lt;Contatto,<sp/>String&gt;<sp/>surnameClm;</highlight></codeline>
<codeline lineno="85"><highlight class="normal"></highlight></codeline>
<codeline lineno="90"><highlight class="normal"><sp/><sp/><sp/><sp/></highlight><highlight class="keyword">private</highlight><highlight class="normal"><sp/><ref refid="classcom_1_1francesco_1_1rubrica_1_1_data_1_1_rubrica" kindref="compound">Rubrica</ref><sp/>contatti;</highlight></codeline>
<codeline lineno="91"><highlight class="normal"></highlight></codeline>
<codeline lineno="92"><highlight class="normal"></highlight></codeline>
<codeline lineno="101"><highlight class="normal"><sp/><sp/><sp/><sp/>@Override</highlight></codeline>
<codeline lineno="102"><highlight class="normal"><sp/><sp/><sp/><sp/></highlight><highlight class="keyword">public</highlight><highlight class="normal"><sp/></highlight><highlight class="keywordtype">void</highlight><highlight class="normal"><sp/><ref refid="classcom_1_1francesco_1_1rubrica_1_1_interface_1_1_main_interface_controller_1af540eca542ebd64aa31817db9906ee0c" kindref="member">initialize</ref>(URL<sp/>url,<sp/>ResourceBundle<sp/>rb)<sp/>{</highlight></codeline>
<codeline lineno="103"><highlight class="normal"><sp/><sp/><sp/><sp/><sp/><sp/><sp/><sp/><ref refid="classcom_1_1francesco_1_1rubrica_1_1_main_1_1_app" kindref="compound">App</ref>.<ref refid="classcom_1_1francesco_1_1rubrica_1_1_main_1_1_app_1a9691e44f528ca14d15904ba494983119" kindref="member">getRubricaCondivisa</ref>().<ref refid="classcom_1_1francesco_1_1rubrica_1_1_data_1_1_rubrica_1acaae9ecf20a5bde071141a7dc77271c5" kindref="member">ordina</ref>(<ref refid="classcom_1_1francesco_1_1rubrica_1_1_main_1_1_app" kindref="compound">App</ref>.<ref refid="classcom_1_1francesco_1_1rubrica_1_1_main_1_1_app_1a9691e44f528ca14d15904ba494983119" kindref="member">getRubricaCondivisa</ref>().<ref refid="classcom_1_1francesco_1_1rubrica_1_1_data_1_1_rubrica_1a29dcf7eea2f15dcd81c0b71c9b55341f" kindref="member">getContatti</ref>());</highlight></codeline>
<codeline lineno="104"><highlight class="normal"><sp/><sp/><sp/><sp/><sp/><sp/><sp/><sp/>researchField.textProperty().addListener((observable,<sp/>oldValue,<sp/>newValue)<sp/>-&gt;<sp/>rubrica.setItems(<ref refid="classcom_1_1francesco_1_1rubrica_1_1_main_1_1_app" kindref="compound">App</ref>.<ref refid="classcom_1_1francesco_1_1rubrica_1_1_main_1_1_app_1a9691e44f528ca14d15904ba494983119" kindref="member">getRubricaCondivisa</ref>().<ref refid="classcom_1_1francesco_1_1rubrica_1_1_data_1_1_rubrica_1a5a1f977b8f298ff4ac73baec25a13ea1" kindref="member">ricercaContatto</ref>(newValue)));</highlight></codeline>
<codeline lineno="105"><highlight class="normal"><sp/><sp/><sp/><sp/><sp/><sp/><sp/><sp/>rubrica.setItems(FXCollections.observableArrayList(<ref refid="classcom_1_1francesco_1_1rubrica_1_1_main_1_1_app" kindref="compound">App</ref>.<ref refid="classcom_1_1francesco_1_1rubrica_1_1_main_1_1_app_1a9691e44f528ca14d15904ba494983119" kindref="member">getRubricaCondivisa</ref>().<ref refid="classcom_1_1francesco_1_1rubrica_1_1_data_1_1_rubrica_1a29dcf7eea2f15dcd81c0b71c9b55341f" kindref="member">getContatti</ref>()));</highlight></codeline>
<codeline lineno="106"><highlight class="normal"><sp/><sp/><sp/><sp/><sp/><sp/><sp/><sp/>nameClm.setCellValueFactory(data<sp/>-&gt;<sp/></highlight><highlight class="keyword">new</highlight><highlight class="normal"><sp/>SimpleStringProperty(data.getValue().getNome()));</highlight></codeline>
<codeline lineno="107"><highlight class="normal"><sp/><sp/><sp/><sp/><sp/><sp/><sp/><sp/>surnameClm.setCellValueFactory(data<sp/>-&gt;<sp/></highlight><highlight class="keyword">new</highlight><highlight class="normal"><sp/>SimpleStringProperty(data.getValue().getCognome()));</highlight></codeline>
<codeline lineno="108"><highlight class="normal"><sp/><sp/><sp/><sp/><sp/><sp/><sp/><sp/>setupDoppioClick();</highlight></codeline>
<codeline lineno="109"><highlight class="normal"><sp/><sp/><sp/><sp/>}</highlight></codeline>
<codeline lineno="110"><highlight class="normal"></highlight></codeline>
<codeline lineno="117"><highlight class="normal"><sp/><sp/><sp/><sp/></highlight><highlight class="keyword">public</highlight><highlight class="normal"><sp/></highlight><highlight class="keywordtype">void</highlight><highlight class="normal"><sp/><ref refid="classcom_1_1francesco_1_1rubrica_1_1_interface_1_1_main_interface_controller_1aaf1df3e1afeab6ddf31523eaeb38bb52" kindref="member">setRubrica</ref>(<ref refid="classcom_1_1francesco_1_1rubrica_1_1_data_1_1_rubrica" kindref="compound">Rubrica</ref><sp/>contatti)<sp/>{</highlight></codeline>
<codeline lineno="118"><highlight class="normal"><sp/><sp/><sp/><sp/><sp/><sp/><sp/><sp/>this.contatti<sp/>=<sp/>contatti;</highlight></codeline>
<codeline lineno="119"><highlight class="normal"><sp/><sp/><sp/><sp/>}</highlight></codeline>
<codeline lineno="120"><highlight class="normal"></highlight></codeline>
<codeline lineno="125"><highlight class="normal"><sp/><sp/><sp/><sp/></highlight><highlight class="keyword">private</highlight><highlight class="normal"><sp/></highlight><highlight class="keywordtype">void</highlight><highlight class="normal"><sp/>aggiornaTabella()<sp/>{</highlight></codeline>
<codeline lineno="126"><highlight class="normal"><sp/><sp/><sp/><sp/><sp/><sp/><sp/><sp/>rubrica.setItems(<ref refid="classcom_1_1francesco_1_1rubrica_1_1_main_1_1_app" kindref="compound">App</ref>.<ref refid="classcom_1_1francesco_1_1rubrica_1_1_main_1_1_app_1a9691e44f528ca14d15904ba494983119" kindref="member">getRubricaCondivisa</ref>().<ref refid="classcom_1_1francesco_1_1rubrica_1_1_data_1_1_rubrica_1a29dcf7eea2f15dcd81c0b71c9b55341f" kindref="member">getContatti</ref>());</highlight></codeline>
<codeline lineno="127"><highlight class="normal"><sp/><sp/><sp/><sp/><sp/><sp/><sp/><sp/><ref refid="classcom_1_1francesco_1_1rubrica_1_1_main_1_1_app" kindref="compound">App</ref>.<ref refid="classcom_1_1francesco_1_1rubrica_1_1_main_1_1_app_1a9691e44f528ca14d15904ba494983119" kindref="member">getRubricaCondivisa</ref>().<ref refid="classcom_1_1francesco_1_1rubrica_1_1_data_1_1_rubrica_1acaae9ecf20a5bde071141a7dc77271c5" kindref="member">ordina</ref>(<ref refid="classcom_1_1francesco_1_1rubrica_1_1_main_1_1_app" kindref="compound">App</ref>.<ref refid="classcom_1_1francesco_1_1rubrica_1_1_main_1_1_app_1a9691e44f528ca14d15904ba494983119" kindref="member">getRubricaCondivisa</ref>().<ref refid="classcom_1_1francesco_1_1rubrica_1_1_data_1_1_rubrica_1a29dcf7eea2f15dcd81c0b71c9b55341f" kindref="member">getContatti</ref>());</highlight></codeline>
<codeline lineno="128"><highlight class="normal"><sp/><sp/><sp/><sp/><sp/><sp/><sp/><sp/>rubrica.refresh();</highlight></codeline>
<codeline lineno="129"><highlight class="normal"><sp/><sp/><sp/><sp/>}</highlight></codeline>
<codeline lineno="130"><highlight class="normal"></highlight></codeline>
<codeline lineno="135"><highlight class="normal"><sp/><sp/><sp/><sp/></highlight><highlight class="keyword">private</highlight><highlight class="normal"><sp/></highlight><highlight class="keywordtype">void</highlight><highlight class="normal"><sp/>setupDoppioClick()<sp/>{</highlight></codeline>
<codeline lineno="136"><highlight class="normal"><sp/><sp/><sp/><sp/><sp/><sp/><sp/><sp/>rubrica.setOnMouseClicked(</highlight><highlight class="keyword">new</highlight><highlight class="normal"><sp/>Doppioclick());</highlight></codeline>
<codeline lineno="137"><highlight class="normal"><sp/><sp/><sp/><sp/>}</highlight></codeline>
<codeline lineno="138"><highlight class="normal"></highlight></codeline>
<codeline lineno="146"><highlight class="normal"><sp/><sp/><sp/><sp/>@FXML</highlight></codeline>
<codeline lineno="147"><highlight class="normal"><sp/><sp/><sp/><sp/></highlight><highlight class="keyword">public</highlight><highlight class="normal"><sp/></highlight><highlight class="keywordtype">void</highlight><highlight class="normal"><sp/><ref refid="classcom_1_1francesco_1_1rubrica_1_1_interface_1_1_main_interface_controller_1a4cda96ec0787d1c190daa44c58c97e5b" kindref="member">esportaContatto</ref>(ActionEvent<sp/>event)<sp/>{</highlight></codeline>
<codeline lineno="148"><highlight class="normal"><sp/><sp/><sp/><sp/><sp/><sp/><sp/><sp/>FileChooser<sp/>fileChooser<sp/>=<sp/></highlight><highlight class="keyword">new</highlight><highlight class="normal"><sp/>FileChooser();</highlight></codeline>
<codeline lineno="149"><highlight class="normal"><sp/><sp/><sp/><sp/><sp/><sp/><sp/><sp/>fileChooser.getExtensionFilters().add(</highlight><highlight class="keyword">new</highlight><highlight class="normal"><sp/>FileChooser.ExtensionFilter(</highlight><highlight class="stringliteral">&quot;CSV<sp/>Files&quot;</highlight><highlight class="normal">,<sp/></highlight><highlight class="stringliteral">&quot;*.csv&quot;</highlight><highlight class="normal">));</highlight></codeline>
<codeline lineno="150"><highlight class="normal"><sp/><sp/><sp/><sp/><sp/><sp/><sp/><sp/>File<sp/>file<sp/>=<sp/>fileChooser.showSaveDialog(</highlight><highlight class="keyword">null</highlight><highlight class="normal">);</highlight></codeline>
<codeline lineno="151"><highlight class="normal"><sp/><sp/><sp/><sp/><sp/><sp/><sp/><sp/></highlight><highlight class="keywordflow">if</highlight><highlight class="normal"><sp/>(file<sp/>!=<sp/></highlight><highlight class="keyword">null</highlight><highlight class="normal">)<sp/>{</highlight></codeline>
<codeline lineno="152"><highlight class="normal"><sp/><sp/><sp/><sp/><sp/><sp/><sp/><sp/><sp/><sp/><sp/><sp/></highlight><highlight class="keywordflow">try</highlight><highlight class="normal"><sp/>{</highlight></codeline>
<codeline lineno="153"><highlight class="normal"><sp/><sp/><sp/><sp/><sp/><sp/><sp/><sp/><sp/><sp/><sp/><sp/><sp/><sp/><sp/><sp/><ref refid="classcom_1_1francesco_1_1rubrica_1_1_main_1_1_app" kindref="compound">App</ref>.<ref refid="classcom_1_1francesco_1_1rubrica_1_1_main_1_1_app_1a9691e44f528ca14d15904ba494983119" kindref="member">getRubricaCondivisa</ref>().<ref refid="classcom_1_1francesco_1_1rubrica_1_1_data_1_1_rubrica_1a11ed4da93ae8a97714c9951f4fbc7a15" kindref="member">esportaContatto</ref>(file.getAbsolutePath());</highlight></codeline>
<codeline lineno="154"><highlight class="normal"><sp/><sp/><sp/><sp/><sp/><sp/><sp/><sp/><sp/><sp/><sp/><sp/><sp/><sp/><sp/><sp/>System.out.println(</highlight><highlight class="stringliteral">&quot;Contatti<sp/>esportati<sp/>con<sp/>successo<sp/>nel<sp/>file:<sp/>&quot;</highlight><highlight class="normal"><sp/>+<sp/>file.getAbsolutePath());</highlight></codeline>
<codeline lineno="155"><highlight class="normal"><sp/><sp/><sp/><sp/><sp/><sp/><sp/><sp/><sp/><sp/><sp/><sp/>}<sp/></highlight><highlight class="keywordflow">catch</highlight><highlight class="normal"><sp/>(IOException<sp/>e)<sp/>{</highlight></codeline>
<codeline lineno="156"><highlight class="normal"><sp/><sp/><sp/><sp/><sp/><sp/><sp/><sp/><sp/><sp/><sp/><sp/><sp/><sp/><sp/><sp/>System.out.println(</highlight><highlight class="stringliteral">&quot;Errore<sp/>durante<sp/>l&apos;esportazione<sp/>del<sp/>file.&quot;</highlight><highlight class="normal">);</highlight></codeline>
<codeline lineno="157"><highlight class="normal"><sp/><sp/><sp/><sp/><sp/><sp/><sp/><sp/><sp/><sp/><sp/><sp/>}</highlight></codeline>
<codeline lineno="158"><highlight class="normal"><sp/><sp/><sp/><sp/><sp/><sp/><sp/><sp/>}<sp/></highlight><highlight class="keywordflow">else</highlight><highlight class="normal"><sp/>{</highlight></codeline>
<codeline lineno="159"><highlight class="normal"><sp/><sp/><sp/><sp/><sp/><sp/><sp/><sp/><sp/><sp/><sp/><sp/>System.out.println(</highlight><highlight class="stringliteral">&quot;Operazione<sp/>di<sp/>salvataggio<sp/>annullata.&quot;</highlight><highlight class="normal">);</highlight></codeline>
<codeline lineno="160"><highlight class="normal"><sp/><sp/><sp/><sp/><sp/><sp/><sp/><sp/>}</highlight></codeline>
<codeline lineno="161"><highlight class="normal"><sp/><sp/><sp/><sp/>}</highlight></codeline>
<codeline lineno="162"><highlight class="normal"></highlight></codeline>
<codeline lineno="170"><highlight class="normal"><sp/><sp/><sp/><sp/>@FXML</highlight></codeline>
<codeline lineno="171"><highlight class="normal"><sp/><sp/><sp/><sp/></highlight><highlight class="keyword">public</highlight><highlight class="normal"><sp/></highlight><highlight class="keywordtype">void</highlight><highlight class="normal"><sp/><ref refid="classcom_1_1francesco_1_1rubrica_1_1_interface_1_1_main_interface_controller_1af7610dc098f0c406fb189d4f5fb1e34d" kindref="member">importaContatto</ref>(ActionEvent<sp/>event)<sp/>{</highlight></codeline>
<codeline lineno="172"><highlight class="normal"><sp/><sp/><sp/><sp/><sp/><sp/><sp/><sp/>FileChooser<sp/>fileChooser<sp/>=<sp/></highlight><highlight class="keyword">new</highlight><highlight class="normal"><sp/>FileChooser();</highlight></codeline>
<codeline lineno="173"><highlight class="normal"><sp/><sp/><sp/><sp/><sp/><sp/><sp/><sp/>fileChooser.getExtensionFilters().add(</highlight><highlight class="keyword">new</highlight><highlight class="normal"><sp/>FileChooser.ExtensionFilter(</highlight><highlight class="stringliteral">&quot;CSV<sp/>Files&quot;</highlight><highlight class="normal">,<sp/></highlight><highlight class="stringliteral">&quot;*.csv&quot;</highlight><highlight class="normal">));</highlight></codeline>
<codeline lineno="174"><highlight class="normal"><sp/><sp/><sp/><sp/><sp/><sp/><sp/><sp/>File<sp/>file<sp/>=<sp/>fileChooser.showOpenDialog(</highlight><highlight class="keyword">null</highlight><highlight class="normal">);</highlight></codeline>
<codeline lineno="175"><highlight class="normal"><sp/><sp/><sp/><sp/><sp/><sp/><sp/><sp/></highlight><highlight class="keywordflow">if</highlight><highlight class="normal"><sp/>(file<sp/>!=<sp/></highlight><highlight class="keyword">null</highlight><highlight class="normal">)<sp/>{</highlight></codeline>
<codeline lineno="176"><highlight class="normal"><sp/><sp/><sp/><sp/><sp/><sp/><sp/><sp/><sp/><sp/><sp/><sp/></highlight><highlight class="keywordflow">try</highlight><highlight class="normal"><sp/>{</highlight></codeline>
<codeline lineno="177"><highlight class="normal"><sp/><sp/><sp/><sp/><sp/><sp/><sp/><sp/><sp/><sp/><sp/><sp/><sp/><sp/><sp/><sp/>contatti.<ref refid="classcom_1_1francesco_1_1rubrica_1_1_data_1_1_rubrica_1a9a3103df25d1a933457ae172257c500d" kindref="member">importaContatto</ref>(file.getAbsolutePath());</highlight></codeline>
<codeline lineno="178"><highlight class="normal"><sp/><sp/><sp/><sp/><sp/><sp/><sp/><sp/><sp/><sp/><sp/><sp/><sp/><sp/><sp/><sp/>System.out.println(</highlight><highlight class="stringliteral">&quot;Contatti<sp/>importati<sp/>con<sp/>successo<sp/>dalla<sp/>rubrica<sp/>&quot;</highlight><highlight class="normal"><sp/>+<sp/>contatti.<ref refid="classcom_1_1francesco_1_1rubrica_1_1_data_1_1_rubrica_1a29dcf7eea2f15dcd81c0b71c9b55341f" kindref="member">getContatti</ref>());</highlight></codeline>
<codeline lineno="179"><highlight class="normal"><sp/><sp/><sp/><sp/><sp/><sp/><sp/><sp/><sp/><sp/><sp/><sp/><sp/><sp/><sp/><sp/>aggiornaTabella();</highlight></codeline>
<codeline lineno="180"><highlight class="normal"><sp/><sp/><sp/><sp/><sp/><sp/><sp/><sp/><sp/><sp/><sp/><sp/>}<sp/></highlight><highlight class="keywordflow">catch</highlight><highlight class="normal"><sp/>(IOException<sp/>e)<sp/>{</highlight></codeline>
<codeline lineno="181"><highlight class="normal"><sp/><sp/><sp/><sp/><sp/><sp/><sp/><sp/><sp/><sp/><sp/><sp/><sp/><sp/><sp/><sp/>System.out.println(</highlight><highlight class="stringliteral">&quot;Errore<sp/>durante<sp/>l&apos;importazione<sp/>del<sp/>file.&quot;</highlight><highlight class="normal">);</highlight></codeline>
<codeline lineno="182"><highlight class="normal"><sp/><sp/><sp/><sp/><sp/><sp/><sp/><sp/><sp/><sp/><sp/><sp/>}</highlight></codeline>
<codeline lineno="183"><highlight class="normal"><sp/><sp/><sp/><sp/><sp/><sp/><sp/><sp/>}<sp/></highlight><highlight class="keywordflow">else</highlight><highlight class="normal"><sp/>{</highlight></codeline>
<codeline lineno="184"><highlight class="normal"><sp/><sp/><sp/><sp/><sp/><sp/><sp/><sp/><sp/><sp/><sp/><sp/>System.out.println(</highlight><highlight class="stringliteral">&quot;Operazione<sp/>di<sp/>importazione<sp/>annullata.&quot;</highlight><highlight class="normal">);</highlight></codeline>
<codeline lineno="185"><highlight class="normal"><sp/><sp/><sp/><sp/><sp/><sp/><sp/><sp/>}</highlight></codeline>
<codeline lineno="186"><highlight class="normal"><sp/><sp/><sp/><sp/>}</highlight></codeline>
<codeline lineno="187"><highlight class="normal"></highlight></codeline>
<codeline lineno="195"><highlight class="normal"><sp/><sp/><sp/><sp/>@FXML</highlight></codeline>
<codeline lineno="196"><highlight class="normal"><sp/><sp/><sp/><sp/></highlight><highlight class="keyword">public</highlight><highlight class="normal"><sp/></highlight><highlight class="keywordtype">void</highlight><highlight class="normal"><sp/><ref refid="classcom_1_1francesco_1_1rubrica_1_1_interface_1_1_main_interface_controller_1a1ad5eb6cb85b3004947d85f8ea6a18d5" kindref="member">displayAggiungiContatto</ref>(ActionEvent<sp/>event)<sp/></highlight><highlight class="keywordflow">throws</highlight><highlight class="normal"><sp/>IOException<sp/>{</highlight></codeline>
<codeline lineno="197"><highlight class="normal"><sp/><sp/><sp/><sp/><sp/><sp/><sp/><sp/>FXMLLoader<sp/>loader<sp/>=<sp/></highlight><highlight class="keyword">new</highlight><highlight class="normal"><sp/>FXMLLoader(getClass().getResource(</highlight><highlight class="stringliteral">&quot;/com/francesco/rubrica/AggiuntaContattoController.fxml&quot;</highlight><highlight class="normal">));</highlight></codeline>
<codeline lineno="198"><highlight class="normal"><sp/><sp/><sp/><sp/><sp/><sp/><sp/><sp/>Parent<sp/>root<sp/>=<sp/>loader.load();</highlight></codeline>
<codeline lineno="199"><highlight class="normal"><sp/><sp/><sp/><sp/><sp/><sp/><sp/><sp/>Scene<sp/>currentScene<sp/>=<sp/>((javafx.scene.Node)<sp/></highlight><highlight class="keyword">event</highlight><highlight class="normal">.getSource()).getScene();</highlight></codeline>
<codeline lineno="200"><highlight class="normal"><sp/><sp/><sp/><sp/><sp/><sp/><sp/><sp/>currentScene.setRoot(root);</highlight></codeline>
<codeline lineno="201"><highlight class="normal"><sp/><sp/><sp/><sp/><sp/><sp/><sp/><sp/><ref refid="classcom_1_1francesco_1_1rubrica_1_1_interface_1_1_aggiunta_contatto_controller" kindref="compound">AggiuntaContattoController</ref><sp/>controller<sp/>=<sp/>loader.getController();</highlight></codeline>
<codeline lineno="202"><highlight class="normal"><sp/><sp/><sp/><sp/><sp/><sp/><sp/><sp/>controller.<ref refid="classcom_1_1francesco_1_1rubrica_1_1_interface_1_1_aggiunta_contatto_controller_1a3c88a5f074c3def100ecb7fcac83865d" kindref="member">setRubrica</ref>(this.contatti);</highlight></codeline>
<codeline lineno="203"><highlight class="normal"><sp/><sp/><sp/><sp/><sp/><sp/><sp/><sp/>System.out.println(</highlight><highlight class="stringliteral">&quot;Hai<sp/>premuto<sp/>il<sp/>pulsante<sp/>per<sp/>aggiungere<sp/>un<sp/>nuovo<sp/>contatto.&quot;</highlight><highlight class="normal">);</highlight></codeline>
<codeline lineno="204"><highlight class="normal"><sp/><sp/><sp/><sp/><sp/><sp/><sp/><sp/>Stage<sp/>stage<sp/>=<sp/>(Stage)<sp/>currentScene.getWindow();</highlight></codeline>
<codeline lineno="205"><highlight class="normal"><sp/><sp/><sp/><sp/><sp/><sp/><sp/><sp/>stage.setOnHidden(e<sp/>-&gt;<sp/>aggiornaTabella());</highlight></codeline>
<codeline lineno="206"><highlight class="normal"><sp/><sp/><sp/><sp/>}</highlight></codeline>
<codeline lineno="207"><highlight class="normal"></highlight></codeline>
<codeline lineno="214"><highlight class="normal"><sp/><sp/><sp/><sp/></highlight><highlight class="keyword">private</highlight><highlight class="normal"><sp/></highlight><highlight class="keyword">class<sp/></highlight><highlight class="normal">Doppioclick<sp/></highlight><highlight class="keyword">implements</highlight><highlight class="normal"><sp/>javafx.event.EventHandler&lt;javafx.scene.input.MouseEvent&gt;<sp/>{</highlight></codeline>
<codeline lineno="215"><highlight class="normal"><sp/><sp/><sp/><sp/><sp/><sp/><sp/><sp/>@Override</highlight></codeline>
<codeline lineno="216"><highlight class="normal"><sp/><sp/><sp/><sp/><sp/><sp/><sp/><sp/></highlight><highlight class="keyword">public</highlight><highlight class="normal"><sp/></highlight><highlight class="keywordtype">void</highlight><highlight class="normal"><sp/>handle(javafx.scene.input.MouseEvent<sp/>event)<sp/>{</highlight></codeline>
<codeline lineno="217"><highlight class="normal"><sp/><sp/><sp/><sp/><sp/><sp/><sp/><sp/><sp/><sp/><sp/><sp/></highlight><highlight class="keywordflow">if</highlight><highlight class="normal"><sp/>(event.getClickCount()<sp/>==<sp/>2)<sp/>{</highlight></codeline>
<codeline lineno="218"><highlight class="normal"><sp/><sp/><sp/><sp/><sp/><sp/><sp/><sp/><sp/><sp/><sp/><sp/><sp/><sp/><sp/><sp/><ref refid="classcom_1_1francesco_1_1rubrica_1_1_data_1_1_contatto" kindref="compound">Contatto</ref><sp/>contattoSelezionato<sp/>=<sp/>rubrica.getSelectionModel().getSelectedItem();</highlight></codeline>
<codeline lineno="219"><highlight class="normal"><sp/><sp/><sp/><sp/><sp/><sp/><sp/><sp/><sp/><sp/><sp/><sp/><sp/><sp/><sp/><sp/>System.out.println(</highlight><highlight class="stringliteral">&quot;Hai<sp/>selezionato<sp/>un<sp/>contatto&quot;</highlight><highlight class="normal">);</highlight></codeline>
<codeline lineno="220"><highlight class="normal"><sp/><sp/><sp/><sp/><sp/><sp/><sp/><sp/><sp/><sp/><sp/><sp/><sp/><sp/><sp/><sp/></highlight><highlight class="keywordflow">if</highlight><highlight class="normal"><sp/>(contattoSelezionato<sp/>!=<sp/></highlight><highlight class="keyword">null</highlight><highlight class="normal">)<sp/>{</highlight></codeline>
<codeline lineno="221"><highlight class="normal"><sp/><sp/><sp/><sp/><sp/><sp/><sp/><sp/><sp/><sp/><sp/><sp/><sp/><sp/><sp/><sp/><sp/><sp/><sp/><sp/></highlight><highlight class="keywordflow">try</highlight><highlight class="normal"><sp/>{</highlight></codeline>
<codeline lineno="222"><highlight class="normal"><sp/><sp/><sp/><sp/><sp/><sp/><sp/><sp/><sp/><sp/><sp/><sp/><sp/><sp/><sp/><sp/><sp/><sp/><sp/><sp/><sp/><sp/><sp/><sp/>FXMLLoader<sp/>loader<sp/>=<sp/></highlight><highlight class="keyword">new</highlight><highlight class="normal"><sp/>FXMLLoader(getClass().getResource(</highlight><highlight class="stringliteral">&quot;/com/francesco/rubrica/VisualizzaSingoloContattoController.fxml&quot;</highlight><highlight class="normal">));</highlight></codeline>
<codeline lineno="223"><highlight class="normal"><sp/><sp/><sp/><sp/><sp/><sp/><sp/><sp/><sp/><sp/><sp/><sp/><sp/><sp/><sp/><sp/><sp/><sp/><sp/><sp/><sp/><sp/><sp/><sp/>Parent<sp/>root<sp/>=<sp/>loader.load();</highlight></codeline>
<codeline lineno="224"><highlight class="normal"><sp/><sp/><sp/><sp/><sp/><sp/><sp/><sp/><sp/><sp/><sp/><sp/><sp/><sp/><sp/><sp/><sp/><sp/><sp/><sp/><sp/><sp/><sp/><sp/>Scene<sp/>currentScene<sp/>=<sp/>((javafx.scene.Node)<sp/></highlight><highlight class="keyword">event</highlight><highlight class="normal">.getTarget()).getScene();</highlight></codeline>
<codeline lineno="225"><highlight class="normal"><sp/><sp/><sp/><sp/><sp/><sp/><sp/><sp/><sp/><sp/><sp/><sp/><sp/><sp/><sp/><sp/><sp/><sp/><sp/><sp/><sp/><sp/><sp/><sp/>currentScene.setRoot(root);</highlight></codeline>
<codeline lineno="226"><highlight class="normal"><sp/><sp/><sp/><sp/><sp/><sp/><sp/><sp/><sp/><sp/><sp/><sp/><sp/><sp/><sp/><sp/><sp/><sp/><sp/><sp/><sp/><sp/><sp/><sp/>System.out.println(</highlight><highlight class="stringliteral">&quot;Hai<sp/>premuto<sp/>il<sp/>pulsante<sp/>per<sp/>visualizzare<sp/>i<sp/>dettagli<sp/>di&quot;</highlight><highlight class="normal"><sp/>+<sp/></highlight><highlight class="stringliteral">&quot;<sp/>&quot;</highlight><highlight class="normal"><sp/>+<sp/>contattoSelezionato.<ref refid="classcom_1_1francesco_1_1rubrica_1_1_data_1_1_contatto_1afb9b396e0c4b253e7e198cceb4fb32c1" kindref="member">getNome</ref>()<sp/>+<sp/></highlight><highlight class="stringliteral">&quot;<sp/>&quot;</highlight><highlight class="normal"><sp/>+<sp/>contattoSelezionato.<ref refid="classcom_1_1francesco_1_1rubrica_1_1_data_1_1_contatto_1ac2b5fcb133390aa7217f7737232dbcee" kindref="member">getCognome</ref>()<sp/>+<sp/></highlight><highlight class="stringliteral">&quot;.&quot;</highlight><highlight class="normal">);</highlight></codeline>
<codeline lineno="227"><highlight class="normal"><sp/><sp/><sp/><sp/><sp/><sp/><sp/><sp/><sp/><sp/><sp/><sp/><sp/><sp/><sp/><sp/><sp/><sp/><sp/><sp/><sp/><sp/><sp/><sp/><ref refid="classcom_1_1francesco_1_1rubrica_1_1_interface_1_1_visualizza_singolo_contatto_controller" kindref="compound">VisualizzaSingoloContattoController</ref><sp/>controller<sp/>=<sp/>loader.getController();</highlight></codeline>
<codeline lineno="228"><highlight class="normal"><sp/><sp/><sp/><sp/><sp/><sp/><sp/><sp/><sp/><sp/><sp/><sp/><sp/><sp/><sp/><sp/><sp/><sp/><sp/><sp/><sp/><sp/><sp/><sp/>controller.<ref refid="classcom_1_1francesco_1_1rubrica_1_1_interface_1_1_visualizza_singolo_contatto_controller_1a18c6b290a12db5e14f40f2aed9237e83" kindref="member">setContatto</ref>(contattoSelezionato);</highlight></codeline>
<codeline lineno="229"><highlight class="normal"><sp/><sp/><sp/><sp/><sp/><sp/><sp/><sp/><sp/><sp/><sp/><sp/><sp/><sp/><sp/><sp/><sp/><sp/><sp/><sp/><sp/><sp/><sp/><sp/>Stage<sp/>stage<sp/>=<sp/>(Stage)<sp/>currentScene.getWindow();</highlight></codeline>
<codeline lineno="230"><highlight class="normal"><sp/><sp/><sp/><sp/><sp/><sp/><sp/><sp/><sp/><sp/><sp/><sp/><sp/><sp/><sp/><sp/><sp/><sp/><sp/><sp/><sp/><sp/><sp/><sp/>stage.setOnHidden(e<sp/>-&gt;<sp/>aggiornaTabella());</highlight></codeline>
<codeline lineno="231"><highlight class="normal"></highlight></codeline>
<codeline lineno="232"><highlight class="normal"><sp/><sp/><sp/><sp/><sp/><sp/><sp/><sp/><sp/><sp/><sp/><sp/><sp/><sp/><sp/><sp/><sp/><sp/><sp/><sp/>}<sp/></highlight><highlight class="keywordflow">catch</highlight><highlight class="normal"><sp/>(IOException<sp/>e)<sp/>{</highlight></codeline>
<codeline lineno="233"><highlight class="normal"></highlight></codeline>
<codeline lineno="234"><highlight class="normal"><sp/><sp/><sp/><sp/><sp/><sp/><sp/><sp/><sp/><sp/><sp/><sp/><sp/><sp/><sp/><sp/><sp/><sp/><sp/><sp/><sp/><sp/><sp/><sp/>System.out.println(</highlight><highlight class="stringliteral">&quot;Errore<sp/>durante<sp/>il<sp/>caricamento<sp/>della<sp/>vista<sp/>del<sp/>singolo<sp/>contatto.&quot;</highlight><highlight class="normal">);</highlight></codeline>
<codeline lineno="235"><highlight class="normal"><sp/><sp/><sp/><sp/><sp/><sp/><sp/><sp/><sp/><sp/><sp/><sp/><sp/><sp/><sp/><sp/><sp/><sp/><sp/><sp/>}</highlight></codeline>
<codeline lineno="236"><highlight class="normal"><sp/><sp/><sp/><sp/><sp/><sp/><sp/><sp/><sp/><sp/><sp/><sp/><sp/><sp/><sp/><sp/>}<sp/></highlight><highlight class="keywordflow">else</highlight><highlight class="normal"><sp/>{</highlight></codeline>
<codeline lineno="237"><highlight class="normal"><sp/><sp/><sp/><sp/><sp/><sp/><sp/><sp/><sp/><sp/><sp/><sp/><sp/><sp/><sp/><sp/><sp/><sp/><sp/><sp/>System.out.println(</highlight><highlight class="stringliteral">&quot;Nessun<sp/>contatto<sp/>selezionato<sp/>nella<sp/>tabella.&quot;</highlight><highlight class="normal">);</highlight></codeline>
<codeline lineno="238"><highlight class="normal"><sp/><sp/><sp/><sp/><sp/><sp/><sp/><sp/><sp/><sp/><sp/><sp/><sp/><sp/><sp/><sp/>}</highlight></codeline>
<codeline lineno="239"><highlight class="normal"><sp/><sp/><sp/><sp/><sp/><sp/><sp/><sp/><sp/><sp/><sp/><sp/>}</highlight></codeline>
<codeline lineno="240"><highlight class="normal"><sp/><sp/><sp/><sp/><sp/><sp/><sp/><sp/>}</highlight></codeline>
<codeline lineno="241"><highlight class="normal"><sp/><sp/><sp/><sp/>}</highlight></codeline>
<codeline lineno="242"><highlight class="normal">}</highlight></codeline>
<codeline lineno="243"><highlight class="normal"></highlight></codeline>
    </programlisting>
    <location file="Interface/MainInterfaceController.java"/>
  </compounddef>
</doxygen>
