<?xml version='1.0' encoding='UTF-8' standalone='no'?>
<doxygen xmlns:xsi="http://www.w3.org/2001/XMLSchema-instance" xsi:noNamespaceSchemaLocation="compound.xsd" version="1.12.0" xml:lang="it">
  <compounddef id="_modifica_contatto_controller_8java" kind="file" language="Java">
    <compoundname>ModificaContattoController.java</compoundname>
    <includes local="no">java.io.IOException</includes>
    <incdepgraph>
      <node id="1">
        <label>ModificaContattoController.java</label>
        <link refid="_modifica_contatto_controller_8java"/>
        <childnode refid="2" relation="include">
        </childnode>
      </node>
      <node id="2">
        <label>java.io.IOException</label>
      </node>
    </incdepgraph>
    <innerclass refid="classcom_1_1francesco_1_1rubrica_1_1_interface_1_1_modifica_contatto_controller" prot="public">com::francesco::rubrica::Interface::ModificaContattoController</innerclass>
    <innernamespace refid="namespacecom_1_1francesco_1_1rubrica_1_1_interface">com::francesco::rubrica::Interface</innernamespace>
    <briefdescription>
    </briefdescription>
    <detaileddescription>
    </detaileddescription>
    <programlisting>
<codeline lineno="1"><highlight class="comment">/*</highlight></codeline>
<codeline lineno="2"><highlight class="comment"><sp/>*<sp/>To<sp/>change<sp/>this<sp/>license<sp/>header,<sp/>choose<sp/>License<sp/>Headers<sp/>in<sp/>Project<sp/>Properties.</highlight></codeline>
<codeline lineno="3"><highlight class="comment"><sp/>*<sp/>To<sp/>change<sp/>this<sp/>template<sp/>file,<sp/>choose<sp/>Tools<sp/>|<sp/>Templates</highlight></codeline>
<codeline lineno="4"><highlight class="comment"><sp/>*<sp/>and<sp/>open<sp/>the<sp/>template<sp/>in<sp/>the<sp/>editor.</highlight></codeline>
<codeline lineno="5"><highlight class="comment"><sp/>*/</highlight><highlight class="normal"></highlight></codeline>
<codeline lineno="6"><highlight class="normal"></highlight><highlight class="keyword">package<sp/></highlight><highlight class="normal">com.francesco.rubrica.Interface;</highlight></codeline>
<codeline lineno="7"><highlight class="normal"></highlight></codeline>
<codeline lineno="8"><highlight class="normal"></highlight></codeline>
<codeline lineno="9"><highlight class="normal"></highlight></codeline>
<codeline lineno="10"><highlight class="normal"></highlight><highlight class="keyword">import</highlight><highlight class="normal"><sp/>java.io.IOException;</highlight></codeline>
<codeline lineno="11"><highlight class="normal"></highlight><highlight class="keyword">import</highlight><highlight class="normal"><sp/>java.net.URL;</highlight></codeline>
<codeline lineno="12"><highlight class="normal"></highlight><highlight class="keyword">import</highlight><highlight class="normal"><sp/>java.util.ResourceBundle;</highlight></codeline>
<codeline lineno="13"><highlight class="normal"></highlight><highlight class="keyword">import</highlight><highlight class="normal"><sp/>com.francesco.rubrica.Main.App;</highlight></codeline>
<codeline lineno="14"><highlight class="normal"></highlight><highlight class="keyword">import</highlight><highlight class="normal"><sp/>com.francesco.rubrica.Data.*;</highlight></codeline>
<codeline lineno="15"><highlight class="normal"></highlight><highlight class="keyword">import</highlight><highlight class="normal"><sp/>javafx.fxml.FXML;</highlight></codeline>
<codeline lineno="16"><highlight class="normal"></highlight><highlight class="keyword">import</highlight><highlight class="normal"><sp/>javafx.fxml.FXMLLoader;</highlight></codeline>
<codeline lineno="17"><highlight class="normal"></highlight><highlight class="keyword">import</highlight><highlight class="normal"><sp/>javafx.fxml.Initializable;</highlight></codeline>
<codeline lineno="18"><highlight class="normal"></highlight><highlight class="keyword">import</highlight><highlight class="normal"><sp/>javafx.scene.Parent;</highlight></codeline>
<codeline lineno="19"><highlight class="normal"></highlight><highlight class="keyword">import</highlight><highlight class="normal"><sp/>javafx.scene.Scene;</highlight></codeline>
<codeline lineno="20"><highlight class="normal"></highlight><highlight class="keyword">import</highlight><highlight class="normal"><sp/>javafx.scene.control.Button;</highlight></codeline>
<codeline lineno="21"><highlight class="normal"></highlight><highlight class="keyword">import</highlight><highlight class="normal"><sp/>javafx.scene.control.DatePicker;</highlight></codeline>
<codeline lineno="22"><highlight class="normal"></highlight><highlight class="keyword">import</highlight><highlight class="normal"><sp/>javafx.scene.control.TextField;</highlight></codeline>
<codeline lineno="23"><highlight class="normal"></highlight><highlight class="keyword">import</highlight><highlight class="normal"><sp/>javafx.event.ActionEvent;</highlight></codeline>
<codeline lineno="24"><highlight class="normal"></highlight><highlight class="keyword">import</highlight><highlight class="normal"><sp/>javafx.scene.control.Alert;</highlight></codeline>
<codeline lineno="25"><highlight class="normal"></highlight><highlight class="keyword">import</highlight><highlight class="normal"><sp/></highlight><highlight class="keyword">static</highlight><highlight class="normal"><sp/>com.francesco.rubrica.Data.Contatto.isValidEmail;</highlight></codeline>
<codeline lineno="26"><highlight class="normal"></highlight><highlight class="keyword">import</highlight><highlight class="normal"><sp/></highlight><highlight class="keyword">static</highlight><highlight class="normal"><sp/>com.francesco.rubrica.Data.Contatto.isValidPhoneNumber;</highlight></codeline>
<codeline lineno="27"><highlight class="normal"></highlight></codeline>
<codeline lineno="28"><highlight class="normal"></highlight></codeline>
<codeline lineno="37" refid="classcom_1_1francesco_1_1rubrica_1_1_interface_1_1_modifica_contatto_controller" refkind="compound"><highlight class="normal"></highlight><highlight class="keyword">public</highlight><highlight class="normal"><sp/></highlight><highlight class="keyword">class<sp/></highlight><highlight class="normal"><ref refid="classcom_1_1francesco_1_1rubrica_1_1_interface_1_1_modifica_contatto_controller" kindref="compound">ModificaContattoController</ref><sp/></highlight><highlight class="keyword">implements</highlight><highlight class="normal"><sp/>Initializable<sp/>{</highlight></codeline>
<codeline lineno="38"><highlight class="normal"></highlight></codeline>
<codeline lineno="42"><highlight class="normal"><sp/><sp/><sp/><sp/>@FXML</highlight></codeline>
<codeline lineno="43"><highlight class="normal"><sp/><sp/><sp/><sp/></highlight><highlight class="keyword">private</highlight><highlight class="normal"><sp/>TextField<sp/>nameField;</highlight></codeline>
<codeline lineno="44"><highlight class="normal"></highlight></codeline>
<codeline lineno="48"><highlight class="normal"><sp/><sp/><sp/><sp/>@FXML</highlight></codeline>
<codeline lineno="49"><highlight class="normal"><sp/><sp/><sp/><sp/></highlight><highlight class="keyword">private</highlight><highlight class="normal"><sp/>TextField<sp/>surnameField;</highlight></codeline>
<codeline lineno="50"><highlight class="normal"></highlight></codeline>
<codeline lineno="54"><highlight class="normal"><sp/><sp/><sp/><sp/>@FXML</highlight></codeline>
<codeline lineno="55"><highlight class="normal"><sp/><sp/><sp/><sp/></highlight><highlight class="keyword">private</highlight><highlight class="normal"><sp/>DatePicker<sp/>birthdayField;</highlight></codeline>
<codeline lineno="56"><highlight class="normal"></highlight></codeline>
<codeline lineno="60"><highlight class="normal"><sp/><sp/><sp/><sp/>@FXML</highlight></codeline>
<codeline lineno="61"><highlight class="normal"><sp/><sp/><sp/><sp/></highlight><highlight class="keyword">private</highlight><highlight class="normal"><sp/>TextField<sp/>companyField;</highlight></codeline>
<codeline lineno="62"><highlight class="normal"></highlight></codeline>
<codeline lineno="66"><highlight class="normal"><sp/><sp/><sp/><sp/>@FXML</highlight></codeline>
<codeline lineno="67"><highlight class="normal"><sp/><sp/><sp/><sp/></highlight><highlight class="keyword">private</highlight><highlight class="normal"><sp/>TextField<sp/>numberField1;</highlight></codeline>
<codeline lineno="68"><highlight class="normal"></highlight></codeline>
<codeline lineno="72"><highlight class="normal"><sp/><sp/><sp/><sp/>@FXML</highlight></codeline>
<codeline lineno="73"><highlight class="normal"><sp/><sp/><sp/><sp/></highlight><highlight class="keyword">private</highlight><highlight class="normal"><sp/>TextField<sp/>numberField2;</highlight></codeline>
<codeline lineno="74"><highlight class="normal"></highlight></codeline>
<codeline lineno="78"><highlight class="normal"><sp/><sp/><sp/><sp/>@FXML</highlight></codeline>
<codeline lineno="79"><highlight class="normal"><sp/><sp/><sp/><sp/></highlight><highlight class="keyword">private</highlight><highlight class="normal"><sp/>TextField<sp/>numberField3;</highlight></codeline>
<codeline lineno="80"><highlight class="normal"></highlight></codeline>
<codeline lineno="84"><highlight class="normal"><sp/><sp/><sp/><sp/>@FXML</highlight></codeline>
<codeline lineno="85"><highlight class="normal"><sp/><sp/><sp/><sp/></highlight><highlight class="keyword">private</highlight><highlight class="normal"><sp/>TextField<sp/>emailField1;</highlight></codeline>
<codeline lineno="86"><highlight class="normal"></highlight></codeline>
<codeline lineno="90"><highlight class="normal"><sp/><sp/><sp/><sp/>@FXML</highlight></codeline>
<codeline lineno="91"><highlight class="normal"><sp/><sp/><sp/><sp/></highlight><highlight class="keyword">private</highlight><highlight class="normal"><sp/>TextField<sp/>emailField2;</highlight></codeline>
<codeline lineno="92"><highlight class="normal"></highlight></codeline>
<codeline lineno="96"><highlight class="normal"><sp/><sp/><sp/><sp/>@FXML</highlight></codeline>
<codeline lineno="97"><highlight class="normal"><sp/><sp/><sp/><sp/></highlight><highlight class="keyword">private</highlight><highlight class="normal"><sp/>TextField<sp/>emailField3;</highlight></codeline>
<codeline lineno="98"><highlight class="normal"></highlight></codeline>
<codeline lineno="102"><highlight class="normal"><sp/><sp/><sp/><sp/>@FXML</highlight></codeline>
<codeline lineno="103"><highlight class="normal"><sp/><sp/><sp/><sp/></highlight><highlight class="keyword">private</highlight><highlight class="normal"><sp/>TextField<sp/>addressField;</highlight></codeline>
<codeline lineno="104"><highlight class="normal"></highlight></codeline>
<codeline lineno="108"><highlight class="normal"><sp/><sp/><sp/><sp/>@FXML</highlight></codeline>
<codeline lineno="109"><highlight class="normal"><sp/><sp/><sp/><sp/></highlight><highlight class="keyword">private</highlight><highlight class="normal"><sp/>Button<sp/>modifyButton;</highlight></codeline>
<codeline lineno="110"><highlight class="normal"></highlight></codeline>
<codeline lineno="114"><highlight class="normal"><sp/><sp/><sp/><sp/>@FXML</highlight></codeline>
<codeline lineno="115"><highlight class="normal"><sp/><sp/><sp/><sp/></highlight><highlight class="keyword">private</highlight><highlight class="normal"><sp/>Button<sp/>delButton;</highlight></codeline>
<codeline lineno="116"><highlight class="normal"></highlight></codeline>
<codeline lineno="126"><highlight class="normal"><sp/><sp/><sp/><sp/></highlight><highlight class="keyword">private</highlight><highlight class="normal"><sp/><ref refid="classcom_1_1francesco_1_1rubrica_1_1_data_1_1_contatto" kindref="compound">Contatto</ref><sp/>contatto;</highlight></codeline>
<codeline lineno="127"><highlight class="normal"></highlight></codeline>
<codeline lineno="128"><highlight class="normal"></highlight></codeline>
<codeline lineno="137"><highlight class="normal"><sp/><sp/><sp/><sp/>@Override</highlight></codeline>
<codeline lineno="138"><highlight class="normal"><sp/><sp/><sp/><sp/></highlight><highlight class="keyword">public</highlight><highlight class="normal"><sp/></highlight><highlight class="keywordtype">void</highlight><highlight class="normal"><sp/><ref refid="classcom_1_1francesco_1_1rubrica_1_1_interface_1_1_modifica_contatto_controller_1ac2d3b4d58aaf7c8a576c5e5e41311040" kindref="member">initialize</ref>(URL<sp/>url,<sp/>ResourceBundle<sp/>rb)<sp/>{</highlight></codeline>
<codeline lineno="139"><highlight class="normal"></highlight></codeline>
<codeline lineno="140"><highlight class="normal"><sp/><sp/><sp/><sp/>}</highlight></codeline>
<codeline lineno="141"><highlight class="normal"></highlight></codeline>
<codeline lineno="147"><highlight class="normal"><sp/><sp/><sp/><sp/></highlight><highlight class="keyword">public</highlight><highlight class="normal"><sp/></highlight><highlight class="keywordtype">void</highlight><highlight class="normal"><sp/><ref refid="classcom_1_1francesco_1_1rubrica_1_1_interface_1_1_modifica_contatto_controller_1a83047eb1c0137b3150c3e7ae5e31f9d7" kindref="member">setContatto</ref>(<ref refid="classcom_1_1francesco_1_1rubrica_1_1_data_1_1_contatto" kindref="compound">Contatto</ref><sp/>contatto)<sp/>{</highlight></codeline>
<codeline lineno="148"><highlight class="normal"><sp/><sp/><sp/><sp/><sp/><sp/><sp/><sp/>this.contatto<sp/>=<sp/>contatto;</highlight></codeline>
<codeline lineno="149"><highlight class="normal"><sp/><sp/><sp/><sp/><sp/><sp/><sp/><sp/>nameField.setText(contatto.<ref refid="classcom_1_1francesco_1_1rubrica_1_1_data_1_1_contatto_1afb9b396e0c4b253e7e198cceb4fb32c1" kindref="member">getNome</ref>());</highlight></codeline>
<codeline lineno="150"><highlight class="normal"><sp/><sp/><sp/><sp/><sp/><sp/><sp/><sp/>surnameField.setText(contatto.<ref refid="classcom_1_1francesco_1_1rubrica_1_1_data_1_1_contatto_1ac2b5fcb133390aa7217f7737232dbcee" kindref="member">getCognome</ref>());</highlight></codeline>
<codeline lineno="151"><highlight class="normal"><sp/><sp/><sp/><sp/><sp/><sp/><sp/><sp/>birthdayField.setValue(contatto.<ref refid="classcom_1_1francesco_1_1rubrica_1_1_data_1_1_contatto_1a5a93e2dcde3e84cda6155e65b053b92c" kindref="member">getCompleanno</ref>());</highlight></codeline>
<codeline lineno="152"><highlight class="normal"><sp/><sp/><sp/><sp/><sp/><sp/><sp/><sp/>companyField.setText(contatto.<ref refid="classcom_1_1francesco_1_1rubrica_1_1_data_1_1_contatto_1a225bce7bfa3c0312efefec7ca733b7d8" kindref="member">getSocietà</ref>());</highlight></codeline>
<codeline lineno="153"><highlight class="normal"><sp/><sp/><sp/><sp/><sp/><sp/><sp/><sp/>numberField1.setText(contatto.<ref refid="classcom_1_1francesco_1_1rubrica_1_1_data_1_1_contatto_1afc016576b53db112129de1bbebcd926e" kindref="member">getTelefono1</ref>());</highlight></codeline>
<codeline lineno="154"><highlight class="normal"><sp/><sp/><sp/><sp/><sp/><sp/><sp/><sp/>numberField2.setText(contatto.<ref refid="classcom_1_1francesco_1_1rubrica_1_1_data_1_1_contatto_1a8f7c6737ae615030cac8ed0fb18fcd27" kindref="member">getTelefono2</ref>());</highlight></codeline>
<codeline lineno="155"><highlight class="normal"><sp/><sp/><sp/><sp/><sp/><sp/><sp/><sp/>numberField3.setText(contatto.<ref refid="classcom_1_1francesco_1_1rubrica_1_1_data_1_1_contatto_1a229ff72a6893429e689f2a33e516b55d" kindref="member">getTelefono3</ref>());</highlight></codeline>
<codeline lineno="156"><highlight class="normal"><sp/><sp/><sp/><sp/><sp/><sp/><sp/><sp/>emailField1.setText(contatto.<ref refid="classcom_1_1francesco_1_1rubrica_1_1_data_1_1_contatto_1a71a7b8f2570c594d6c19ccbf32e017c5" kindref="member">getEmail1</ref>());</highlight></codeline>
<codeline lineno="157"><highlight class="normal"><sp/><sp/><sp/><sp/><sp/><sp/><sp/><sp/>emailField2.setText(contatto.<ref refid="classcom_1_1francesco_1_1rubrica_1_1_data_1_1_contatto_1adbe46cf9dfcee8aa8738df276dafaf86" kindref="member">getEmail2</ref>());</highlight></codeline>
<codeline lineno="158"><highlight class="normal"><sp/><sp/><sp/><sp/><sp/><sp/><sp/><sp/>emailField3.setText(contatto.<ref refid="classcom_1_1francesco_1_1rubrica_1_1_data_1_1_contatto_1abc45fceef8957d3ead42489c8811c89c" kindref="member">getEmail3</ref>());</highlight></codeline>
<codeline lineno="159"><highlight class="normal"><sp/><sp/><sp/><sp/><sp/><sp/><sp/><sp/>addressField.setText(contatto.<ref refid="classcom_1_1francesco_1_1rubrica_1_1_data_1_1_contatto_1a0b3f0e26af95298df85d747edae5020b" kindref="member">getIndirizzo</ref>());</highlight></codeline>
<codeline lineno="160"><highlight class="normal"><sp/><sp/><sp/><sp/>}</highlight></codeline>
<codeline lineno="161"><highlight class="normal"></highlight></codeline>
<codeline lineno="162"><highlight class="normal"></highlight></codeline>
<codeline lineno="171"><highlight class="normal"><sp/><sp/><sp/><sp/>@FXML</highlight></codeline>
<codeline lineno="172"><highlight class="normal"><sp/><sp/><sp/><sp/></highlight><highlight class="keyword">public</highlight><highlight class="normal"><sp/></highlight><highlight class="keywordtype">void</highlight><highlight class="normal"><sp/><ref refid="classcom_1_1francesco_1_1rubrica_1_1_interface_1_1_modifica_contatto_controller_1a0e906f73ef46087c83a47dff8946bdd3" kindref="member">annulla</ref>(ActionEvent<sp/>event)<sp/>{</highlight></codeline>
<codeline lineno="173"><highlight class="normal"><sp/><sp/><sp/><sp/><sp/><sp/><sp/><sp/></highlight><highlight class="keywordflow">try</highlight><highlight class="normal"><sp/>{</highlight></codeline>
<codeline lineno="174"><highlight class="normal"></highlight></codeline>
<codeline lineno="175"><highlight class="normal"><sp/><sp/><sp/><sp/><sp/><sp/><sp/><sp/><sp/><sp/><sp/><sp/>FXMLLoader<sp/>loader<sp/>=<sp/></highlight><highlight class="keyword">new</highlight><highlight class="normal"><sp/>FXMLLoader(getClass().getResource(</highlight><highlight class="stringliteral">&quot;/com/francesco/rubrica/VisualizzaSingoloContattoController.fxml&quot;</highlight><highlight class="normal">));</highlight></codeline>
<codeline lineno="176"><highlight class="normal"><sp/><sp/><sp/><sp/><sp/><sp/><sp/><sp/><sp/><sp/><sp/><sp/>Parent<sp/>root<sp/>=<sp/>loader.load();</highlight></codeline>
<codeline lineno="177"><highlight class="normal"></highlight></codeline>
<codeline lineno="178"><highlight class="normal"><sp/><sp/><sp/><sp/><sp/><sp/><sp/><sp/><sp/><sp/><sp/><sp/>Scene<sp/>currentscene<sp/>=<sp/>((javafx.scene.Node)<sp/></highlight><highlight class="keyword">event</highlight><highlight class="normal">.getSource()).getScene();</highlight></codeline>
<codeline lineno="179"><highlight class="normal"><sp/><sp/><sp/><sp/><sp/><sp/><sp/><sp/><sp/><sp/><sp/><sp/>currentscene.setRoot(root);</highlight></codeline>
<codeline lineno="180"><highlight class="normal"></highlight></codeline>
<codeline lineno="181"><highlight class="normal"><sp/><sp/><sp/><sp/><sp/><sp/><sp/><sp/><sp/><sp/><sp/><sp/><ref refid="classcom_1_1francesco_1_1rubrica_1_1_interface_1_1_visualizza_singolo_contatto_controller" kindref="compound">VisualizzaSingoloContattoController</ref><sp/>controller<sp/>=<sp/>loader.getController();</highlight></codeline>
<codeline lineno="182"><highlight class="normal"><sp/><sp/><sp/><sp/><sp/><sp/><sp/><sp/><sp/><sp/><sp/><sp/>controller.<ref refid="classcom_1_1francesco_1_1rubrica_1_1_interface_1_1_visualizza_singolo_contatto_controller_1a18c6b290a12db5e14f40f2aed9237e83" kindref="member">setContatto</ref>(contatto);</highlight></codeline>
<codeline lineno="183"><highlight class="normal"><sp/><sp/><sp/><sp/><sp/><sp/><sp/><sp/>}<sp/></highlight><highlight class="keywordflow">catch</highlight><highlight class="normal"><sp/>(IOException<sp/>e)<sp/>{</highlight></codeline>
<codeline lineno="184"><highlight class="normal"><sp/><sp/><sp/><sp/><sp/><sp/><sp/><sp/><sp/><sp/><sp/>System.out.println(</highlight><highlight class="stringliteral">&quot;Impossibile<sp/>annullare<sp/>l&apos;operazione<sp/>corrente&quot;</highlight><highlight class="normal">);</highlight></codeline>
<codeline lineno="185"><highlight class="normal"><sp/><sp/><sp/><sp/><sp/><sp/><sp/><sp/>}</highlight></codeline>
<codeline lineno="186"><highlight class="normal"><sp/><sp/><sp/><sp/>}</highlight></codeline>
<codeline lineno="187"><highlight class="normal"></highlight></codeline>
<codeline lineno="198"><highlight class="normal"><sp/><sp/><sp/><sp/>@FXML</highlight></codeline>
<codeline lineno="199"><highlight class="normal"><sp/><sp/><sp/><sp/></highlight><highlight class="keyword">private</highlight><highlight class="normal"><sp/></highlight><highlight class="keywordtype">void</highlight><highlight class="normal"><sp/>modificaContatto(ActionEvent<sp/>event)<sp/>{</highlight></codeline>
<codeline lineno="200"><highlight class="normal"><sp/><sp/><sp/><sp/><sp/><sp/><sp/><sp/></highlight><highlight class="keywordflow">if</highlight><highlight class="normal"><sp/>(contatto<sp/>==<sp/></highlight><highlight class="keyword">null</highlight><highlight class="normal">)<sp/>{</highlight></codeline>
<codeline lineno="201"><highlight class="normal"><sp/><sp/><sp/><sp/><sp/><sp/><sp/><sp/><sp/><sp/><sp/><sp/>System.out.println(</highlight><highlight class="stringliteral">&quot;Nessun<sp/>contatto<sp/>selezionato<sp/>per<sp/>la<sp/>modifica.&quot;</highlight><highlight class="normal">);</highlight></codeline>
<codeline lineno="202"><highlight class="normal"><sp/><sp/><sp/><sp/><sp/><sp/><sp/><sp/><sp/><sp/><sp/><sp/></highlight><highlight class="keywordflow">return</highlight><highlight class="normal">;</highlight></codeline>
<codeline lineno="203"><highlight class="normal"><sp/><sp/><sp/><sp/><sp/><sp/><sp/><sp/>}</highlight></codeline>
<codeline lineno="204"><highlight class="normal"><sp/><sp/><sp/><sp/><sp/><sp/><sp/><sp/></highlight><highlight class="keywordflow">if</highlight><highlight class="normal"><sp/>(!isValidPhoneNumber(numberField1.getText().trim())<sp/>||</highlight></codeline>
<codeline lineno="205"><highlight class="normal"><sp/><sp/><sp/><sp/><sp/><sp/><sp/><sp/><sp/><sp/><sp/><sp/><sp/><sp/><sp/><sp/>!isValidPhoneNumber(numberField2.getText().trim())<sp/>||</highlight></codeline>
<codeline lineno="206"><highlight class="normal"><sp/><sp/><sp/><sp/><sp/><sp/><sp/><sp/><sp/><sp/><sp/><sp/><sp/><sp/><sp/><sp/>!isValidPhoneNumber(numberField3.getText().trim()))<sp/>{</highlight></codeline>
<codeline lineno="207"><highlight class="normal"><sp/><sp/><sp/><sp/><sp/><sp/><sp/><sp/><sp/><sp/><sp/><sp/>Alert<sp/>alert<sp/>=<sp/></highlight><highlight class="keyword">new</highlight><highlight class="normal"><sp/>Alert(Alert.AlertType.ERROR);</highlight></codeline>
<codeline lineno="208"><highlight class="normal"><sp/><sp/><sp/><sp/><sp/><sp/><sp/><sp/><sp/><sp/><sp/><sp/>alert.setTitle(</highlight><highlight class="stringliteral">&quot;Errore&quot;</highlight><highlight class="normal">);</highlight></codeline>
<codeline lineno="209"><highlight class="normal"><sp/><sp/><sp/><sp/><sp/><sp/><sp/><sp/><sp/><sp/><sp/><sp/>alert.setHeaderText(</highlight><highlight class="stringliteral">&quot;Numero<sp/>di<sp/>telefono<sp/>non<sp/>valido&quot;</highlight><highlight class="normal">);</highlight></codeline>
<codeline lineno="210"><highlight class="normal"><sp/><sp/><sp/><sp/><sp/><sp/><sp/><sp/><sp/><sp/><sp/><sp/>alert.setContentText(</highlight><highlight class="stringliteral">&quot;Inserisci<sp/>un<sp/>numero<sp/>di<sp/>telefono<sp/>valido<sp/>(10-15<sp/>cifre).&quot;</highlight><highlight class="normal">);</highlight></codeline>
<codeline lineno="211"><highlight class="normal"><sp/><sp/><sp/><sp/><sp/><sp/><sp/><sp/><sp/><sp/><sp/><sp/>alert.showAndWait();</highlight></codeline>
<codeline lineno="212"><highlight class="normal"><sp/><sp/><sp/><sp/><sp/><sp/><sp/><sp/><sp/><sp/><sp/><sp/></highlight><highlight class="keywordflow">return</highlight><highlight class="normal">;</highlight></codeline>
<codeline lineno="213"><highlight class="normal"><sp/><sp/><sp/><sp/><sp/><sp/><sp/><sp/>}</highlight></codeline>
<codeline lineno="214"><highlight class="normal"></highlight></codeline>
<codeline lineno="215"><highlight class="normal"><sp/><sp/><sp/><sp/><sp/><sp/><sp/><sp/></highlight><highlight class="keywordflow">if</highlight><highlight class="normal"><sp/>(!isValidEmail(emailField1.getText().trim())<sp/>||</highlight></codeline>
<codeline lineno="216"><highlight class="normal"><sp/><sp/><sp/><sp/><sp/><sp/><sp/><sp/><sp/><sp/><sp/><sp/><sp/><sp/><sp/><sp/>!isValidEmail(emailField2.getText().trim())<sp/>||</highlight></codeline>
<codeline lineno="217"><highlight class="normal"><sp/><sp/><sp/><sp/><sp/><sp/><sp/><sp/><sp/><sp/><sp/><sp/><sp/><sp/><sp/><sp/>!isValidEmail(emailField3.getText().trim()))<sp/>{</highlight></codeline>
<codeline lineno="218"><highlight class="normal"><sp/><sp/><sp/><sp/><sp/><sp/><sp/><sp/><sp/><sp/><sp/><sp/>Alert<sp/>alert<sp/>=<sp/></highlight><highlight class="keyword">new</highlight><highlight class="normal"><sp/>Alert(Alert.AlertType.ERROR);</highlight></codeline>
<codeline lineno="219"><highlight class="normal"><sp/><sp/><sp/><sp/><sp/><sp/><sp/><sp/><sp/><sp/><sp/><sp/>alert.setTitle(</highlight><highlight class="stringliteral">&quot;Errore&quot;</highlight><highlight class="normal">);</highlight></codeline>
<codeline lineno="220"><highlight class="normal"><sp/><sp/><sp/><sp/><sp/><sp/><sp/><sp/><sp/><sp/><sp/><sp/>alert.setHeaderText(</highlight><highlight class="stringliteral">&quot;Email<sp/>non<sp/>valida&quot;</highlight><highlight class="normal">);</highlight></codeline>
<codeline lineno="221"><highlight class="normal"><sp/><sp/><sp/><sp/><sp/><sp/><sp/><sp/><sp/><sp/><sp/><sp/>alert.setContentText(</highlight><highlight class="stringliteral">&quot;Inserisci<sp/>un&apos;email<sp/>valida.&quot;</highlight><highlight class="normal">);</highlight></codeline>
<codeline lineno="222"><highlight class="normal"><sp/><sp/><sp/><sp/><sp/><sp/><sp/><sp/><sp/><sp/><sp/><sp/>alert.showAndWait();</highlight></codeline>
<codeline lineno="223"><highlight class="normal"><sp/><sp/><sp/><sp/><sp/><sp/><sp/><sp/><sp/><sp/><sp/><sp/></highlight><highlight class="keywordflow">return</highlight><highlight class="normal">;</highlight></codeline>
<codeline lineno="224"><highlight class="normal"><sp/><sp/><sp/><sp/><sp/><sp/><sp/><sp/>}</highlight></codeline>
<codeline lineno="225"><highlight class="normal"><sp/><sp/><sp/><sp/><sp/><sp/><sp/><sp/><ref refid="classcom_1_1francesco_1_1rubrica_1_1_data_1_1_contatto" kindref="compound">Contatto</ref><sp/>nuovocontatto=<sp/></highlight><highlight class="keyword">new</highlight><highlight class="normal"><sp/><ref refid="classcom_1_1francesco_1_1rubrica_1_1_data_1_1_contatto" kindref="compound">Contatto</ref>(</highlight></codeline>
<codeline lineno="226"><highlight class="normal"><sp/><sp/><sp/><sp/><sp/><sp/><sp/><sp/><sp/><sp/><sp/><sp/><sp/><sp/><sp/><sp/>nameField.getText().trim(),</highlight></codeline>
<codeline lineno="227"><highlight class="normal"><sp/><sp/><sp/><sp/><sp/><sp/><sp/><sp/><sp/><sp/><sp/><sp/><sp/><sp/><sp/><sp/>surnameField.getText().trim(),</highlight></codeline>
<codeline lineno="228"><highlight class="normal"><sp/><sp/><sp/><sp/><sp/><sp/><sp/><sp/><sp/><sp/><sp/><sp/><sp/><sp/><sp/><sp/>numberField1.getText().trim(),</highlight></codeline>
<codeline lineno="229"><highlight class="normal"><sp/><sp/><sp/><sp/><sp/><sp/><sp/><sp/><sp/><sp/><sp/><sp/><sp/><sp/><sp/><sp/>numberField2.getText().trim(),</highlight></codeline>
<codeline lineno="230"><highlight class="normal"><sp/><sp/><sp/><sp/><sp/><sp/><sp/><sp/><sp/><sp/><sp/><sp/><sp/><sp/><sp/><sp/>numberField3.getText().trim(),</highlight></codeline>
<codeline lineno="231"><highlight class="normal"><sp/><sp/><sp/><sp/><sp/><sp/><sp/><sp/><sp/><sp/><sp/><sp/><sp/><sp/><sp/><sp/>emailField1.getText().trim(),</highlight></codeline>
<codeline lineno="232"><highlight class="normal"><sp/><sp/><sp/><sp/><sp/><sp/><sp/><sp/><sp/><sp/><sp/><sp/><sp/><sp/><sp/><sp/>emailField2.getText().trim(),</highlight></codeline>
<codeline lineno="233"><highlight class="normal"><sp/><sp/><sp/><sp/><sp/><sp/><sp/><sp/><sp/><sp/><sp/><sp/><sp/><sp/><sp/><sp/>emailField3.getText().trim(),</highlight></codeline>
<codeline lineno="234"><highlight class="normal"><sp/><sp/><sp/><sp/><sp/><sp/><sp/><sp/><sp/><sp/><sp/><sp/><sp/><sp/><sp/><sp/>companyField.getText().trim(),</highlight></codeline>
<codeline lineno="235"><highlight class="normal"><sp/><sp/><sp/><sp/><sp/><sp/><sp/><sp/><sp/><sp/><sp/><sp/><sp/><sp/><sp/><sp/>addressField.getText().trim(),</highlight></codeline>
<codeline lineno="236"><highlight class="normal"><sp/><sp/><sp/><sp/><sp/><sp/><sp/><sp/><sp/><sp/><sp/><sp/><sp/><sp/><sp/><sp/>birthdayField.getValue()</highlight></codeline>
<codeline lineno="237"><highlight class="normal"><sp/><sp/><sp/><sp/><sp/><sp/><sp/><sp/>);</highlight></codeline>
<codeline lineno="238"><highlight class="normal"><sp/><sp/><sp/><sp/><sp/><sp/><sp/><sp/></highlight><highlight class="keywordflow">if</highlight><highlight class="normal"><sp/>(<ref refid="classcom_1_1francesco_1_1rubrica_1_1_main_1_1_app" kindref="compound">App</ref>.<ref refid="classcom_1_1francesco_1_1rubrica_1_1_main_1_1_app_1a9691e44f528ca14d15904ba494983119" kindref="member">getRubricaCondivisa</ref>()<sp/>!=<sp/></highlight><highlight class="keyword">null</highlight><highlight class="normal">)<sp/>{</highlight></codeline>
<codeline lineno="239"><highlight class="normal"><sp/><sp/><sp/><sp/><sp/><sp/><sp/><sp/><sp/><sp/><sp/><sp/><sp/><sp/><sp/><sp/><sp/><sp/><ref refid="classcom_1_1francesco_1_1rubrica_1_1_main_1_1_app" kindref="compound">App</ref>.<ref refid="classcom_1_1francesco_1_1rubrica_1_1_main_1_1_app_1a9691e44f528ca14d15904ba494983119" kindref="member">getRubricaCondivisa</ref>().<ref refid="classcom_1_1francesco_1_1rubrica_1_1_data_1_1_rubrica_1accca283e46426e17742aae366770bf87" kindref="member">modificaContatto</ref>(contatto,<sp/>nuovocontatto);</highlight></codeline>
<codeline lineno="240"><highlight class="normal"><sp/><sp/><sp/><sp/><sp/><sp/><sp/><sp/><sp/><sp/><sp/><sp/><sp/><sp/>}<sp/></highlight><highlight class="keywordflow">else</highlight><highlight class="normal"><sp/>{</highlight></codeline>
<codeline lineno="241"><highlight class="normal"><sp/><sp/><sp/><sp/><sp/><sp/><sp/><sp/><sp/><sp/><sp/><sp/><sp/><sp/><sp/><sp/><sp/><sp/>System.out.println(</highlight><highlight class="stringliteral">&quot;Rubrica<sp/>condivisa<sp/>non<sp/>trovata.&quot;</highlight><highlight class="normal">);</highlight></codeline>
<codeline lineno="242"><highlight class="normal"><sp/><sp/><sp/><sp/><sp/><sp/><sp/><sp/><sp/><sp/><sp/><sp/><sp/><sp/>}</highlight></codeline>
<codeline lineno="243"><highlight class="normal"></highlight></codeline>
<codeline lineno="244"><highlight class="normal"><sp/><sp/><sp/><sp/><sp/><sp/><sp/><sp/></highlight><highlight class="keywordflow">try</highlight><highlight class="normal"><sp/>{</highlight></codeline>
<codeline lineno="245"><highlight class="normal"></highlight></codeline>
<codeline lineno="246"><highlight class="normal"><sp/><sp/><sp/><sp/><sp/><sp/><sp/><sp/><sp/><sp/><sp/><sp/>FXMLLoader<sp/>loader<sp/>=<sp/></highlight><highlight class="keyword">new</highlight><highlight class="normal"><sp/>FXMLLoader(getClass().getResource(</highlight><highlight class="stringliteral">&quot;/com/francesco/rubrica/VisualizzaSingoloContattoController.fxml&quot;</highlight><highlight class="normal">));</highlight></codeline>
<codeline lineno="247"><highlight class="normal"><sp/><sp/><sp/><sp/><sp/><sp/><sp/><sp/><sp/><sp/><sp/><sp/>Parent<sp/>root<sp/>=<sp/>loader.load();</highlight></codeline>
<codeline lineno="248"><highlight class="normal"><sp/><sp/><sp/><sp/><sp/><sp/><sp/><sp/><sp/><sp/><sp/><sp/>Scene<sp/>currentscene<sp/>=<sp/>((javafx.scene.Node)<sp/></highlight><highlight class="keyword">event</highlight><highlight class="normal">.getSource()).getScene();</highlight></codeline>
<codeline lineno="249"><highlight class="normal"><sp/><sp/><sp/><sp/><sp/><sp/><sp/><sp/><sp/><sp/><sp/><sp/>currentscene.setRoot(root);</highlight></codeline>
<codeline lineno="250"><highlight class="normal"></highlight></codeline>
<codeline lineno="251"><highlight class="normal"><sp/><sp/><sp/><sp/><sp/><sp/><sp/><sp/><sp/><sp/><sp/><sp/><ref refid="classcom_1_1francesco_1_1rubrica_1_1_interface_1_1_visualizza_singolo_contatto_controller" kindref="compound">VisualizzaSingoloContattoController</ref><sp/>controller<sp/>=<sp/>loader.getController();</highlight></codeline>
<codeline lineno="252"><highlight class="normal"><sp/><sp/><sp/><sp/><sp/><sp/><sp/><sp/><sp/><sp/><sp/><sp/>controller.<ref refid="classcom_1_1francesco_1_1rubrica_1_1_interface_1_1_visualizza_singolo_contatto_controller_1a18c6b290a12db5e14f40f2aed9237e83" kindref="member">setContatto</ref>(nuovocontatto);</highlight></codeline>
<codeline lineno="253"><highlight class="normal"><sp/><sp/><sp/><sp/><sp/><sp/><sp/><sp/>}<sp/></highlight><highlight class="keywordflow">catch</highlight><highlight class="normal"><sp/>(IOException<sp/>e)<sp/>{</highlight></codeline>
<codeline lineno="254"><highlight class="normal"><sp/><sp/><sp/><sp/><sp/><sp/><sp/><sp/><sp/><sp/><sp/>System.out.println(</highlight><highlight class="stringliteral">&quot;Impossibile<sp/>tornare<sp/>alla<sp/>interfaccia<sp/>VisualizzaSingoloContatto.&quot;</highlight><highlight class="normal">);</highlight></codeline>
<codeline lineno="255"><highlight class="normal"><sp/><sp/><sp/><sp/><sp/><sp/><sp/><sp/>}</highlight></codeline>
<codeline lineno="256"><highlight class="normal"><sp/><sp/><sp/><sp/>}</highlight></codeline>
<codeline lineno="257"><highlight class="normal">}</highlight></codeline>
    </programlisting>
    <location file="ModificaContattoController.java"/>
  </compounddef>
</doxygen>
