<?xml version='1.0' encoding='UTF-8' standalone='no'?>
<doxygen xmlns:xsi="http://www.w3.org/2001/XMLSchema-instance" xsi:noNamespaceSchemaLocation="compound.xsd" version="1.12.0" xml:lang="it">
  <compounddef id="_rubrica_8java" kind="file" language="Java">
    <compoundname>Rubrica.java</compoundname>
    <includes local="no">javafx.collections.FXCollections</includes>
    <incdepgraph>
      <node id="1">
        <label>Rubrica.java</label>
        <link refid="_rubrica_8java"/>
        <childnode refid="2" relation="include">
        </childnode>
      </node>
      <node id="2">
        <label>javafx.collections.FXCollections</label>
      </node>
    </incdepgraph>
    <innerclass refid="classcom_1_1francesco_1_1rubrica_1_1_data_1_1_rubrica" prot="public">com::francesco::rubrica::Data::Rubrica</innerclass>
    <innernamespace refid="namespacecom_1_1francesco_1_1rubrica_1_1_data">com::francesco::rubrica::Data</innernamespace>
    <innernamespace refid="namespacejava_1_1io">java::io</innernamespace>
    <briefdescription>
    </briefdescription>
    <detaileddescription>
    </detaileddescription>
    <programlisting>
<codeline lineno="1"><highlight class="comment">/*</highlight></codeline>
<codeline lineno="2"><highlight class="comment"><sp/>*<sp/>To<sp/>change<sp/>this<sp/>license<sp/>header,<sp/>choose<sp/>License<sp/>Headers<sp/>in<sp/>Project<sp/>Properties.</highlight></codeline>
<codeline lineno="3"><highlight class="comment"><sp/>*<sp/>To<sp/>change<sp/>this<sp/>template<sp/>file,<sp/>choose<sp/>Tools<sp/>|<sp/>Templates</highlight></codeline>
<codeline lineno="4"><highlight class="comment"><sp/>*<sp/>and<sp/>open<sp/>the<sp/>template<sp/>in<sp/>the<sp/>editor.</highlight></codeline>
<codeline lineno="5"><highlight class="comment"><sp/>*/</highlight><highlight class="normal"></highlight></codeline>
<codeline lineno="6"><highlight class="normal"></highlight><highlight class="keyword">package<sp/></highlight><highlight class="normal">com.francesco.rubrica.Data;</highlight></codeline>
<codeline lineno="7"><highlight class="normal"></highlight></codeline>
<codeline lineno="8"><highlight class="normal"></highlight></codeline>
<codeline lineno="9"><highlight class="normal"></highlight></codeline>
<codeline lineno="10"><highlight class="normal"></highlight></codeline>
<codeline lineno="11"><highlight class="normal"></highlight></codeline>
<codeline lineno="12"><highlight class="normal"></highlight><highlight class="keyword">import</highlight><highlight class="normal"><sp/>javafx.collections.FXCollections;</highlight></codeline>
<codeline lineno="13"><highlight class="normal"></highlight><highlight class="keyword">import</highlight><highlight class="normal"><sp/>javafx.collections.ObservableList;</highlight></codeline>
<codeline lineno="14"><highlight class="normal"></highlight><highlight class="keyword">import</highlight><highlight class="normal"><sp/>java.io.*;</highlight></codeline>
<codeline lineno="15"><highlight class="normal"></highlight><highlight class="keyword">import</highlight><highlight class="normal"><sp/>java.time.LocalDate;</highlight></codeline>
<codeline lineno="16"><highlight class="normal"></highlight><highlight class="keyword">import</highlight><highlight class="normal"><sp/>java.time.format.DateTimeFormatter;</highlight></codeline>
<codeline lineno="17"><highlight class="normal"></highlight><highlight class="keyword">import</highlight><highlight class="normal"><sp/>java.time.format.DateTimeParseException;</highlight></codeline>
<codeline lineno="18"><highlight class="normal"></highlight><highlight class="keyword">import</highlight><highlight class="normal"><sp/>java.util.List;</highlight></codeline>
<codeline lineno="19"><highlight class="normal"></highlight><highlight class="keyword">import</highlight><highlight class="normal"><sp/>java.util.Collections;</highlight></codeline>
<codeline lineno="20"><highlight class="normal"></highlight><highlight class="keyword">import</highlight><highlight class="normal"><sp/>java.util.Locale;</highlight></codeline>
<codeline lineno="21"><highlight class="normal"></highlight></codeline>
<codeline lineno="22"><highlight class="normal"></highlight></codeline>
<codeline lineno="31" refid="classcom_1_1francesco_1_1rubrica_1_1_data_1_1_rubrica" refkind="compound"><highlight class="normal"></highlight><highlight class="keyword">public</highlight><highlight class="normal"><sp/></highlight><highlight class="keyword">class<sp/></highlight><highlight class="normal"><ref refid="classcom_1_1francesco_1_1rubrica_1_1_data_1_1_rubrica" kindref="compound">Rubrica</ref><sp/>{</highlight></codeline>
<codeline lineno="32"><highlight class="normal"></highlight></codeline>
<codeline lineno="37"><highlight class="normal"><sp/><sp/><sp/><sp/></highlight><highlight class="keyword">private</highlight><highlight class="normal"><sp/></highlight><highlight class="keyword">final</highlight><highlight class="normal"><sp/>ObservableList&lt;Contatto&gt;<sp/>contatti;</highlight></codeline>
<codeline lineno="38"><highlight class="normal"></highlight></codeline>
<codeline lineno="43"><highlight class="normal"><sp/><sp/><sp/><sp/></highlight><highlight class="keyword">public</highlight><highlight class="normal"><sp/><ref refid="classcom_1_1francesco_1_1rubrica_1_1_data_1_1_rubrica_1accc8e4a1a22890599b85a84ec9420e84" kindref="member">Rubrica</ref>(){</highlight></codeline>
<codeline lineno="44"><highlight class="normal"><sp/><sp/><sp/><sp/><sp/><sp/><sp/><sp/>this.contatti<sp/>=<sp/>FXCollections.observableArrayList();</highlight></codeline>
<codeline lineno="45"><highlight class="normal"><sp/><sp/><sp/><sp/>}</highlight></codeline>
<codeline lineno="46"><highlight class="normal"></highlight></codeline>
<codeline lineno="51"><highlight class="normal"><sp/><sp/><sp/><sp/></highlight><highlight class="keyword">public</highlight><highlight class="normal"><sp/>ObservableList&lt;Contatto&gt;<sp/><ref refid="classcom_1_1francesco_1_1rubrica_1_1_data_1_1_rubrica_1a29dcf7eea2f15dcd81c0b71c9b55341f" kindref="member">getContatti</ref>()<sp/>{</highlight></codeline>
<codeline lineno="52"><highlight class="normal"><sp/><sp/><sp/><sp/><sp/><sp/><sp/><sp/></highlight><highlight class="keywordflow">return</highlight><highlight class="normal"><sp/>contatti;</highlight></codeline>
<codeline lineno="53"><highlight class="normal"><sp/><sp/><sp/><sp/>}</highlight></codeline>
<codeline lineno="54"><highlight class="normal"></highlight></codeline>
<codeline lineno="55"><highlight class="normal"></highlight></codeline>
<codeline lineno="63"><highlight class="normal"><sp/><sp/><sp/><sp/></highlight><highlight class="keyword">public</highlight><highlight class="normal"><sp/></highlight><highlight class="keywordtype">void</highlight><highlight class="normal"><sp/><ref refid="classcom_1_1francesco_1_1rubrica_1_1_data_1_1_rubrica_1aba012557630ba3d05df4ae0c9298abd3" kindref="member">aggiungiContatto</ref>(<ref refid="classcom_1_1francesco_1_1rubrica_1_1_data_1_1_contatto" kindref="compound">Contatto</ref><sp/>contatto)<sp/>{</highlight></codeline>
<codeline lineno="64"><highlight class="normal"><sp/><sp/><sp/><sp/><sp/><sp/><sp/><sp/></highlight><highlight class="keywordflow">if</highlight><highlight class="normal"><sp/>(contatto<sp/>==<sp/></highlight><highlight class="keyword">null</highlight><highlight class="normal">)<sp/>{</highlight></codeline>
<codeline lineno="65"><highlight class="normal"><sp/><sp/><sp/><sp/><sp/><sp/><sp/><sp/><sp/><sp/><sp/><sp/></highlight><highlight class="keywordflow">throw</highlight><highlight class="normal"><sp/></highlight><highlight class="keyword">new</highlight><highlight class="normal"><sp/>IllegalArgumentException(</highlight><highlight class="stringliteral">&quot;Il<sp/>contatto<sp/>non<sp/>può<sp/>essere<sp/>null.&quot;</highlight><highlight class="normal">);</highlight></codeline>
<codeline lineno="66"><highlight class="normal"><sp/><sp/><sp/><sp/><sp/><sp/><sp/><sp/>}</highlight></codeline>
<codeline lineno="67"><highlight class="normal"><sp/><sp/><sp/><sp/><sp/><sp/><sp/><sp/>this.contatti.add(contatto);</highlight></codeline>
<codeline lineno="68"><highlight class="normal"><sp/><sp/><sp/><sp/>}</highlight></codeline>
<codeline lineno="69"><highlight class="normal"></highlight></codeline>
<codeline lineno="77"><highlight class="normal"><sp/><sp/><sp/><sp/></highlight><highlight class="keyword">public</highlight><highlight class="normal"><sp/>ObservableList&lt;Contatto&gt;<sp/><ref refid="classcom_1_1francesco_1_1rubrica_1_1_data_1_1_rubrica_1a5a1f977b8f298ff4ac73baec25a13ea1" kindref="member">ricercaContatto</ref>(String<sp/>s)<sp/>{</highlight></codeline>
<codeline lineno="78"><highlight class="normal"><sp/><sp/><sp/><sp/><sp/><sp/><sp/><sp/></highlight><highlight class="keywordflow">if</highlight><highlight class="normal"><sp/>(s<sp/>==<sp/></highlight><highlight class="keyword">null</highlight><highlight class="normal"><sp/>||<sp/>s.isEmpty())<sp/>{</highlight></codeline>
<codeline lineno="79"><highlight class="normal"><sp/><sp/><sp/><sp/><sp/><sp/><sp/><sp/><sp/><sp/><sp/><sp/></highlight><highlight class="keywordflow">return</highlight><highlight class="normal"><sp/>contatti;</highlight></codeline>
<codeline lineno="80"><highlight class="normal"><sp/><sp/><sp/><sp/><sp/><sp/><sp/><sp/>}</highlight></codeline>
<codeline lineno="81"><highlight class="normal"><sp/><sp/><sp/><sp/><sp/><sp/><sp/><sp/>ObservableList&lt;Contatto&gt;<sp/>risultati=<sp/>FXCollections.observableArrayList();</highlight></codeline>
<codeline lineno="82"><highlight class="normal"><sp/><sp/><sp/><sp/><sp/><sp/><sp/><sp/></highlight><highlight class="keywordflow">for</highlight><highlight class="normal"><sp/>(<ref refid="classcom_1_1francesco_1_1rubrica_1_1_data_1_1_contatto" kindref="compound">Contatto</ref><sp/>contatto<sp/>:<sp/>contatti)<sp/>{</highlight></codeline>
<codeline lineno="83"><highlight class="normal"><sp/><sp/><sp/><sp/><sp/><sp/><sp/><sp/><sp/><sp/><sp/><sp/></highlight><highlight class="keywordflow">if</highlight><highlight class="normal"><sp/>(contatto.<ref refid="classcom_1_1francesco_1_1rubrica_1_1_data_1_1_contatto_1afb9b396e0c4b253e7e198cceb4fb32c1" kindref="member">getNome</ref>().toLowerCase().startsWith(s.toLowerCase())<sp/>||</highlight></codeline>
<codeline lineno="84"><highlight class="normal"><sp/><sp/><sp/><sp/><sp/><sp/><sp/><sp/><sp/><sp/><sp/><sp/><sp/><sp/><sp/><sp/><sp/><sp/><sp/><sp/>contatto.<ref refid="classcom_1_1francesco_1_1rubrica_1_1_data_1_1_contatto_1ac2b5fcb133390aa7217f7737232dbcee" kindref="member">getCognome</ref>().toLowerCase().startsWith(s.toLowerCase()))<sp/>{</highlight></codeline>
<codeline lineno="85"><highlight class="normal"><sp/><sp/><sp/><sp/><sp/><sp/><sp/><sp/><sp/><sp/><sp/><sp/><sp/><sp/><sp/><sp/>risultati.add(contatto);</highlight></codeline>
<codeline lineno="86"><highlight class="normal"><sp/><sp/><sp/><sp/><sp/><sp/><sp/><sp/><sp/><sp/><sp/><sp/>}</highlight></codeline>
<codeline lineno="87"><highlight class="normal"><sp/><sp/><sp/><sp/><sp/><sp/><sp/><sp/>}</highlight></codeline>
<codeline lineno="88"><highlight class="normal"><sp/><sp/><sp/><sp/><sp/><sp/><sp/><sp/></highlight><highlight class="keywordflow">return</highlight><highlight class="normal"><sp/>risultati;</highlight></codeline>
<codeline lineno="89"><highlight class="normal"><sp/><sp/><sp/><sp/>}</highlight></codeline>
<codeline lineno="90"><highlight class="normal"></highlight></codeline>
<codeline lineno="98"><highlight class="normal"><sp/><sp/><sp/><sp/></highlight><highlight class="keyword">public</highlight><highlight class="normal"><sp/></highlight><highlight class="keywordtype">void</highlight><highlight class="normal"><sp/><ref refid="classcom_1_1francesco_1_1rubrica_1_1_data_1_1_rubrica_1a11ed4da93ae8a97714c9951f4fbc7a15" kindref="member">esportaContatto</ref>(String<sp/>filename)<sp/></highlight><highlight class="keywordflow">throws</highlight><highlight class="normal"><sp/>IOException<sp/>{</highlight></codeline>
<codeline lineno="99"><highlight class="normal"></highlight></codeline>
<codeline lineno="100"><highlight class="normal"><sp/><sp/><sp/><sp/><sp/><sp/><sp/><sp/></highlight><highlight class="keywordflow">try</highlight><highlight class="normal"><sp/>(PrintWriter<sp/>pw<sp/>=<sp/></highlight><highlight class="keyword">new</highlight><highlight class="normal"><sp/>PrintWriter(</highlight><highlight class="keyword">new</highlight><highlight class="normal"><sp/>BufferedWriter(</highlight><highlight class="keyword">new</highlight><highlight class="normal"><sp/>FileWriter(filename))))<sp/>{</highlight></codeline>
<codeline lineno="101"><highlight class="normal"></highlight></codeline>
<codeline lineno="102"><highlight class="normal"><sp/><sp/><sp/><sp/><sp/><sp/><sp/><sp/><sp/><sp/><sp/><sp/>pw.println(</highlight><highlight class="stringliteral">&quot;NOME;<sp/>COGNOME;<sp/>TELEFONO<sp/>1;<sp/>TELEFONO<sp/>2;<sp/>TELEFONO<sp/>3;<sp/>EMAIL1;<sp/>EMAIL2;<sp/>EMAIL3;<sp/>SOCIETA&apos;;<sp/>INDIRIZZO;<sp/>COMPLEANNO&quot;</highlight><highlight class="normal">);</highlight></codeline>
<codeline lineno="103"><highlight class="normal"><sp/><sp/><sp/><sp/><sp/><sp/><sp/><sp/><sp/><sp/><sp/><sp/></highlight><highlight class="keywordflow">for</highlight><highlight class="normal"><sp/>(<ref refid="classcom_1_1francesco_1_1rubrica_1_1_data_1_1_contatto" kindref="compound">Contatto</ref><sp/>s<sp/>:<sp/>contatti)<sp/>{</highlight></codeline>
<codeline lineno="104"><highlight class="normal"></highlight></codeline>
<codeline lineno="105"><highlight class="normal"><sp/><sp/><sp/><sp/><sp/><sp/><sp/><sp/><sp/><sp/><sp/><sp/><sp/><sp/><sp/><sp/>pw.print(s.getNome()<sp/>+<sp/></highlight><highlight class="stringliteral">&quot;;&quot;</highlight><highlight class="normal">);</highlight></codeline>
<codeline lineno="106"><highlight class="normal"><sp/><sp/><sp/><sp/><sp/><sp/><sp/><sp/><sp/><sp/><sp/><sp/><sp/><sp/><sp/><sp/>pw.print(s.getCognome()<sp/>+<sp/></highlight><highlight class="stringliteral">&quot;;&quot;</highlight><highlight class="normal">);</highlight></codeline>
<codeline lineno="107"><highlight class="normal"><sp/><sp/><sp/><sp/><sp/><sp/><sp/><sp/><sp/><sp/><sp/><sp/><sp/><sp/><sp/><sp/>pw.print(s.getTelefono1()<sp/>+<sp/></highlight><highlight class="stringliteral">&quot;;&quot;</highlight><highlight class="normal">);</highlight></codeline>
<codeline lineno="108"><highlight class="normal"><sp/><sp/><sp/><sp/><sp/><sp/><sp/><sp/><sp/><sp/><sp/><sp/><sp/><sp/><sp/><sp/>pw.print(s.getTelefono2()<sp/>+<sp/></highlight><highlight class="stringliteral">&quot;;&quot;</highlight><highlight class="normal">);</highlight></codeline>
<codeline lineno="109"><highlight class="normal"><sp/><sp/><sp/><sp/><sp/><sp/><sp/><sp/><sp/><sp/><sp/><sp/><sp/><sp/><sp/><sp/>pw.print(s.getTelefono3()<sp/>+<sp/></highlight><highlight class="stringliteral">&quot;;&quot;</highlight><highlight class="normal">);</highlight></codeline>
<codeline lineno="110"><highlight class="normal"><sp/><sp/><sp/><sp/><sp/><sp/><sp/><sp/><sp/><sp/><sp/><sp/><sp/><sp/><sp/><sp/>pw.print(s.getEmail1()<sp/>+<sp/></highlight><highlight class="stringliteral">&quot;;&quot;</highlight><highlight class="normal">);</highlight></codeline>
<codeline lineno="111"><highlight class="normal"><sp/><sp/><sp/><sp/><sp/><sp/><sp/><sp/><sp/><sp/><sp/><sp/><sp/><sp/><sp/><sp/>pw.print(s.getEmail2()<sp/>+<sp/></highlight><highlight class="stringliteral">&quot;;&quot;</highlight><highlight class="normal">);</highlight></codeline>
<codeline lineno="112"><highlight class="normal"><sp/><sp/><sp/><sp/><sp/><sp/><sp/><sp/><sp/><sp/><sp/><sp/><sp/><sp/><sp/><sp/>pw.print(s.getEmail3()<sp/>+<sp/></highlight><highlight class="stringliteral">&quot;;&quot;</highlight><highlight class="normal">);</highlight></codeline>
<codeline lineno="113"><highlight class="normal"><sp/><sp/><sp/><sp/><sp/><sp/><sp/><sp/><sp/><sp/><sp/><sp/><sp/><sp/><sp/><sp/>pw.print(s.getSocietà()<sp/>+<sp/></highlight><highlight class="stringliteral">&quot;;&quot;</highlight><highlight class="normal">);</highlight></codeline>
<codeline lineno="114"><highlight class="normal"><sp/><sp/><sp/><sp/><sp/><sp/><sp/><sp/><sp/><sp/><sp/><sp/><sp/><sp/><sp/><sp/>pw.print(s.getIndirizzo()<sp/>+<sp/></highlight><highlight class="stringliteral">&quot;;&quot;</highlight><highlight class="normal">);</highlight></codeline>
<codeline lineno="115"><highlight class="normal"><sp/><sp/><sp/><sp/><sp/><sp/><sp/><sp/><sp/><sp/><sp/><sp/><sp/><sp/><sp/><sp/></highlight><highlight class="keywordflow">if</highlight><highlight class="normal"><sp/>(s.getCompleanno()<sp/>!=<sp/></highlight><highlight class="keyword">null</highlight><highlight class="normal">)</highlight></codeline>
<codeline lineno="116"><highlight class="normal"><sp/><sp/><sp/><sp/><sp/><sp/><sp/><sp/><sp/><sp/><sp/><sp/><sp/><sp/><sp/><sp/><sp/><sp/><sp/><sp/>pw.println((s.getCompleanno()));</highlight></codeline>
<codeline lineno="117"><highlight class="normal"><sp/><sp/><sp/><sp/><sp/><sp/><sp/><sp/><sp/><sp/><sp/><sp/><sp/><sp/><sp/><sp/></highlight><highlight class="keywordflow">else</highlight><highlight class="normal"><sp/>pw.println(</highlight><highlight class="stringliteral">&quot;<sp/>&quot;</highlight><highlight class="normal"><sp/>+<sp/></highlight><highlight class="stringliteral">&quot;;&quot;</highlight><highlight class="normal">);</highlight></codeline>
<codeline lineno="118"><highlight class="normal"><sp/><sp/><sp/><sp/><sp/><sp/><sp/><sp/><sp/><sp/><sp/><sp/>}</highlight></codeline>
<codeline lineno="119"><highlight class="normal"><sp/><sp/><sp/><sp/><sp/><sp/><sp/><sp/>}<sp/></highlight><highlight class="keywordflow">catch</highlight><highlight class="normal"><sp/>(IOException<sp/>e)<sp/>{</highlight></codeline>
<codeline lineno="120"><highlight class="normal"><sp/><sp/><sp/><sp/><sp/><sp/><sp/><sp/><sp/><sp/><sp/><sp/></highlight><highlight class="keywordflow">throw</highlight><highlight class="normal"><sp/></highlight><highlight class="keyword">new</highlight><highlight class="normal"><sp/>IOException(</highlight><highlight class="stringliteral">&quot;Errore<sp/>durante<sp/>l&apos;esportazione<sp/>dei<sp/>contatti.&quot;</highlight><highlight class="normal">);</highlight></codeline>
<codeline lineno="121"><highlight class="normal"><sp/><sp/><sp/><sp/><sp/><sp/><sp/><sp/>}</highlight></codeline>
<codeline lineno="122"><highlight class="normal"><sp/><sp/><sp/><sp/>}</highlight></codeline>
<codeline lineno="123"><highlight class="normal"></highlight></codeline>
<codeline lineno="131"><highlight class="normal"><sp/><sp/><sp/><sp/></highlight><highlight class="keyword">public</highlight><highlight class="normal"><sp/></highlight><highlight class="keywordtype">void</highlight><highlight class="normal"><sp/><ref refid="classcom_1_1francesco_1_1rubrica_1_1_data_1_1_rubrica_1a9a3103df25d1a933457ae172257c500d" kindref="member">importaContatto</ref>(String<sp/>filename)<sp/></highlight><highlight class="keywordflow">throws</highlight><highlight class="normal"><sp/>IOException<sp/>{</highlight></codeline>
<codeline lineno="132"><highlight class="normal"><sp/><sp/><sp/><sp/><sp/><sp/><sp/><sp/></highlight><highlight class="keywordflow">try</highlight><highlight class="normal"><sp/>(BufferedReader<sp/>reader<sp/>=<sp/></highlight><highlight class="keyword">new</highlight><highlight class="normal"><sp/>BufferedReader(</highlight><highlight class="keyword">new</highlight><highlight class="normal"><sp/>FileReader(filename)))<sp/>{</highlight></codeline>
<codeline lineno="133"><highlight class="normal"><sp/><sp/><sp/><sp/><sp/><sp/><sp/><sp/><sp/><sp/><sp/><sp/>String<sp/>line;</highlight></codeline>
<codeline lineno="134"><highlight class="normal"><sp/><sp/><sp/><sp/><sp/><sp/><sp/><sp/><sp/><sp/><sp/><sp/>line<sp/>=<sp/>reader.readLine();</highlight></codeline>
<codeline lineno="135"><highlight class="normal"><sp/><sp/><sp/><sp/><sp/><sp/><sp/><sp/><sp/><sp/><sp/><sp/>System.out.println(</highlight><highlight class="stringliteral">&quot;Intestazione<sp/>ignorata:<sp/>&quot;</highlight><highlight class="normal"><sp/>+<sp/>line);</highlight></codeline>
<codeline lineno="136"><highlight class="normal"><sp/><sp/><sp/><sp/><sp/><sp/><sp/><sp/><sp/><sp/><sp/><sp/></highlight><highlight class="keywordflow">while</highlight><highlight class="normal"><sp/>((line<sp/>=<sp/>reader.readLine())<sp/>!=<sp/></highlight><highlight class="keyword">null</highlight><highlight class="normal">)<sp/>{</highlight></codeline>
<codeline lineno="137"><highlight class="normal"><sp/><sp/><sp/><sp/><sp/><sp/><sp/><sp/><sp/><sp/><sp/><sp/><sp/><sp/><sp/><sp/></highlight><highlight class="keywordflow">if</highlight><highlight class="normal"><sp/>(line.isEmpty()<sp/>||<sp/>!line.contains(</highlight><highlight class="stringliteral">&quot;;&quot;</highlight><highlight class="normal">))<sp/>{</highlight></codeline>
<codeline lineno="138"><highlight class="normal"><sp/><sp/><sp/><sp/><sp/><sp/><sp/><sp/><sp/><sp/><sp/><sp/><sp/><sp/><sp/><sp/><sp/><sp/><sp/><sp/></highlight><highlight class="keywordflow">continue</highlight><highlight class="normal">;</highlight></codeline>
<codeline lineno="139"><highlight class="normal"><sp/><sp/><sp/><sp/><sp/><sp/><sp/><sp/><sp/><sp/><sp/><sp/><sp/><sp/><sp/><sp/>}</highlight></codeline>
<codeline lineno="140"><highlight class="normal"><sp/><sp/><sp/><sp/><sp/><sp/><sp/><sp/><sp/><sp/><sp/><sp/><sp/><sp/><sp/><sp/>System.out.println(</highlight><highlight class="stringliteral">&quot;Riga<sp/>letta:<sp/>&quot;</highlight><highlight class="normal"><sp/>+<sp/>line);</highlight></codeline>
<codeline lineno="141"><highlight class="normal"><sp/><sp/><sp/><sp/><sp/><sp/><sp/><sp/><sp/><sp/><sp/><sp/><sp/><sp/><sp/><sp/>String[]<sp/>fields<sp/>=<sp/>line.split(</highlight><highlight class="stringliteral">&quot;;&quot;</highlight><highlight class="normal">);</highlight></codeline>
<codeline lineno="142"><highlight class="normal"></highlight></codeline>
<codeline lineno="143"><highlight class="normal"><sp/><sp/><sp/><sp/><sp/><sp/><sp/><sp/><sp/><sp/><sp/><sp/><sp/><sp/><sp/><sp/></highlight><highlight class="keywordflow">if</highlight><highlight class="normal"><sp/>(fields.length<sp/>&lt;<sp/>11)<sp/>{</highlight></codeline>
<codeline lineno="144"><highlight class="normal"><sp/><sp/><sp/><sp/><sp/><sp/><sp/><sp/><sp/><sp/><sp/><sp/><sp/><sp/><sp/><sp/><sp/><sp/><sp/><sp/>String[]<sp/>newFields<sp/>=<sp/></highlight><highlight class="keyword">new</highlight><highlight class="normal"><sp/>String[11];</highlight></codeline>
<codeline lineno="145"><highlight class="normal"><sp/><sp/><sp/><sp/><sp/><sp/><sp/><sp/><sp/><sp/><sp/><sp/><sp/><sp/><sp/><sp/><sp/><sp/><sp/><sp/>System.arraycopy(fields,<sp/>0,<sp/>newFields,<sp/>0,<sp/>fields.length);</highlight></codeline>
<codeline lineno="146"><highlight class="normal"><sp/><sp/><sp/><sp/><sp/><sp/><sp/><sp/><sp/><sp/><sp/><sp/><sp/><sp/><sp/><sp/><sp/><sp/><sp/><sp/></highlight><highlight class="keywordflow">for</highlight><highlight class="normal"><sp/>(</highlight><highlight class="keywordtype">int</highlight><highlight class="normal"><sp/>i<sp/>=<sp/>fields.length;<sp/>i<sp/>&lt;<sp/>11;<sp/>i++)<sp/>{</highlight></codeline>
<codeline lineno="147"><highlight class="normal"><sp/><sp/><sp/><sp/><sp/><sp/><sp/><sp/><sp/><sp/><sp/><sp/><sp/><sp/><sp/><sp/><sp/><sp/><sp/><sp/><sp/><sp/><sp/><sp/>newFields[i]<sp/>=<sp/></highlight><highlight class="stringliteral">&quot;&quot;</highlight><highlight class="normal">;</highlight></codeline>
<codeline lineno="148"><highlight class="normal"><sp/><sp/><sp/><sp/><sp/><sp/><sp/><sp/><sp/><sp/><sp/><sp/><sp/><sp/><sp/><sp/><sp/><sp/><sp/><sp/>}</highlight></codeline>
<codeline lineno="149"><highlight class="normal"><sp/><sp/><sp/><sp/><sp/><sp/><sp/><sp/><sp/><sp/><sp/><sp/><sp/><sp/><sp/><sp/><sp/><sp/><sp/><sp/>fields<sp/>=<sp/>newFields;</highlight></codeline>
<codeline lineno="150"><highlight class="normal"><sp/><sp/><sp/><sp/><sp/><sp/><sp/><sp/><sp/><sp/><sp/><sp/><sp/><sp/><sp/><sp/>}</highlight></codeline>
<codeline lineno="151"><highlight class="normal"></highlight></codeline>
<codeline lineno="152"><highlight class="normal"><sp/><sp/><sp/><sp/><sp/><sp/><sp/><sp/><sp/><sp/><sp/><sp/><sp/><sp/><sp/><sp/>String<sp/>nome<sp/>=<sp/>fields[0].trim();</highlight></codeline>
<codeline lineno="153"><highlight class="normal"><sp/><sp/><sp/><sp/><sp/><sp/><sp/><sp/><sp/><sp/><sp/><sp/><sp/><sp/><sp/><sp/>String<sp/>cognome<sp/>=<sp/>fields[1].trim();</highlight></codeline>
<codeline lineno="154"><highlight class="normal"><sp/><sp/><sp/><sp/><sp/><sp/><sp/><sp/><sp/><sp/><sp/><sp/><sp/><sp/><sp/><sp/>String<sp/>telefono1<sp/>=<sp/>fields[2].trim().isEmpty()<sp/>?<sp/></highlight><highlight class="stringliteral">&quot;<sp/>&quot;</highlight><highlight class="normal"><sp/>:<sp/>fields[2].trim();</highlight></codeline>
<codeline lineno="155"><highlight class="normal"><sp/><sp/><sp/><sp/><sp/><sp/><sp/><sp/><sp/><sp/><sp/><sp/><sp/><sp/><sp/><sp/>String<sp/>telefono2<sp/>=<sp/>fields[3].trim().isEmpty()<sp/>?<sp/></highlight><highlight class="stringliteral">&quot;<sp/>&quot;</highlight><highlight class="normal"><sp/>:<sp/>fields[3].trim();</highlight></codeline>
<codeline lineno="156"><highlight class="normal"><sp/><sp/><sp/><sp/><sp/><sp/><sp/><sp/><sp/><sp/><sp/><sp/><sp/><sp/><sp/><sp/>String<sp/>telefono3<sp/>=<sp/>fields[4].trim().isEmpty()<sp/>?<sp/></highlight><highlight class="stringliteral">&quot;<sp/>&quot;</highlight><highlight class="normal"><sp/>:<sp/>fields[4].trim();</highlight></codeline>
<codeline lineno="157"><highlight class="normal"><sp/><sp/><sp/><sp/><sp/><sp/><sp/><sp/><sp/><sp/><sp/><sp/><sp/><sp/><sp/><sp/>String<sp/>email1<sp/>=<sp/>fields[5].trim().isEmpty()<sp/>?<sp/><sp/><sp/><sp/></highlight><highlight class="stringliteral">&quot;<sp/>&quot;</highlight><highlight class="normal"><sp/>:<sp/>fields[5].trim();</highlight></codeline>
<codeline lineno="158"><highlight class="normal"><sp/><sp/><sp/><sp/><sp/><sp/><sp/><sp/><sp/><sp/><sp/><sp/><sp/><sp/><sp/><sp/>String<sp/>email2<sp/>=<sp/>fields[6].trim().isEmpty()<sp/>?<sp/></highlight><highlight class="stringliteral">&quot;<sp/>&quot;</highlight><highlight class="normal"><sp/>:<sp/>fields[6].trim();</highlight></codeline>
<codeline lineno="159"><highlight class="normal"><sp/><sp/><sp/><sp/><sp/><sp/><sp/><sp/><sp/><sp/><sp/><sp/><sp/><sp/><sp/><sp/>String<sp/>email3<sp/>=<sp/>fields[7].trim().isEmpty()<sp/>?<sp/></highlight><highlight class="stringliteral">&quot;<sp/>&quot;</highlight><highlight class="normal"><sp/>:<sp/>fields[7].trim();</highlight></codeline>
<codeline lineno="160"><highlight class="normal"><sp/><sp/><sp/><sp/><sp/><sp/><sp/><sp/><sp/><sp/><sp/><sp/><sp/><sp/><sp/><sp/>String<sp/>società<sp/>=<sp/>fields[8].trim().isEmpty()<sp/>?<sp/></highlight><highlight class="stringliteral">&quot;<sp/>&quot;</highlight><highlight class="normal"><sp/>:<sp/>fields[8].trim();</highlight></codeline>
<codeline lineno="161"><highlight class="normal"><sp/><sp/><sp/><sp/><sp/><sp/><sp/><sp/><sp/><sp/><sp/><sp/><sp/><sp/><sp/><sp/>String<sp/>indirizzo<sp/>=<sp/>fields[9].trim().isEmpty()<sp/>?<sp/></highlight><highlight class="stringliteral">&quot;<sp/>&quot;</highlight><highlight class="normal"><sp/>:<sp/>fields[9].trim();</highlight></codeline>
<codeline lineno="162"><highlight class="normal"><sp/><sp/><sp/><sp/><sp/><sp/><sp/><sp/><sp/><sp/><sp/><sp/><sp/><sp/><sp/><sp/>String<sp/>compleannoStringa<sp/>=<sp/>fields[10].trim().isEmpty()<sp/>?<sp/></highlight><highlight class="stringliteral">&quot;<sp/>&quot;</highlight><highlight class="normal"><sp/>:<sp/>fields[10].trim();</highlight></codeline>
<codeline lineno="163"><highlight class="normal"></highlight></codeline>
<codeline lineno="164"><highlight class="normal"><sp/><sp/><sp/><sp/><sp/><sp/><sp/><sp/><sp/><sp/><sp/><sp/><sp/><sp/><sp/><sp/></highlight><highlight class="keywordflow">if</highlight><highlight class="normal"><sp/>(nome.isEmpty()<sp/>&amp;&amp;<sp/>cognome.isEmpty())<sp/>{</highlight></codeline>
<codeline lineno="165"><highlight class="normal"><sp/><sp/><sp/><sp/><sp/><sp/><sp/><sp/><sp/><sp/><sp/><sp/><sp/><sp/><sp/><sp/><sp/><sp/><sp/><sp/>System.out.println(</highlight><highlight class="stringliteral">&quot;Contatto<sp/>ignorato:<sp/>manca<sp/>sia<sp/>il<sp/>nome<sp/>che<sp/>il<sp/>cognome.&quot;</highlight><highlight class="normal">);</highlight></codeline>
<codeline lineno="166"><highlight class="normal"><sp/><sp/><sp/><sp/><sp/><sp/><sp/><sp/><sp/><sp/><sp/><sp/><sp/><sp/><sp/><sp/><sp/><sp/><sp/><sp/></highlight><highlight class="keywordflow">continue</highlight><highlight class="normal">;</highlight></codeline>
<codeline lineno="167"><highlight class="normal"><sp/><sp/><sp/><sp/><sp/><sp/><sp/><sp/><sp/><sp/><sp/><sp/><sp/><sp/><sp/><sp/>}</highlight></codeline>
<codeline lineno="168"><highlight class="normal"></highlight></codeline>
<codeline lineno="169"><highlight class="normal"><sp/><sp/><sp/><sp/><sp/><sp/><sp/><sp/><sp/><sp/><sp/><sp/><sp/><sp/><sp/><sp/>DateTimeFormatter<sp/>formatter<sp/>=<sp/>DateTimeFormatter.ofPattern(</highlight><highlight class="stringliteral">&quot;yyyy-MM-dd&quot;</highlight><highlight class="normal">,<sp/>Locale.ENGLISH);</highlight></codeline>
<codeline lineno="170"><highlight class="normal"><sp/><sp/><sp/><sp/><sp/><sp/><sp/><sp/><sp/><sp/><sp/><sp/><sp/><sp/><sp/><sp/>LocalDate<sp/>compleanno<sp/>=<sp/></highlight><highlight class="keyword">null</highlight><highlight class="normal">;</highlight></codeline>
<codeline lineno="171"><highlight class="normal"><sp/><sp/><sp/><sp/><sp/><sp/><sp/><sp/><sp/><sp/><sp/><sp/><sp/><sp/><sp/><sp/></highlight><highlight class="keywordflow">if</highlight><highlight class="normal"><sp/>(!compleannoStringa.isEmpty())<sp/>{</highlight></codeline>
<codeline lineno="172"><highlight class="normal"><sp/><sp/><sp/><sp/><sp/><sp/><sp/><sp/><sp/><sp/><sp/><sp/><sp/><sp/><sp/><sp/><sp/><sp/><sp/><sp/></highlight><highlight class="keywordflow">try</highlight><highlight class="normal"><sp/>{</highlight></codeline>
<codeline lineno="173"><highlight class="normal"><sp/><sp/><sp/><sp/><sp/><sp/><sp/><sp/><sp/><sp/><sp/><sp/><sp/><sp/><sp/><sp/><sp/><sp/><sp/><sp/><sp/><sp/><sp/><sp/>compleanno<sp/>=<sp/>LocalDate.parse(compleannoStringa,<sp/>formatter);</highlight></codeline>
<codeline lineno="174"><highlight class="normal"><sp/><sp/><sp/><sp/><sp/><sp/><sp/><sp/><sp/><sp/><sp/><sp/><sp/><sp/><sp/><sp/><sp/><sp/><sp/><sp/>}<sp/></highlight><highlight class="keywordflow">catch</highlight><highlight class="normal"><sp/>(DateTimeParseException<sp/>e)<sp/>{</highlight></codeline>
<codeline lineno="175"><highlight class="normal"><sp/><sp/><sp/><sp/><sp/><sp/><sp/><sp/><sp/><sp/><sp/><sp/><sp/><sp/><sp/><sp/><sp/><sp/><sp/><sp/><sp/><sp/><sp/><sp/>System.out.println(</highlight><highlight class="stringliteral">&quot;Formato<sp/>data<sp/>non<sp/>valido<sp/>per:<sp/>&quot;</highlight><highlight class="normal"><sp/>+<sp/>compleannoStringa);</highlight></codeline>
<codeline lineno="176"><highlight class="normal"><sp/><sp/><sp/><sp/><sp/><sp/><sp/><sp/><sp/><sp/><sp/><sp/><sp/><sp/><sp/><sp/><sp/><sp/><sp/><sp/>}</highlight></codeline>
<codeline lineno="177"><highlight class="normal"><sp/><sp/><sp/><sp/><sp/><sp/><sp/><sp/><sp/><sp/><sp/><sp/><sp/><sp/><sp/><sp/>}</highlight></codeline>
<codeline lineno="178"><highlight class="normal"><sp/><sp/><sp/><sp/><sp/><sp/><sp/><sp/><sp/><sp/><sp/><sp/><sp/><sp/><sp/><sp/><ref refid="classcom_1_1francesco_1_1rubrica_1_1_data_1_1_contatto" kindref="compound">Contatto</ref><sp/>nuovoContatto<sp/>=<sp/></highlight><highlight class="keyword">new</highlight><highlight class="normal"><sp/><ref refid="classcom_1_1francesco_1_1rubrica_1_1_data_1_1_contatto" kindref="compound">Contatto</ref>(</highlight></codeline>
<codeline lineno="179"><highlight class="normal"><sp/><sp/><sp/><sp/><sp/><sp/><sp/><sp/><sp/><sp/><sp/><sp/><sp/><sp/><sp/><sp/><sp/><sp/><sp/><sp/><sp/><sp/><sp/><sp/>nome,<sp/>cognome,<sp/>telefono1,<sp/>telefono2,<sp/>telefono3,</highlight></codeline>
<codeline lineno="180"><highlight class="normal"><sp/><sp/><sp/><sp/><sp/><sp/><sp/><sp/><sp/><sp/><sp/><sp/><sp/><sp/><sp/><sp/><sp/><sp/><sp/><sp/><sp/><sp/><sp/><sp/>email1,<sp/>email2,<sp/>email3,<sp/>società,<sp/>indirizzo,<sp/>compleanno</highlight></codeline>
<codeline lineno="181"><highlight class="normal"><sp/><sp/><sp/><sp/><sp/><sp/><sp/><sp/><sp/><sp/><sp/><sp/><sp/><sp/><sp/><sp/>);</highlight></codeline>
<codeline lineno="182"><highlight class="normal"><sp/><sp/><sp/><sp/><sp/><sp/><sp/><sp/><sp/><sp/><sp/><sp/><sp/><sp/><sp/><sp/>this.contatti.add(nuovoContatto);</highlight></codeline>
<codeline lineno="183"><highlight class="normal"><sp/><sp/><sp/><sp/><sp/><sp/><sp/><sp/><sp/><sp/><sp/><sp/>}</highlight></codeline>
<codeline lineno="184"><highlight class="normal"><sp/><sp/><sp/><sp/><sp/><sp/><sp/><sp/><sp/><sp/><sp/><sp/>System.out.println(</highlight><highlight class="stringliteral">&quot;Contatti<sp/>importati<sp/>con<sp/>successo.&quot;</highlight><highlight class="normal">);</highlight></codeline>
<codeline lineno="185"><highlight class="normal"><sp/><sp/><sp/><sp/><sp/><sp/><sp/><sp/>}<sp/></highlight><highlight class="keywordflow">catch</highlight><highlight class="normal"><sp/>(IOException<sp/>e)<sp/>{</highlight></codeline>
<codeline lineno="186"><highlight class="normal"><sp/><sp/><sp/><sp/><sp/><sp/><sp/><sp/><sp/><sp/><sp/><sp/>System.out.println(</highlight><highlight class="stringliteral">&quot;Errore<sp/>durante<sp/>la<sp/>lettura<sp/>del<sp/>file:<sp/>&quot;</highlight><highlight class="normal"><sp/>+<sp/>e.getMessage());</highlight></codeline>
<codeline lineno="187"><highlight class="normal"><sp/><sp/><sp/><sp/><sp/><sp/><sp/><sp/>}</highlight></codeline>
<codeline lineno="188"><highlight class="normal"><sp/><sp/><sp/><sp/>}</highlight></codeline>
<codeline lineno="189"><highlight class="normal"></highlight></codeline>
<codeline lineno="190"><highlight class="normal"></highlight></codeline>
<codeline lineno="197"><highlight class="normal"><sp/><sp/><sp/><sp/></highlight><highlight class="keyword">public</highlight><highlight class="normal"><sp/></highlight><highlight class="keywordtype">void</highlight><highlight class="normal"><sp/><ref refid="classcom_1_1francesco_1_1rubrica_1_1_data_1_1_rubrica_1a660195890ce6f9f27811b497266c499d" kindref="member">eliminaContatto</ref>(<ref refid="classcom_1_1francesco_1_1rubrica_1_1_data_1_1_contatto" kindref="compound">Contatto</ref><sp/>c)<sp/>{</highlight></codeline>
<codeline lineno="198"><highlight class="normal"><sp/><sp/><sp/><sp/><sp/><sp/><sp/><sp/>contatti.remove(c);</highlight></codeline>
<codeline lineno="199"><highlight class="normal"><sp/><sp/><sp/><sp/><sp/><sp/><sp/><sp/>System.out.println(</highlight><highlight class="stringliteral">&quot;Contatto<sp/>eliminato<sp/>con<sp/>successo.&quot;</highlight><highlight class="normal">);</highlight></codeline>
<codeline lineno="200"><highlight class="normal"><sp/><sp/><sp/><sp/>}</highlight></codeline>
<codeline lineno="201"><highlight class="normal"></highlight></codeline>
<codeline lineno="209"><highlight class="normal"><sp/><sp/><sp/><sp/></highlight><highlight class="keyword">public</highlight><highlight class="normal"><sp/></highlight><highlight class="keywordtype">void</highlight><highlight class="normal"><sp/><ref refid="classcom_1_1francesco_1_1rubrica_1_1_data_1_1_rubrica_1accca283e46426e17742aae366770bf87" kindref="member">modificaContatto</ref>(<ref refid="classcom_1_1francesco_1_1rubrica_1_1_data_1_1_contatto" kindref="compound">Contatto</ref><sp/>contattoOriginale,<sp/><ref refid="classcom_1_1francesco_1_1rubrica_1_1_data_1_1_contatto" kindref="compound">Contatto</ref><sp/>nuoviDati)<sp/>{</highlight></codeline>
<codeline lineno="210"><highlight class="normal"><sp/><sp/><sp/><sp/><sp/><sp/><sp/><sp/></highlight><highlight class="keywordtype">int</highlight><highlight class="normal"><sp/>index<sp/>=<sp/>contatti.indexOf(contattoOriginale);</highlight></codeline>
<codeline lineno="211"><highlight class="normal"><sp/><sp/><sp/><sp/><sp/><sp/><sp/><sp/>contatti.set(index,<sp/>nuoviDati);</highlight></codeline>
<codeline lineno="212"><highlight class="normal"><sp/><sp/><sp/><sp/><sp/><sp/><sp/><sp/>System.out.println(</highlight><highlight class="stringliteral">&quot;Contatto<sp/>modificato<sp/>con<sp/>successo<sp/>alla<sp/>indice&quot;</highlight><highlight class="normal"><sp/>+<sp/></highlight><highlight class="stringliteral">&quot;<sp/>&quot;</highlight><highlight class="normal"><sp/>+<sp/>index);</highlight></codeline>
<codeline lineno="213"><highlight class="normal"><sp/><sp/><sp/><sp/>}</highlight></codeline>
<codeline lineno="219"><highlight class="normal"><sp/><sp/><sp/><sp/></highlight><highlight class="keyword">public</highlight><highlight class="normal"><sp/></highlight><highlight class="keywordtype">void</highlight><highlight class="normal"><sp/><ref refid="classcom_1_1francesco_1_1rubrica_1_1_data_1_1_rubrica_1acaae9ecf20a5bde071141a7dc77271c5" kindref="member">ordina</ref><sp/>(List&lt;Contatto&gt;<sp/>contatti)<sp/>{</highlight></codeline>
<codeline lineno="220"><highlight class="normal"><sp/><sp/><sp/><sp/><sp/><sp/><sp/><sp/>Collections.sort(contatti);</highlight></codeline>
<codeline lineno="221"><highlight class="normal"><sp/><sp/><sp/><sp/>}</highlight></codeline>
<codeline lineno="222"><highlight class="normal">}</highlight></codeline>
<codeline lineno="223"><highlight class="normal"></highlight></codeline>
    </programlisting>
    <location file="Rubrica.java"/>
  </compounddef>
</doxygen>
