<?xml version='1.0' encoding='UTF-8' standalone='no'?>
<doxygen xmlns:xsi="http://www.w3.org/2001/XMLSchema-instance" xsi:noNamespaceSchemaLocation="compound.xsd" version="1.12.0" xml:lang="it">
  <compounddef id="_visualizza_singolo_contatto_controller_8java" kind="file" language="Java">
    <compoundname>VisualizzaSingoloContattoController.java</compoundname>
    <includes local="no">java.net.URL</includes>
    <incdepgraph>
      <node id="1">
        <label>Interface/VisualizzaSingoloContattoController.java</label>
        <link refid="_visualizza_singolo_contatto_controller_8java"/>
        <childnode refid="2" relation="include">
        </childnode>
      </node>
      <node id="2">
        <label>java.net.URL</label>
      </node>
    </incdepgraph>
    <innerclass refid="classcom_1_1francesco_1_1rubrica_1_1_interface_1_1_visualizza_singolo_contatto_controller" prot="public">com::francesco::rubrica::Interface::VisualizzaSingoloContattoController</innerclass>
    <innernamespace refid="namespacecom_1_1francesco_1_1rubrica_1_1_interface">com::francesco::rubrica::Interface</innernamespace>
    <briefdescription>
    </briefdescription>
    <detaileddescription>
    </detaileddescription>
    <programlisting>
<codeline lineno="1"><highlight class="comment">/*</highlight></codeline>
<codeline lineno="2"><highlight class="comment"><sp/>*<sp/>To<sp/>change<sp/>this<sp/>license<sp/>header,<sp/>choose<sp/>License<sp/>Headers<sp/>in<sp/>Project<sp/>Properties.</highlight></codeline>
<codeline lineno="3"><highlight class="comment"><sp/>*<sp/>To<sp/>change<sp/>this<sp/>template<sp/>file,<sp/>choose<sp/>Tools<sp/>|<sp/>Templates</highlight></codeline>
<codeline lineno="4"><highlight class="comment"><sp/>*<sp/>and<sp/>open<sp/>the<sp/>template<sp/>in<sp/>the<sp/>editor.</highlight></codeline>
<codeline lineno="5"><highlight class="comment"><sp/>*/</highlight><highlight class="normal"></highlight></codeline>
<codeline lineno="6"><highlight class="normal"></highlight><highlight class="keyword">package<sp/></highlight><highlight class="normal">com.francesco.rubrica.Interface;</highlight></codeline>
<codeline lineno="7"><highlight class="normal"></highlight></codeline>
<codeline lineno="8"><highlight class="normal"></highlight><highlight class="keyword">import</highlight><highlight class="normal"><sp/>java.net.URL;</highlight></codeline>
<codeline lineno="9"><highlight class="normal"></highlight><highlight class="keyword">import</highlight><highlight class="normal"><sp/>java.util.ResourceBundle;</highlight></codeline>
<codeline lineno="10"><highlight class="normal"></highlight></codeline>
<codeline lineno="11"><highlight class="normal"></highlight><highlight class="keyword">import</highlight><highlight class="normal"><sp/>com.francesco.rubrica.Main.App;</highlight></codeline>
<codeline lineno="12"><highlight class="normal"></highlight><highlight class="keyword">import</highlight><highlight class="normal"><sp/>com.francesco.rubrica.Data.Contatto;</highlight></codeline>
<codeline lineno="13"><highlight class="normal"></highlight><highlight class="keyword">import</highlight><highlight class="normal"><sp/>com.francesco.rubrica.Data.Rubrica;</highlight></codeline>
<codeline lineno="14"><highlight class="normal"></highlight><highlight class="keyword">import</highlight><highlight class="normal"><sp/>javafx.fxml.FXML;</highlight></codeline>
<codeline lineno="15"><highlight class="normal"></highlight><highlight class="keyword">import</highlight><highlight class="normal"><sp/>javafx.fxml.Initializable;</highlight></codeline>
<codeline lineno="16"><highlight class="normal"></highlight><highlight class="keyword">import</highlight><highlight class="normal"><sp/>javafx.scene.control.Button;</highlight></codeline>
<codeline lineno="17"><highlight class="normal"></highlight><highlight class="keyword">import</highlight><highlight class="normal"><sp/>javafx.scene.control.Label;</highlight></codeline>
<codeline lineno="18"><highlight class="normal"></highlight></codeline>
<codeline lineno="19"><highlight class="normal"></highlight><highlight class="keyword">import</highlight><highlight class="normal"><sp/>java.io.IOException;</highlight></codeline>
<codeline lineno="20"><highlight class="normal"></highlight></codeline>
<codeline lineno="21"><highlight class="normal"></highlight><highlight class="keyword">import</highlight><highlight class="normal"><sp/>javafx.event.ActionEvent;</highlight></codeline>
<codeline lineno="22"><highlight class="normal"></highlight><highlight class="keyword">import</highlight><highlight class="normal"><sp/>javafx.fxml.FXMLLoader;</highlight></codeline>
<codeline lineno="23"><highlight class="normal"></highlight><highlight class="keyword">import</highlight><highlight class="normal"><sp/>javafx.scene.Parent;</highlight></codeline>
<codeline lineno="24"><highlight class="normal"></highlight><highlight class="keyword">import</highlight><highlight class="normal"><sp/>javafx.scene.Scene;</highlight></codeline>
<codeline lineno="25"><highlight class="normal"></highlight><highlight class="keyword">import</highlight><highlight class="normal"><sp/>javafx.stage.Stage;</highlight></codeline>
<codeline lineno="26"><highlight class="normal"></highlight></codeline>
<codeline lineno="36" refid="classcom_1_1francesco_1_1rubrica_1_1_interface_1_1_visualizza_singolo_contatto_controller" refkind="compound"><highlight class="normal"></highlight><highlight class="keyword">public</highlight><highlight class="normal"><sp/></highlight><highlight class="keyword">class<sp/></highlight><highlight class="normal"><ref refid="classcom_1_1francesco_1_1rubrica_1_1_interface_1_1_visualizza_singolo_contatto_controller" kindref="compound">VisualizzaSingoloContattoController</ref><sp/></highlight><highlight class="keyword">implements</highlight><highlight class="normal"><sp/>Initializable<sp/>{</highlight></codeline>
<codeline lineno="37"><highlight class="normal"></highlight></codeline>
<codeline lineno="41"><highlight class="normal"><sp/><sp/><sp/><sp/>@FXML</highlight></codeline>
<codeline lineno="42"><highlight class="normal"><sp/><sp/><sp/><sp/></highlight><highlight class="keyword">private</highlight><highlight class="normal"><sp/>Label<sp/>nameContent;</highlight></codeline>
<codeline lineno="43"><highlight class="normal"></highlight></codeline>
<codeline lineno="47"><highlight class="normal"><sp/><sp/><sp/><sp/>@FXML</highlight></codeline>
<codeline lineno="48"><highlight class="normal"><sp/><sp/><sp/><sp/></highlight><highlight class="keyword">private</highlight><highlight class="normal"><sp/>Label<sp/>surnameContent;</highlight></codeline>
<codeline lineno="49"><highlight class="normal"></highlight></codeline>
<codeline lineno="53"><highlight class="normal"><sp/><sp/><sp/><sp/>@FXML</highlight></codeline>
<codeline lineno="54"><highlight class="normal"><sp/><sp/><sp/><sp/></highlight><highlight class="keyword">private</highlight><highlight class="normal"><sp/>Label<sp/>birthdayContent;</highlight></codeline>
<codeline lineno="55"><highlight class="normal"></highlight></codeline>
<codeline lineno="59"><highlight class="normal"><sp/><sp/><sp/><sp/>@FXML</highlight></codeline>
<codeline lineno="60"><highlight class="normal"><sp/><sp/><sp/><sp/></highlight><highlight class="keyword">private</highlight><highlight class="normal"><sp/>Label<sp/>companyContent;</highlight></codeline>
<codeline lineno="61"><highlight class="normal"></highlight></codeline>
<codeline lineno="65"><highlight class="normal"><sp/><sp/><sp/><sp/>@FXML</highlight></codeline>
<codeline lineno="66"><highlight class="normal"><sp/><sp/><sp/><sp/></highlight><highlight class="keyword">private</highlight><highlight class="normal"><sp/>Label<sp/>numberContent1;</highlight></codeline>
<codeline lineno="67"><highlight class="normal"></highlight></codeline>
<codeline lineno="71"><highlight class="normal"><sp/><sp/><sp/><sp/>@FXML</highlight></codeline>
<codeline lineno="72"><highlight class="normal"><sp/><sp/><sp/><sp/></highlight><highlight class="keyword">private</highlight><highlight class="normal"><sp/>Label<sp/>numberContent2;</highlight></codeline>
<codeline lineno="73"><highlight class="normal"></highlight></codeline>
<codeline lineno="77"><highlight class="normal"><sp/><sp/><sp/><sp/>@FXML</highlight></codeline>
<codeline lineno="78"><highlight class="normal"><sp/><sp/><sp/><sp/></highlight><highlight class="keyword">private</highlight><highlight class="normal"><sp/>Label<sp/>numberContent3;</highlight></codeline>
<codeline lineno="79"><highlight class="normal"></highlight></codeline>
<codeline lineno="83"><highlight class="normal"><sp/><sp/><sp/><sp/>@FXML</highlight></codeline>
<codeline lineno="84"><highlight class="normal"><sp/><sp/><sp/><sp/></highlight><highlight class="keyword">private</highlight><highlight class="normal"><sp/>Label<sp/>emailContent1;</highlight></codeline>
<codeline lineno="85"><highlight class="normal"></highlight></codeline>
<codeline lineno="89"><highlight class="normal"><sp/><sp/><sp/><sp/>@FXML</highlight></codeline>
<codeline lineno="90"><highlight class="normal"><sp/><sp/><sp/><sp/></highlight><highlight class="keyword">private</highlight><highlight class="normal"><sp/>Label<sp/>emailContent2;</highlight></codeline>
<codeline lineno="91"><highlight class="normal"></highlight></codeline>
<codeline lineno="95"><highlight class="normal"><sp/><sp/><sp/><sp/>@FXML</highlight></codeline>
<codeline lineno="96"><highlight class="normal"><sp/><sp/><sp/><sp/></highlight><highlight class="keyword">private</highlight><highlight class="normal"><sp/>Label<sp/>emailContent3;</highlight></codeline>
<codeline lineno="97"><highlight class="normal"></highlight></codeline>
<codeline lineno="101"><highlight class="normal"><sp/><sp/><sp/><sp/>@FXML</highlight></codeline>
<codeline lineno="102"><highlight class="normal"><sp/><sp/><sp/><sp/></highlight><highlight class="keyword">private</highlight><highlight class="normal"><sp/>Label<sp/>addressContent;</highlight></codeline>
<codeline lineno="103"><highlight class="normal"></highlight></codeline>
<codeline lineno="107"><highlight class="normal"><sp/><sp/><sp/><sp/>@FXML</highlight></codeline>
<codeline lineno="108"><highlight class="normal"><sp/><sp/><sp/><sp/></highlight><highlight class="keyword">private</highlight><highlight class="normal"><sp/>Button<sp/>modifyButton;</highlight></codeline>
<codeline lineno="109"><highlight class="normal"></highlight></codeline>
<codeline lineno="113"><highlight class="normal"><sp/><sp/><sp/><sp/>@FXML</highlight></codeline>
<codeline lineno="114"><highlight class="normal"><sp/><sp/><sp/><sp/></highlight><highlight class="keyword">private</highlight><highlight class="normal"><sp/>Button<sp/>deleteButton;</highlight></codeline>
<codeline lineno="115"><highlight class="normal"></highlight></codeline>
<codeline lineno="119"><highlight class="normal"><sp/><sp/><sp/><sp/>@FXML</highlight></codeline>
<codeline lineno="120"><highlight class="normal"><sp/><sp/><sp/><sp/></highlight><highlight class="keyword">private</highlight><highlight class="normal"><sp/>Button<sp/>returnButton;</highlight></codeline>
<codeline lineno="121"><highlight class="normal"></highlight></codeline>
<codeline lineno="126"><highlight class="normal"><sp/><sp/><sp/><sp/></highlight><highlight class="keyword">private</highlight><highlight class="normal"><sp/><ref refid="classcom_1_1francesco_1_1rubrica_1_1_data_1_1_contatto" kindref="compound">Contatto</ref><sp/>contatto;</highlight></codeline>
<codeline lineno="127"><highlight class="normal"></highlight></codeline>
<codeline lineno="136"><highlight class="normal"><sp/><sp/><sp/><sp/>@Override</highlight></codeline>
<codeline lineno="137"><highlight class="normal"><sp/><sp/><sp/><sp/></highlight><highlight class="keyword">public</highlight><highlight class="normal"><sp/></highlight><highlight class="keywordtype">void</highlight><highlight class="normal"><sp/><ref refid="classcom_1_1francesco_1_1rubrica_1_1_interface_1_1_visualizza_singolo_contatto_controller_1ad8b9ffb3d5cfdc2b49aa75186e9d7360" kindref="member">initialize</ref>(URL<sp/>url,<sp/>ResourceBundle<sp/>rb)<sp/>{</highlight></codeline>
<codeline lineno="138"><highlight class="normal"></highlight></codeline>
<codeline lineno="139"><highlight class="normal"><sp/><sp/><sp/><sp/>}</highlight></codeline>
<codeline lineno="140"><highlight class="normal"></highlight></codeline>
<codeline lineno="146"><highlight class="normal"><sp/><sp/><sp/><sp/></highlight><highlight class="keyword">public</highlight><highlight class="normal"><sp/></highlight><highlight class="keywordtype">void</highlight><highlight class="normal"><sp/><ref refid="classcom_1_1francesco_1_1rubrica_1_1_interface_1_1_visualizza_singolo_contatto_controller_1a18c6b290a12db5e14f40f2aed9237e83" kindref="member">setContatto</ref>(<ref refid="classcom_1_1francesco_1_1rubrica_1_1_data_1_1_contatto" kindref="compound">Contatto</ref><sp/>contatto)<sp/>{</highlight></codeline>
<codeline lineno="147"><highlight class="normal"><sp/><sp/><sp/><sp/><sp/><sp/><sp/><sp/>this.contatto<sp/>=<sp/>contatto;</highlight></codeline>
<codeline lineno="148"><highlight class="normal"><sp/><sp/><sp/><sp/><sp/><sp/><sp/><sp/>nameContent.setText(contatto.<ref refid="classcom_1_1francesco_1_1rubrica_1_1_data_1_1_contatto_1afb9b396e0c4b253e7e198cceb4fb32c1" kindref="member">getNome</ref>());</highlight></codeline>
<codeline lineno="149"><highlight class="normal"><sp/><sp/><sp/><sp/><sp/><sp/><sp/><sp/>surnameContent.setText(contatto.<ref refid="classcom_1_1francesco_1_1rubrica_1_1_data_1_1_contatto_1ac2b5fcb133390aa7217f7737232dbcee" kindref="member">getCognome</ref>());</highlight></codeline>
<codeline lineno="150"><highlight class="normal"><sp/><sp/><sp/><sp/><sp/><sp/><sp/><sp/>birthdayContent.setText(contatto.<ref refid="classcom_1_1francesco_1_1rubrica_1_1_data_1_1_contatto_1a5a93e2dcde3e84cda6155e65b053b92c" kindref="member">getCompleanno</ref>()<sp/>!=<sp/></highlight><highlight class="keyword">null</highlight><highlight class="normal"><sp/>?<sp/>contatto.<ref refid="classcom_1_1francesco_1_1rubrica_1_1_data_1_1_contatto_1a5a93e2dcde3e84cda6155e65b053b92c" kindref="member">getCompleanno</ref>().toString()<sp/>:<sp/></highlight><highlight class="stringliteral">&quot;&quot;</highlight><highlight class="normal">);</highlight></codeline>
<codeline lineno="151"><highlight class="normal"><sp/><sp/><sp/><sp/><sp/><sp/><sp/><sp/>companyContent.setText(contatto.<ref refid="classcom_1_1francesco_1_1rubrica_1_1_data_1_1_contatto_1a225bce7bfa3c0312efefec7ca733b7d8" kindref="member">getSocietà</ref>());</highlight></codeline>
<codeline lineno="152"><highlight class="normal"><sp/><sp/><sp/><sp/><sp/><sp/><sp/><sp/>numberContent1.setText(contatto.<ref refid="classcom_1_1francesco_1_1rubrica_1_1_data_1_1_contatto_1afc016576b53db112129de1bbebcd926e" kindref="member">getTelefono1</ref>());</highlight></codeline>
<codeline lineno="153"><highlight class="normal"><sp/><sp/><sp/><sp/><sp/><sp/><sp/><sp/>numberContent2.setText(contatto.<ref refid="classcom_1_1francesco_1_1rubrica_1_1_data_1_1_contatto_1a8f7c6737ae615030cac8ed0fb18fcd27" kindref="member">getTelefono2</ref>());</highlight></codeline>
<codeline lineno="154"><highlight class="normal"><sp/><sp/><sp/><sp/><sp/><sp/><sp/><sp/>numberContent3.setText(contatto.<ref refid="classcom_1_1francesco_1_1rubrica_1_1_data_1_1_contatto_1a229ff72a6893429e689f2a33e516b55d" kindref="member">getTelefono3</ref>());</highlight></codeline>
<codeline lineno="155"><highlight class="normal"><sp/><sp/><sp/><sp/><sp/><sp/><sp/><sp/>emailContent1.setText(contatto.<ref refid="classcom_1_1francesco_1_1rubrica_1_1_data_1_1_contatto_1a71a7b8f2570c594d6c19ccbf32e017c5" kindref="member">getEmail1</ref>());</highlight></codeline>
<codeline lineno="156"><highlight class="normal"><sp/><sp/><sp/><sp/><sp/><sp/><sp/><sp/>emailContent2.setText(contatto.<ref refid="classcom_1_1francesco_1_1rubrica_1_1_data_1_1_contatto_1adbe46cf9dfcee8aa8738df276dafaf86" kindref="member">getEmail2</ref>());</highlight></codeline>
<codeline lineno="157"><highlight class="normal"><sp/><sp/><sp/><sp/><sp/><sp/><sp/><sp/>emailContent3.setText(contatto.<ref refid="classcom_1_1francesco_1_1rubrica_1_1_data_1_1_contatto_1abc45fceef8957d3ead42489c8811c89c" kindref="member">getEmail3</ref>());</highlight></codeline>
<codeline lineno="158"><highlight class="normal"><sp/><sp/><sp/><sp/><sp/><sp/><sp/><sp/>addressContent.setText(contatto.<ref refid="classcom_1_1francesco_1_1rubrica_1_1_data_1_1_contatto_1a0b3f0e26af95298df85d747edae5020b" kindref="member">getIndirizzo</ref>());</highlight></codeline>
<codeline lineno="159"><highlight class="normal"><sp/><sp/><sp/><sp/>}</highlight></codeline>
<codeline lineno="160"><highlight class="normal"></highlight></codeline>
<codeline lineno="165"><highlight class="normal"><sp/><sp/><sp/><sp/></highlight><highlight class="keyword">public</highlight><highlight class="normal"><sp/></highlight><highlight class="keywordtype">void</highlight><highlight class="normal"><sp/><ref refid="classcom_1_1francesco_1_1rubrica_1_1_interface_1_1_visualizza_singolo_contatto_controller_1ace5de023a9087357be1bab627c5c163e" kindref="member">aggiornaDatiContatto</ref>()<sp/>{</highlight></codeline>
<codeline lineno="166"><highlight class="normal"><sp/><sp/><sp/><sp/><sp/><sp/><sp/><sp/></highlight><highlight class="keywordflow">if</highlight><highlight class="normal"><sp/>(contatto<sp/>!=<sp/></highlight><highlight class="keyword">null</highlight><highlight class="normal">)<sp/>{</highlight></codeline>
<codeline lineno="167"><highlight class="normal"><sp/><sp/><sp/><sp/><sp/><sp/><sp/><sp/><sp/><sp/><sp/><sp/>nameContent.setText(contatto.<ref refid="classcom_1_1francesco_1_1rubrica_1_1_data_1_1_contatto_1afb9b396e0c4b253e7e198cceb4fb32c1" kindref="member">getNome</ref>());</highlight></codeline>
<codeline lineno="168"><highlight class="normal"><sp/><sp/><sp/><sp/><sp/><sp/><sp/><sp/><sp/><sp/><sp/><sp/>surnameContent.setText(contatto.<ref refid="classcom_1_1francesco_1_1rubrica_1_1_data_1_1_contatto_1ac2b5fcb133390aa7217f7737232dbcee" kindref="member">getCognome</ref>());</highlight></codeline>
<codeline lineno="169"><highlight class="normal"><sp/><sp/><sp/><sp/><sp/><sp/><sp/><sp/><sp/><sp/><sp/><sp/>birthdayContent.setText(contatto.<ref refid="classcom_1_1francesco_1_1rubrica_1_1_data_1_1_contatto_1a5a93e2dcde3e84cda6155e65b053b92c" kindref="member">getCompleanno</ref>()<sp/>!=<sp/></highlight><highlight class="keyword">null</highlight><highlight class="normal"><sp/>?<sp/>contatto.<ref refid="classcom_1_1francesco_1_1rubrica_1_1_data_1_1_contatto_1a5a93e2dcde3e84cda6155e65b053b92c" kindref="member">getCompleanno</ref>().toString()<sp/>:<sp/></highlight><highlight class="stringliteral">&quot;&quot;</highlight><highlight class="normal">);</highlight></codeline>
<codeline lineno="170"><highlight class="normal"><sp/><sp/><sp/><sp/><sp/><sp/><sp/><sp/><sp/><sp/><sp/><sp/>companyContent.setText(contatto.<ref refid="classcom_1_1francesco_1_1rubrica_1_1_data_1_1_contatto_1a225bce7bfa3c0312efefec7ca733b7d8" kindref="member">getSocietà</ref>());</highlight></codeline>
<codeline lineno="171"><highlight class="normal"><sp/><sp/><sp/><sp/><sp/><sp/><sp/><sp/><sp/><sp/><sp/><sp/>numberContent1.setText(contatto.<ref refid="classcom_1_1francesco_1_1rubrica_1_1_data_1_1_contatto_1afc016576b53db112129de1bbebcd926e" kindref="member">getTelefono1</ref>());</highlight></codeline>
<codeline lineno="172"><highlight class="normal"><sp/><sp/><sp/><sp/><sp/><sp/><sp/><sp/><sp/><sp/><sp/><sp/>numberContent2.setText(contatto.<ref refid="classcom_1_1francesco_1_1rubrica_1_1_data_1_1_contatto_1a8f7c6737ae615030cac8ed0fb18fcd27" kindref="member">getTelefono2</ref>());</highlight></codeline>
<codeline lineno="173"><highlight class="normal"><sp/><sp/><sp/><sp/><sp/><sp/><sp/><sp/><sp/><sp/><sp/><sp/>numberContent3.setText(contatto.<ref refid="classcom_1_1francesco_1_1rubrica_1_1_data_1_1_contatto_1a229ff72a6893429e689f2a33e516b55d" kindref="member">getTelefono3</ref>());</highlight></codeline>
<codeline lineno="174"><highlight class="normal"><sp/><sp/><sp/><sp/><sp/><sp/><sp/><sp/><sp/><sp/><sp/><sp/>emailContent1.setText(contatto.<ref refid="classcom_1_1francesco_1_1rubrica_1_1_data_1_1_contatto_1a71a7b8f2570c594d6c19ccbf32e017c5" kindref="member">getEmail1</ref>());</highlight></codeline>
<codeline lineno="175"><highlight class="normal"><sp/><sp/><sp/><sp/><sp/><sp/><sp/><sp/><sp/><sp/><sp/><sp/>emailContent2.setText(contatto.<ref refid="classcom_1_1francesco_1_1rubrica_1_1_data_1_1_contatto_1adbe46cf9dfcee8aa8738df276dafaf86" kindref="member">getEmail2</ref>());</highlight></codeline>
<codeline lineno="176"><highlight class="normal"><sp/><sp/><sp/><sp/><sp/><sp/><sp/><sp/><sp/><sp/><sp/><sp/>emailContent3.setText(contatto.<ref refid="classcom_1_1francesco_1_1rubrica_1_1_data_1_1_contatto_1abc45fceef8957d3ead42489c8811c89c" kindref="member">getEmail3</ref>());</highlight></codeline>
<codeline lineno="177"><highlight class="normal"><sp/><sp/><sp/><sp/><sp/><sp/><sp/><sp/><sp/><sp/><sp/><sp/>addressContent.setText(contatto.<ref refid="classcom_1_1francesco_1_1rubrica_1_1_data_1_1_contatto_1a0b3f0e26af95298df85d747edae5020b" kindref="member">getIndirizzo</ref>());</highlight></codeline>
<codeline lineno="178"><highlight class="normal"><sp/><sp/><sp/><sp/><sp/><sp/><sp/><sp/>}</highlight></codeline>
<codeline lineno="179"><highlight class="normal"><sp/><sp/><sp/><sp/>}</highlight></codeline>
<codeline lineno="180"><highlight class="normal"></highlight></codeline>
<codeline lineno="190"><highlight class="normal"><sp/><sp/><sp/><sp/>@FXML</highlight></codeline>
<codeline lineno="191"><highlight class="normal"><sp/><sp/><sp/><sp/></highlight><highlight class="keyword">private</highlight><highlight class="normal"><sp/></highlight><highlight class="keywordtype">void</highlight><highlight class="normal"><sp/>displayMainInterface(ActionEvent<sp/>event)<sp/>{</highlight></codeline>
<codeline lineno="192"><highlight class="normal"><sp/><sp/><sp/><sp/><sp/><sp/><sp/><sp/></highlight><highlight class="keywordflow">try</highlight><highlight class="normal"><sp/>{</highlight></codeline>
<codeline lineno="193"><highlight class="normal"></highlight></codeline>
<codeline lineno="194"><highlight class="normal"><sp/><sp/><sp/><sp/><sp/><sp/><sp/><sp/><sp/><sp/><sp/><sp/>FXMLLoader<sp/>loader<sp/>=<sp/></highlight><highlight class="keyword">new</highlight><highlight class="normal"><sp/>FXMLLoader(getClass().getResource(</highlight><highlight class="stringliteral">&quot;/com/francesco/rubrica/MainInterfaceController.fxml&quot;</highlight><highlight class="normal">));</highlight></codeline>
<codeline lineno="195"><highlight class="normal"><sp/><sp/><sp/><sp/><sp/><sp/><sp/><sp/><sp/><sp/><sp/><sp/>Parent<sp/>root<sp/>=<sp/>loader.load();</highlight></codeline>
<codeline lineno="196"><highlight class="normal"></highlight></codeline>
<codeline lineno="197"><highlight class="normal"><sp/><sp/><sp/><sp/><sp/><sp/><sp/><sp/><sp/><sp/><sp/><sp/>Scene<sp/>currentscene<sp/>=<sp/>((javafx.scene.Node)<sp/></highlight><highlight class="keyword">event</highlight><highlight class="normal">.getSource()).getScene();</highlight></codeline>
<codeline lineno="198"><highlight class="normal"><sp/><sp/><sp/><sp/><sp/><sp/><sp/><sp/><sp/><sp/><sp/><sp/>currentscene.setRoot(root);</highlight></codeline>
<codeline lineno="199"><highlight class="normal"></highlight></codeline>
<codeline lineno="200"><highlight class="normal"><sp/><sp/><sp/><sp/><sp/><sp/><sp/><sp/><sp/><sp/><sp/><sp/><ref refid="classcom_1_1francesco_1_1rubrica_1_1_interface_1_1_main_interface_controller" kindref="compound">MainInterfaceController</ref><sp/>mainController<sp/>=<sp/>loader.getController();</highlight></codeline>
<codeline lineno="201"><highlight class="normal"><sp/><sp/><sp/><sp/><sp/><sp/><sp/><sp/><sp/><sp/><sp/><sp/>mainController.<ref refid="classcom_1_1francesco_1_1rubrica_1_1_interface_1_1_main_interface_controller_1aaf1df3e1afeab6ddf31523eaeb38bb52" kindref="member">setRubrica</ref>(<ref refid="classcom_1_1francesco_1_1rubrica_1_1_main_1_1_app" kindref="compound">App</ref>.<ref refid="classcom_1_1francesco_1_1rubrica_1_1_main_1_1_app_1a9691e44f528ca14d15904ba494983119" kindref="member">getRubricaCondivisa</ref>());</highlight></codeline>
<codeline lineno="202"><highlight class="normal"></highlight></codeline>
<codeline lineno="203"><highlight class="normal"><sp/><sp/><sp/><sp/><sp/><sp/><sp/><sp/>}<sp/></highlight><highlight class="keywordflow">catch</highlight><highlight class="normal"><sp/>(IOException<sp/>e)<sp/>{</highlight></codeline>
<codeline lineno="204"><highlight class="normal"><sp/><sp/><sp/><sp/><sp/><sp/><sp/><sp/><sp/><sp/><sp/><sp/>System.out.println(</highlight><highlight class="stringliteral">&quot;Impossibile<sp/>tornare<sp/>alla<sp/>MainInterface&quot;</highlight><highlight class="normal">);</highlight></codeline>
<codeline lineno="205"><highlight class="normal"><sp/><sp/><sp/><sp/><sp/><sp/><sp/><sp/>}</highlight></codeline>
<codeline lineno="206"><highlight class="normal"><sp/><sp/><sp/><sp/>}</highlight></codeline>
<codeline lineno="207"><highlight class="normal"></highlight></codeline>
<codeline lineno="217"><highlight class="normal"><sp/><sp/><sp/><sp/>@FXML</highlight></codeline>
<codeline lineno="218"><highlight class="normal"><sp/><sp/><sp/><sp/></highlight><highlight class="keyword">public</highlight><highlight class="normal"><sp/></highlight><highlight class="keywordtype">void</highlight><highlight class="normal"><sp/><ref refid="classcom_1_1francesco_1_1rubrica_1_1_interface_1_1_visualizza_singolo_contatto_controller_1a77fead035d90d5ae923701e23c672b6e" kindref="member">displayModificaContatto</ref>(ActionEvent<sp/>event)<sp/></highlight><highlight class="keywordflow">throws</highlight><highlight class="normal"><sp/>IOException<sp/>{</highlight></codeline>
<codeline lineno="219"><highlight class="normal"><sp/><sp/><sp/><sp/><sp/><sp/><sp/><sp/></highlight><highlight class="keywordflow">try</highlight><highlight class="normal"><sp/>{</highlight></codeline>
<codeline lineno="220"><highlight class="normal"><sp/><sp/><sp/><sp/><sp/><sp/><sp/><sp/><sp/><sp/><sp/><sp/>FXMLLoader<sp/>loader<sp/>=<sp/></highlight><highlight class="keyword">new</highlight><highlight class="normal"><sp/>FXMLLoader(getClass().getResource(</highlight><highlight class="stringliteral">&quot;/com/francesco/rubrica/ModificaContattoController.fxml&quot;</highlight><highlight class="normal">));</highlight></codeline>
<codeline lineno="221"><highlight class="normal"><sp/><sp/><sp/><sp/><sp/><sp/><sp/><sp/><sp/><sp/><sp/><sp/>Parent<sp/>root<sp/>=<sp/>loader.load();</highlight></codeline>
<codeline lineno="222"><highlight class="normal"></highlight></codeline>
<codeline lineno="223"><highlight class="normal"><sp/><sp/><sp/><sp/><sp/><sp/><sp/><sp/><sp/><sp/><sp/><sp/>Scene<sp/>currentScene<sp/>=<sp/>((javafx.scene.Node)<sp/></highlight><highlight class="keyword">event</highlight><highlight class="normal">.getSource()).getScene();</highlight></codeline>
<codeline lineno="224"><highlight class="normal"><sp/><sp/><sp/><sp/><sp/><sp/><sp/><sp/><sp/><sp/><sp/><sp/>currentScene.setRoot(root);</highlight></codeline>
<codeline lineno="225"><highlight class="normal"><sp/><sp/><sp/><sp/><sp/><sp/><sp/><sp/><sp/><sp/><sp/><sp/><ref refid="classcom_1_1francesco_1_1rubrica_1_1_interface_1_1_modifica_contatto_controller" kindref="compound">ModificaContattoController</ref><sp/>controller<sp/>=<sp/>loader.getController();</highlight></codeline>
<codeline lineno="226"><highlight class="normal"><sp/><sp/><sp/><sp/><sp/><sp/><sp/><sp/><sp/><sp/><sp/><sp/>controller.<ref refid="classcom_1_1francesco_1_1rubrica_1_1_interface_1_1_modifica_contatto_controller_1a83047eb1c0137b3150c3e7ae5e31f9d7" kindref="member">setContatto</ref>(this.contatto);</highlight></codeline>
<codeline lineno="227"><highlight class="normal"><sp/><sp/><sp/><sp/><sp/><sp/><sp/><sp/><sp/><sp/><sp/><sp/>Stage<sp/>stage<sp/>=<sp/>(Stage)<sp/>currentScene.getWindow();</highlight></codeline>
<codeline lineno="228"><highlight class="normal"><sp/><sp/><sp/><sp/><sp/><sp/><sp/><sp/><sp/><sp/><sp/><sp/>stage.setOnHidden(e<sp/>-&gt;<sp/><ref refid="classcom_1_1francesco_1_1rubrica_1_1_interface_1_1_visualizza_singolo_contatto_controller_1ace5de023a9087357be1bab627c5c163e" kindref="member">aggiornaDatiContatto</ref>());</highlight></codeline>
<codeline lineno="229"><highlight class="normal"><sp/><sp/><sp/><sp/><sp/><sp/><sp/><sp/>}<sp/></highlight><highlight class="keywordflow">catch</highlight><highlight class="normal"><sp/>(IOException<sp/>e)<sp/>{</highlight></codeline>
<codeline lineno="230"><highlight class="normal"><sp/><sp/><sp/><sp/><sp/><sp/><sp/><sp/><sp/><sp/><sp/><sp/>System.out.println(</highlight><highlight class="stringliteral">&quot;Impossibile<sp/>aprire<sp/>l&apos;interfaccia<sp/>ModificaContattoController&quot;</highlight><highlight class="normal">);</highlight></codeline>
<codeline lineno="231"><highlight class="normal"><sp/><sp/><sp/><sp/><sp/><sp/><sp/><sp/>}</highlight></codeline>
<codeline lineno="232"><highlight class="normal"><sp/><sp/><sp/><sp/>}</highlight></codeline>
<codeline lineno="233"><highlight class="normal"></highlight></codeline>
<codeline lineno="241"><highlight class="normal"><sp/><sp/><sp/><sp/>@FXML</highlight></codeline>
<codeline lineno="242"><highlight class="normal"><sp/><sp/><sp/><sp/></highlight><highlight class="keyword">public</highlight><highlight class="normal"><sp/></highlight><highlight class="keywordtype">void</highlight><highlight class="normal"><sp/><ref refid="classcom_1_1francesco_1_1rubrica_1_1_interface_1_1_visualizza_singolo_contatto_controller_1a0b8e5657281561eef1b4cc88d3caf610" kindref="member">eliminaContatto</ref>(ActionEvent<sp/>event)<sp/>{</highlight></codeline>
<codeline lineno="243"><highlight class="normal"><sp/><sp/><sp/><sp/><sp/><sp/><sp/><sp/><ref refid="classcom_1_1francesco_1_1rubrica_1_1_main_1_1_app" kindref="compound">App</ref>.<ref refid="classcom_1_1francesco_1_1rubrica_1_1_main_1_1_app_1a9691e44f528ca14d15904ba494983119" kindref="member">getRubricaCondivisa</ref>().<ref refid="classcom_1_1francesco_1_1rubrica_1_1_data_1_1_rubrica_1a660195890ce6f9f27811b497266c499d" kindref="member">eliminaContatto</ref>(contatto);</highlight></codeline>
<codeline lineno="244"><highlight class="normal"><sp/><sp/><sp/><sp/><sp/><sp/><sp/><sp/></highlight><highlight class="keywordflow">try</highlight><highlight class="normal"><sp/>{</highlight></codeline>
<codeline lineno="245"><highlight class="normal"></highlight></codeline>
<codeline lineno="246"><highlight class="normal"><sp/><sp/><sp/><sp/><sp/><sp/><sp/><sp/><sp/><sp/><sp/><sp/>FXMLLoader<sp/>loader<sp/>=<sp/></highlight><highlight class="keyword">new</highlight><highlight class="normal"><sp/>FXMLLoader(getClass().getResource(</highlight><highlight class="stringliteral">&quot;/com/francesco/rubrica/MainInterfaceController.fxml&quot;</highlight><highlight class="normal">));</highlight></codeline>
<codeline lineno="247"><highlight class="normal"><sp/><sp/><sp/><sp/><sp/><sp/><sp/><sp/><sp/><sp/><sp/><sp/>Parent<sp/>root<sp/>=<sp/>loader.load();</highlight></codeline>
<codeline lineno="248"><highlight class="normal"></highlight></codeline>
<codeline lineno="249"><highlight class="normal"><sp/><sp/><sp/><sp/><sp/><sp/><sp/><sp/><sp/><sp/><sp/><sp/>Scene<sp/>currentscene<sp/>=<sp/>((javafx.scene.Node)<sp/></highlight><highlight class="keyword">event</highlight><highlight class="normal">.getSource()).getScene();</highlight></codeline>
<codeline lineno="250"><highlight class="normal"><sp/><sp/><sp/><sp/><sp/><sp/><sp/><sp/><sp/><sp/><sp/><sp/>currentscene.setRoot(root);</highlight></codeline>
<codeline lineno="251"><highlight class="normal"></highlight></codeline>
<codeline lineno="252"><highlight class="normal"><sp/><sp/><sp/><sp/><sp/><sp/><sp/><sp/><sp/><sp/><sp/><sp/><ref refid="classcom_1_1francesco_1_1rubrica_1_1_interface_1_1_main_interface_controller" kindref="compound">MainInterfaceController</ref><sp/>mainController<sp/>=<sp/>loader.getController();</highlight></codeline>
<codeline lineno="253"><highlight class="normal"><sp/><sp/><sp/><sp/><sp/><sp/><sp/><sp/><sp/><sp/><sp/><sp/>mainController.<ref refid="classcom_1_1francesco_1_1rubrica_1_1_interface_1_1_main_interface_controller_1aaf1df3e1afeab6ddf31523eaeb38bb52" kindref="member">setRubrica</ref>(<ref refid="classcom_1_1francesco_1_1rubrica_1_1_main_1_1_app" kindref="compound">App</ref>.<ref refid="classcom_1_1francesco_1_1rubrica_1_1_main_1_1_app_1a9691e44f528ca14d15904ba494983119" kindref="member">getRubricaCondivisa</ref>());</highlight></codeline>
<codeline lineno="254"><highlight class="normal"></highlight></codeline>
<codeline lineno="255"><highlight class="normal"><sp/><sp/><sp/><sp/><sp/><sp/><sp/><sp/>}<sp/></highlight><highlight class="keywordflow">catch</highlight><highlight class="normal"><sp/>(IOException<sp/>e)<sp/>{</highlight></codeline>
<codeline lineno="256"><highlight class="normal"><sp/><sp/><sp/><sp/><sp/><sp/><sp/><sp/><sp/><sp/><sp/><sp/>System.out.println(</highlight><highlight class="stringliteral">&quot;Impossibile<sp/>tornare<sp/>alla<sp/>MainInterface&quot;</highlight><highlight class="normal">);</highlight></codeline>
<codeline lineno="257"><highlight class="normal"><sp/><sp/><sp/><sp/><sp/><sp/><sp/><sp/>}</highlight></codeline>
<codeline lineno="258"><highlight class="normal"><sp/><sp/><sp/><sp/>}</highlight></codeline>
<codeline lineno="259"><highlight class="normal"></highlight></codeline>
<codeline lineno="260"><highlight class="normal">}</highlight></codeline>
    </programlisting>
    <location file="Interface/VisualizzaSingoloContattoController.java"/>
  </compounddef>
</doxygen>
