<?xml version='1.0' encoding='UTF-8' standalone='no'?>
<doxygen xmlns:xsi="http://www.w3.org/2001/XMLSchema-instance" xsi:noNamespaceSchemaLocation="compound.xsd" version="1.12.0" xml:lang="it">
  <compounddef id="classcom_1_1francesco_1_1rubrica_1_1_interface_1_1_modifica_contatto_controller" kind="class" language="Java" prot="public">
    <compoundname>com::francesco::rubrica::Interface::ModificaContattoController</compoundname>
    <basecompoundref prot="public" virt="non-virtual">Initializable</basecompoundref>
    <sectiondef kind="private-attrib">
      <memberdef kind="variable" id="classcom_1_1francesco_1_1rubrica_1_1_interface_1_1_modifica_contatto_controller_1acf233eee56d041b5d7a4fbb39ff96c32" prot="private" static="no" mutable="no">
        <type>TextField</type>
        <definition>TextField com.francesco.rubrica.Interface.ModificaContattoController.nameField</definition>
        <argsstring></argsstring>
        <name>nameField</name>
        <qualifiedname>com.francesco.rubrica.Interface.ModificaContattoController.nameField</qualifiedname>
        <briefdescription>
<para>Campo per modificare il nome del contatto. </para>
        </briefdescription>
        <detaileddescription>
        </detaileddescription>
        <inbodydescription>
        </inbodydescription>
        <location file="ModificaContattoController.java" line="43" column="23" bodyfile="ModificaContattoController.java" bodystart="43" bodyend="-1"/>
      </memberdef>
      <memberdef kind="variable" id="classcom_1_1francesco_1_1rubrica_1_1_interface_1_1_modifica_contatto_controller_1ab1173e937b21296c75eb4d20fd62b29d" prot="private" static="no" mutable="no">
        <type>TextField</type>
        <definition>TextField com.francesco.rubrica.Interface.ModificaContattoController.surnameField</definition>
        <argsstring></argsstring>
        <name>surnameField</name>
        <qualifiedname>com.francesco.rubrica.Interface.ModificaContattoController.surnameField</qualifiedname>
        <briefdescription>
<para>Campo per modificare il cognome del contatto. </para>
        </briefdescription>
        <detaileddescription>
        </detaileddescription>
        <inbodydescription>
        </inbodydescription>
        <location file="ModificaContattoController.java" line="49" column="23" bodyfile="ModificaContattoController.java" bodystart="49" bodyend="-1"/>
      </memberdef>
      <memberdef kind="variable" id="classcom_1_1francesco_1_1rubrica_1_1_interface_1_1_modifica_contatto_controller_1ac75d4b9a79751747af1cf99cb0971b2e" prot="private" static="no" mutable="no">
        <type>DatePicker</type>
        <definition>DatePicker com.francesco.rubrica.Interface.ModificaContattoController.birthdayField</definition>
        <argsstring></argsstring>
        <name>birthdayField</name>
        <qualifiedname>com.francesco.rubrica.Interface.ModificaContattoController.birthdayField</qualifiedname>
        <briefdescription>
<para>Campo per modificare la data di nascita del contatto. </para>
        </briefdescription>
        <detaileddescription>
        </detaileddescription>
        <inbodydescription>
        </inbodydescription>
        <location file="ModificaContattoController.java" line="55" column="24" bodyfile="ModificaContattoController.java" bodystart="55" bodyend="-1"/>
      </memberdef>
      <memberdef kind="variable" id="classcom_1_1francesco_1_1rubrica_1_1_interface_1_1_modifica_contatto_controller_1a0d6236c9d06a794de052bfe9f02d8540" prot="private" static="no" mutable="no">
        <type>TextField</type>
        <definition>TextField com.francesco.rubrica.Interface.ModificaContattoController.companyField</definition>
        <argsstring></argsstring>
        <name>companyField</name>
        <qualifiedname>com.francesco.rubrica.Interface.ModificaContattoController.companyField</qualifiedname>
        <briefdescription>
<para>Campo per modificare l&apos;azienda del contatto. </para>
        </briefdescription>
        <detaileddescription>
        </detaileddescription>
        <inbodydescription>
        </inbodydescription>
        <location file="ModificaContattoController.java" line="61" column="23" bodyfile="ModificaContattoController.java" bodystart="61" bodyend="-1"/>
      </memberdef>
      <memberdef kind="variable" id="classcom_1_1francesco_1_1rubrica_1_1_interface_1_1_modifica_contatto_controller_1a9301a0198f10780da07cb59de8016981" prot="private" static="no" mutable="no">
        <type>TextField</type>
        <definition>TextField com.francesco.rubrica.Interface.ModificaContattoController.numberField1</definition>
        <argsstring></argsstring>
        <name>numberField1</name>
        <qualifiedname>com.francesco.rubrica.Interface.ModificaContattoController.numberField1</qualifiedname>
        <briefdescription>
<para>Campo per modificare il primo numero di telefono. </para>
        </briefdescription>
        <detaileddescription>
        </detaileddescription>
        <inbodydescription>
        </inbodydescription>
        <location file="ModificaContattoController.java" line="67" column="23" bodyfile="ModificaContattoController.java" bodystart="67" bodyend="-1"/>
      </memberdef>
      <memberdef kind="variable" id="classcom_1_1francesco_1_1rubrica_1_1_interface_1_1_modifica_contatto_controller_1a6af5e8bd86c2a9b035eeadc38a487e35" prot="private" static="no" mutable="no">
        <type>TextField</type>
        <definition>TextField com.francesco.rubrica.Interface.ModificaContattoController.numberField2</definition>
        <argsstring></argsstring>
        <name>numberField2</name>
        <qualifiedname>com.francesco.rubrica.Interface.ModificaContattoController.numberField2</qualifiedname>
        <briefdescription>
<para>Campo per modificare il secondo numero di telefono. </para>
        </briefdescription>
        <detaileddescription>
        </detaileddescription>
        <inbodydescription>
        </inbodydescription>
        <location file="ModificaContattoController.java" line="73" column="23" bodyfile="ModificaContattoController.java" bodystart="73" bodyend="-1"/>
      </memberdef>
      <memberdef kind="variable" id="classcom_1_1francesco_1_1rubrica_1_1_interface_1_1_modifica_contatto_controller_1a5d6f7fed352c99c2ba254ad0f969b74a" prot="private" static="no" mutable="no">
        <type>TextField</type>
        <definition>TextField com.francesco.rubrica.Interface.ModificaContattoController.numberField3</definition>
        <argsstring></argsstring>
        <name>numberField3</name>
        <qualifiedname>com.francesco.rubrica.Interface.ModificaContattoController.numberField3</qualifiedname>
        <briefdescription>
<para>Campo per modificare il terzo numero di telefono. </para>
        </briefdescription>
        <detaileddescription>
        </detaileddescription>
        <inbodydescription>
        </inbodydescription>
        <location file="ModificaContattoController.java" line="79" column="23" bodyfile="ModificaContattoController.java" bodystart="79" bodyend="-1"/>
      </memberdef>
      <memberdef kind="variable" id="classcom_1_1francesco_1_1rubrica_1_1_interface_1_1_modifica_contatto_controller_1abca679fbd58a642168535259c810cbfb" prot="private" static="no" mutable="no">
        <type>TextField</type>
        <definition>TextField com.francesco.rubrica.Interface.ModificaContattoController.emailField1</definition>
        <argsstring></argsstring>
        <name>emailField1</name>
        <qualifiedname>com.francesco.rubrica.Interface.ModificaContattoController.emailField1</qualifiedname>
        <briefdescription>
<para>Campo per modificare la prima email del contatto. </para>
        </briefdescription>
        <detaileddescription>
        </detaileddescription>
        <inbodydescription>
        </inbodydescription>
        <location file="ModificaContattoController.java" line="85" column="23" bodyfile="ModificaContattoController.java" bodystart="85" bodyend="-1"/>
      </memberdef>
      <memberdef kind="variable" id="classcom_1_1francesco_1_1rubrica_1_1_interface_1_1_modifica_contatto_controller_1aeefc6f581814b08f68ccf0f5e32a0729" prot="private" static="no" mutable="no">
        <type>TextField</type>
        <definition>TextField com.francesco.rubrica.Interface.ModificaContattoController.emailField2</definition>
        <argsstring></argsstring>
        <name>emailField2</name>
        <qualifiedname>com.francesco.rubrica.Interface.ModificaContattoController.emailField2</qualifiedname>
        <briefdescription>
<para>Campo per modificare la seconda email del contatto. </para>
        </briefdescription>
        <detaileddescription>
        </detaileddescription>
        <inbodydescription>
        </inbodydescription>
        <location file="ModificaContattoController.java" line="91" column="23" bodyfile="ModificaContattoController.java" bodystart="91" bodyend="-1"/>
      </memberdef>
      <memberdef kind="variable" id="classcom_1_1francesco_1_1rubrica_1_1_interface_1_1_modifica_contatto_controller_1ab321dd7becd654aea2614f24ae6ab091" prot="private" static="no" mutable="no">
        <type>TextField</type>
        <definition>TextField com.francesco.rubrica.Interface.ModificaContattoController.emailField3</definition>
        <argsstring></argsstring>
        <name>emailField3</name>
        <qualifiedname>com.francesco.rubrica.Interface.ModificaContattoController.emailField3</qualifiedname>
        <briefdescription>
<para>Campo per modificare la terza email del contatto. </para>
        </briefdescription>
        <detaileddescription>
        </detaileddescription>
        <inbodydescription>
        </inbodydescription>
        <location file="ModificaContattoController.java" line="97" column="23" bodyfile="ModificaContattoController.java" bodystart="97" bodyend="-1"/>
      </memberdef>
      <memberdef kind="variable" id="classcom_1_1francesco_1_1rubrica_1_1_interface_1_1_modifica_contatto_controller_1a315ca1ce9e10782cb0ab211bfc01e408" prot="private" static="no" mutable="no">
        <type>TextField</type>
        <definition>TextField com.francesco.rubrica.Interface.ModificaContattoController.addressField</definition>
        <argsstring></argsstring>
        <name>addressField</name>
        <qualifiedname>com.francesco.rubrica.Interface.ModificaContattoController.addressField</qualifiedname>
        <briefdescription>
<para>Campo per modificare l&apos;indirizzo del contatto. </para>
        </briefdescription>
        <detaileddescription>
        </detaileddescription>
        <inbodydescription>
        </inbodydescription>
        <location file="ModificaContattoController.java" line="103" column="23" bodyfile="ModificaContattoController.java" bodystart="103" bodyend="-1"/>
      </memberdef>
      <memberdef kind="variable" id="classcom_1_1francesco_1_1rubrica_1_1_interface_1_1_modifica_contatto_controller_1a9662232a64bce3a93021113092ecb33b" prot="private" static="no" mutable="no">
        <type>Button</type>
        <definition>Button com.francesco.rubrica.Interface.ModificaContattoController.modifyButton</definition>
        <argsstring></argsstring>
        <name>modifyButton</name>
        <qualifiedname>com.francesco.rubrica.Interface.ModificaContattoController.modifyButton</qualifiedname>
        <briefdescription>
<para>Pulsante per salvare le modifiche apportate al contatto. </para>
        </briefdescription>
        <detaileddescription>
        </detaileddescription>
        <inbodydescription>
        </inbodydescription>
        <location file="ModificaContattoController.java" line="109" column="20" bodyfile="ModificaContattoController.java" bodystart="109" bodyend="-1"/>
      </memberdef>
      <memberdef kind="variable" id="classcom_1_1francesco_1_1rubrica_1_1_interface_1_1_modifica_contatto_controller_1a7a3583a8c120d9417d7aad1b725b318b" prot="private" static="no" mutable="no">
        <type>Button</type>
        <definition>Button com.francesco.rubrica.Interface.ModificaContattoController.delButton</definition>
        <argsstring></argsstring>
        <name>delButton</name>
        <qualifiedname>com.francesco.rubrica.Interface.ModificaContattoController.delButton</qualifiedname>
        <briefdescription>
<para>Pulsante per annullare la modifica di un contatto. </para>
        </briefdescription>
        <detaileddescription>
        </detaileddescription>
        <inbodydescription>
        </inbodydescription>
        <location file="ModificaContattoController.java" line="115" column="20" bodyfile="ModificaContattoController.java" bodystart="115" bodyend="-1"/>
      </memberdef>
      <memberdef kind="variable" id="classcom_1_1francesco_1_1rubrica_1_1_interface_1_1_modifica_contatto_controller_1ad044ec400c366cd4795184e22e88e2bc" prot="private" static="no" mutable="no">
        <type><ref refid="classcom_1_1francesco_1_1rubrica_1_1_data_1_1_contatto" kindref="compound">Contatto</ref></type>
        <definition>Contatto com.francesco.rubrica.Interface.ModificaContattoController.contatto</definition>
        <argsstring></argsstring>
        <name>contatto</name>
        <qualifiedname>com.francesco.rubrica.Interface.ModificaContattoController.contatto</qualifiedname>
        <briefdescription>
<para>Rappresenta il contatto che viene modificato. Questa variabile memorizza l&apos;oggetto <computeroutput>Contatto</computeroutput> corrente che è stato selezionato dall&apos;utente per essere modificato. Viene utilizzata per popolare i campi di input con i dati esistenti del contatto, e per salvarne i nuovi dati una volta completata la modifica. </para>
        </briefdescription>
        <detaileddescription>
<para><simplesect kind="invariant"><para><computeroutput>contatto</computeroutput> non deve essere null quando viene utilizzato, altrimenti non sarà possibile salvare le modifiche. </para>
</simplesect>
</para>
        </detaileddescription>
        <inbodydescription>
        </inbodydescription>
        <location file="ModificaContattoController.java" line="126" column="22" bodyfile="ModificaContattoController.java" bodystart="126" bodyend="-1"/>
      </memberdef>
    </sectiondef>
    <sectiondef kind="public-func">
      <memberdef kind="function" id="classcom_1_1francesco_1_1rubrica_1_1_interface_1_1_modifica_contatto_controller_1ac2d3b4d58aaf7c8a576c5e5e41311040" prot="public" static="no" const="no" explicit="no" inline="yes" virt="non-virtual">
        <type>void</type>
        <definition>void com.francesco.rubrica.Interface.ModificaContattoController.initialize</definition>
        <argsstring>(URL url, ResourceBundle rb)</argsstring>
        <name>initialize</name>
        <qualifiedname>com.francesco.rubrica.Interface.ModificaContattoController.initialize</qualifiedname>
        <param>
          <type>URL</type>
          <declname>url</declname>
        </param>
        <param>
          <type>ResourceBundle</type>
          <declname>rb</declname>
        </param>
        <briefdescription>
<para>Inizializza il Controller. </para>
        </briefdescription>
        <detaileddescription>
<para><parameterlist kind="param"><parameteritem>
<parameternamelist>
<parametername>url</parametername>
</parameternamelist>
<parameterdescription>
<para>URL per l&apos;inizializzazione del Controller. </para>
</parameterdescription>
</parameteritem>
<parameteritem>
<parameternamelist>
<parametername>rb</parametername>
</parameternamelist>
<parameterdescription>
<para>ResourceBundle per la localizzazione. </para>
</parameterdescription>
</parameteritem>
</parameterlist>
<simplesect kind="invariant"><para>Dopo l&apos;inizializzazione, tutti i campi FXML devono essere non null. Questo metodo viene chiamato automaticamente per inizializzare i componenti FXML al caricamento della scena. </para>
</simplesect>
</para>
        </detaileddescription>
        <inbodydescription>
        </inbodydescription>
        <location file="ModificaContattoController.java" line="138" column="17" bodyfile="ModificaContattoController.java" bodystart="138" bodyend="140"/>
      </memberdef>
      <memberdef kind="function" id="classcom_1_1francesco_1_1rubrica_1_1_interface_1_1_modifica_contatto_controller_1a83047eb1c0137b3150c3e7ae5e31f9d7" prot="public" static="no" const="no" explicit="no" inline="yes" virt="non-virtual">
        <type>void</type>
        <definition>void com.francesco.rubrica.Interface.ModificaContattoController.setContatto</definition>
        <argsstring>(Contatto contatto)</argsstring>
        <name>setContatto</name>
        <qualifiedname>com.francesco.rubrica.Interface.ModificaContattoController.setContatto</qualifiedname>
        <param>
          <type><ref refid="classcom_1_1francesco_1_1rubrica_1_1_data_1_1_contatto" kindref="compound">Contatto</ref></type>
          <declname>contatto</declname>
        </param>
        <briefdescription>
<para>Imposta il contatto da modificare nei campi di input. </para>
        </briefdescription>
        <detaileddescription>
<para><parameterlist kind="param"><parameteritem>
<parameternamelist>
<parametername>contatto</parametername>
</parameternamelist>
<parameterdescription>
<para>Il contatto da modificare. </para>
</parameterdescription>
</parameteritem>
</parameterlist>
<simplesect kind="post"><para>I campi di input vengono popolati con i dati del contatto selezionato. </para>
</simplesect>
</para>
        </detaileddescription>
        <inbodydescription>
        </inbodydescription>
        <location file="ModificaContattoController.java" line="147" column="17" bodyfile="ModificaContattoController.java" bodystart="147" bodyend="160"/>
      </memberdef>
      <memberdef kind="function" id="classcom_1_1francesco_1_1rubrica_1_1_interface_1_1_modifica_contatto_controller_1a0e906f73ef46087c83a47dff8946bdd3" prot="public" static="no" const="no" explicit="no" inline="yes" virt="non-virtual">
        <type>void</type>
        <definition>void com.francesco.rubrica.Interface.ModificaContattoController.annulla</definition>
        <argsstring>(ActionEvent event)</argsstring>
        <name>annulla</name>
        <qualifiedname>com.francesco.rubrica.Interface.ModificaContattoController.annulla</qualifiedname>
        <param>
          <type>ActionEvent</type>
          <declname>event</declname>
        </param>
        <briefdescription>
<para>Annulla la modifica del contatto. </para>
        </briefdescription>
        <detaileddescription>
<para><parameterlist kind="param"><parameteritem>
<parameternamelist>
<parametername>event</parametername>
</parameternamelist>
<parameterdescription>
<para>L&apos;evento che ha scatenato l&apos;azione(Il tasto &quot;annulla&quot;). </para>
</parameterdescription>
</parameteritem>
</parameterlist>
<simplesect kind="pre"><para>L&apos;utente deve aver eseguito l&apos;operazione di modifica. </para>
</simplesect>
<simplesect kind="post"><para>L&apos;utente torna alla visualizzazione precedente senza salvare le modifiche apportate. Metodo che gestisce la logica per annullare le modifiche apportate ai dettagli di un contatto e torna alla visualizzazione precedente. </para>
</simplesect>
</para>
        </detaileddescription>
        <inbodydescription>
        </inbodydescription>
        <location file="ModificaContattoController.java" line="172" column="17" bodyfile="ModificaContattoController.java" bodystart="172" bodyend="186"/>
      </memberdef>
    </sectiondef>
    <sectiondef kind="private-func">
      <memberdef kind="function" id="classcom_1_1francesco_1_1rubrica_1_1_interface_1_1_modifica_contatto_controller_1a70023154ac6bacae25e972343c9be466" prot="private" static="no" const="no" explicit="no" inline="yes" virt="non-virtual">
        <type>void</type>
        <definition>void com.francesco.rubrica.Interface.ModificaContattoController.modificaContatto</definition>
        <argsstring>(ActionEvent event)</argsstring>
        <name>modificaContatto</name>
        <qualifiedname>com.francesco.rubrica.Interface.ModificaContattoController.modificaContatto</qualifiedname>
        <param>
          <type>ActionEvent</type>
          <declname>event</declname>
        </param>
        <briefdescription>
<para>Salva le modifiche apportate al contatto. </para>
        </briefdescription>
        <detaileddescription>
<para><parameterlist kind="param"><parameteritem>
<parameternamelist>
<parametername>event</parametername>
</parameternamelist>
<parameterdescription>
<para>L&apos;evento che ha scatenato l&apos;azione(Il tasto &quot;Salva Modifiche&quot;). </para>
</parameterdescription>
</parameteritem>
</parameterlist>
<simplesect kind="pre"><para>L&apos;utente seleziona un contatto nella rubrica, clicca il tasto modifica e visualizza le informazioni del contatto. </para>
</simplesect>
<simplesect kind="post"><para>Il contatto modificato è salvato nella rubrica e la lista grafica viene aggiornata. Metodo che gestisce la logica per salvare le modifiche apportate ai dettagli di un contatto esistente. </para>
</simplesect>
<simplesect kind="invariant"><para>Dopo l&apos;esecuzione, i campi grafici e la rubrica devono essere sincronizzati. </para>
</simplesect>
<simplesect kind="see"><para><ref refid="classcom_1_1francesco_1_1rubrica_1_1_data_1_1_rubrica_1accca283e46426e17742aae366770bf87" kindref="member">Rubrica.modificaContatto(Contatto vecchio,Contatto nuovocontatto)</ref> </para>
</simplesect>
</para>
        </detaileddescription>
        <inbodydescription>
        </inbodydescription>
        <location file="ModificaContattoController.java" line="199" column="18" bodyfile="ModificaContattoController.java" bodystart="199" bodyend="256"/>
      </memberdef>
    </sectiondef>
    <briefdescription>
<para>Classe FXML Controller per la gestione della modifica dei contatti. </para>
    </briefdescription>
    <detaileddescription>
<para><simplesect kind="invariant"><para>Tutti i campi annotati con <computeroutput>@FXML</computeroutput> devono essere inizializzati correttamente. </para>
</simplesect>
<simplesect kind="invariant"><para>Il contatto &quot;Contatto&quot; non deve essere non null e sincronizzato con lo stato della rubrica. Gestisce i campi di input e i pulsanti relativi alla modifica di un contatto nella rubrica. </para>
</simplesect>
</para>
    </detaileddescription>
    <inheritancegraph>
      <node id="1">
        <label>com.francesco.rubrica.Interface.ModificaContattoController</label>
        <link refid="classcom_1_1francesco_1_1rubrica_1_1_interface_1_1_modifica_contatto_controller"/>
        <childnode refid="2" relation="public-inheritance">
        </childnode>
      </node>
      <node id="2">
        <label>Initializable</label>
      </node>
    </inheritancegraph>
    <collaborationgraph>
      <node id="1">
        <label>com.francesco.rubrica.Interface.ModificaContattoController</label>
        <link refid="classcom_1_1francesco_1_1rubrica_1_1_interface_1_1_modifica_contatto_controller"/>
        <childnode refid="2" relation="public-inheritance">
        </childnode>
      </node>
      <node id="2">
        <label>Initializable</label>
      </node>
    </collaborationgraph>
    <location file="ModificaContattoController.java" line="37" column="7" bodyfile="ModificaContattoController.java" bodystart="37" bodyend="257"/>
    <listofallmembers>
      <member refid="classcom_1_1francesco_1_1rubrica_1_1_interface_1_1_modifica_contatto_controller_1a315ca1ce9e10782cb0ab211bfc01e408" prot="private" virt="non-virtual"><scope>com::francesco::rubrica::Interface::ModificaContattoController</scope><name>addressField</name></member>
      <member refid="classcom_1_1francesco_1_1rubrica_1_1_interface_1_1_modifica_contatto_controller_1a0e906f73ef46087c83a47dff8946bdd3" prot="public" virt="non-virtual"><scope>com::francesco::rubrica::Interface::ModificaContattoController</scope><name>annulla</name></member>
      <member refid="classcom_1_1francesco_1_1rubrica_1_1_interface_1_1_modifica_contatto_controller_1ac75d4b9a79751747af1cf99cb0971b2e" prot="private" virt="non-virtual"><scope>com::francesco::rubrica::Interface::ModificaContattoController</scope><name>birthdayField</name></member>
      <member refid="classcom_1_1francesco_1_1rubrica_1_1_interface_1_1_modifica_contatto_controller_1a0d6236c9d06a794de052bfe9f02d8540" prot="private" virt="non-virtual"><scope>com::francesco::rubrica::Interface::ModificaContattoController</scope><name>companyField</name></member>
      <member refid="classcom_1_1francesco_1_1rubrica_1_1_interface_1_1_modifica_contatto_controller_1ad044ec400c366cd4795184e22e88e2bc" prot="private" virt="non-virtual"><scope>com::francesco::rubrica::Interface::ModificaContattoController</scope><name>contatto</name></member>
      <member refid="classcom_1_1francesco_1_1rubrica_1_1_interface_1_1_modifica_contatto_controller_1a7a3583a8c120d9417d7aad1b725b318b" prot="private" virt="non-virtual"><scope>com::francesco::rubrica::Interface::ModificaContattoController</scope><name>delButton</name></member>
      <member refid="classcom_1_1francesco_1_1rubrica_1_1_interface_1_1_modifica_contatto_controller_1abca679fbd58a642168535259c810cbfb" prot="private" virt="non-virtual"><scope>com::francesco::rubrica::Interface::ModificaContattoController</scope><name>emailField1</name></member>
      <member refid="classcom_1_1francesco_1_1rubrica_1_1_interface_1_1_modifica_contatto_controller_1aeefc6f581814b08f68ccf0f5e32a0729" prot="private" virt="non-virtual"><scope>com::francesco::rubrica::Interface::ModificaContattoController</scope><name>emailField2</name></member>
      <member refid="classcom_1_1francesco_1_1rubrica_1_1_interface_1_1_modifica_contatto_controller_1ab321dd7becd654aea2614f24ae6ab091" prot="private" virt="non-virtual"><scope>com::francesco::rubrica::Interface::ModificaContattoController</scope><name>emailField3</name></member>
      <member refid="classcom_1_1francesco_1_1rubrica_1_1_interface_1_1_modifica_contatto_controller_1ac2d3b4d58aaf7c8a576c5e5e41311040" prot="public" virt="non-virtual"><scope>com::francesco::rubrica::Interface::ModificaContattoController</scope><name>initialize</name></member>
      <member refid="classcom_1_1francesco_1_1rubrica_1_1_interface_1_1_modifica_contatto_controller_1a70023154ac6bacae25e972343c9be466" prot="private" virt="non-virtual"><scope>com::francesco::rubrica::Interface::ModificaContattoController</scope><name>modificaContatto</name></member>
      <member refid="classcom_1_1francesco_1_1rubrica_1_1_interface_1_1_modifica_contatto_controller_1a9662232a64bce3a93021113092ecb33b" prot="private" virt="non-virtual"><scope>com::francesco::rubrica::Interface::ModificaContattoController</scope><name>modifyButton</name></member>
      <member refid="classcom_1_1francesco_1_1rubrica_1_1_interface_1_1_modifica_contatto_controller_1acf233eee56d041b5d7a4fbb39ff96c32" prot="private" virt="non-virtual"><scope>com::francesco::rubrica::Interface::ModificaContattoController</scope><name>nameField</name></member>
      <member refid="classcom_1_1francesco_1_1rubrica_1_1_interface_1_1_modifica_contatto_controller_1a9301a0198f10780da07cb59de8016981" prot="private" virt="non-virtual"><scope>com::francesco::rubrica::Interface::ModificaContattoController</scope><name>numberField1</name></member>
      <member refid="classcom_1_1francesco_1_1rubrica_1_1_interface_1_1_modifica_contatto_controller_1a6af5e8bd86c2a9b035eeadc38a487e35" prot="private" virt="non-virtual"><scope>com::francesco::rubrica::Interface::ModificaContattoController</scope><name>numberField2</name></member>
      <member refid="classcom_1_1francesco_1_1rubrica_1_1_interface_1_1_modifica_contatto_controller_1a5d6f7fed352c99c2ba254ad0f969b74a" prot="private" virt="non-virtual"><scope>com::francesco::rubrica::Interface::ModificaContattoController</scope><name>numberField3</name></member>
      <member refid="classcom_1_1francesco_1_1rubrica_1_1_interface_1_1_modifica_contatto_controller_1a83047eb1c0137b3150c3e7ae5e31f9d7" prot="public" virt="non-virtual"><scope>com::francesco::rubrica::Interface::ModificaContattoController</scope><name>setContatto</name></member>
      <member refid="classcom_1_1francesco_1_1rubrica_1_1_interface_1_1_modifica_contatto_controller_1ab1173e937b21296c75eb4d20fd62b29d" prot="private" virt="non-virtual"><scope>com::francesco::rubrica::Interface::ModificaContattoController</scope><name>surnameField</name></member>
    </listofallmembers>
  </compounddef>
</doxygen>
