<?xml version='1.0' encoding='UTF-8' standalone='no'?>
<doxygen xmlns:xsi="http://www.w3.org/2001/XMLSchema-instance" xsi:noNamespaceSchemaLocation="compound.xsd" version="1.12.0" xml:lang="it">
  <compounddef id="classcom_1_1francesco_1_1rubrica_1_1_interface_1_1_main_interface_controller_1_1table_click" kind="class" language="Java" prot="private">
    <compoundname>com::francesco::rubrica::Interface::MainInterfaceController::tableClick</compoundname>
    <basecompoundref prot="public" virt="non-virtual">javafx::event::EventHandler&lt; javafx.scene.input.MouseEvent &gt;</basecompoundref>
    <sectiondef kind="public-func">
      <memberdef kind="function" id="classcom_1_1francesco_1_1rubrica_1_1_interface_1_1_main_interface_controller_1_1table_click_1af3b2b282a1e55bcd02fd639edfa80ff0" prot="public" static="no" const="no" explicit="no" inline="yes" virt="non-virtual">
        <type>void</type>
        <definition>void com.francesco.rubrica.Interface.MainInterfaceController.tableClick.handle</definition>
        <argsstring>(javafx.scene.input.MouseEvent event)</argsstring>
        <name>handle</name>
        <qualifiedname>com.francesco.rubrica.Interface.MainInterfaceController.tableClick.handle</qualifiedname>
        <param>
          <type>javafx.scene.input.MouseEvent</type>
          <declname>event</declname>
        </param>
        <briefdescription>
        </briefdescription>
        <detaileddescription>
        </detaileddescription>
        <inbodydescription>
        </inbodydescription>
        <location file="MainInterfaceController.java" line="212" column="21" bodyfile="MainInterfaceController.java" bodystart="212" bodyend="236"/>
      </memberdef>
    </sectiondef>
    <briefdescription>
<para>Apre la finestra per visualizzare un contatto selezionato. </para>
    </briefdescription>
    <detaileddescription>
<para><simplesect kind="pre"><para>L&apos;utente ha selezionato un contatto nella rubrica. </para>
</simplesect>
<simplesect kind="post"><para>Si apre l&apos;interfaccia &quot;VisualizzaSingoloContatto.Interface.fxml&quot; </para>
</simplesect>
<simplesect kind="see"><para><ref refid="classcom_1_1francesco_1_1rubrica_1_1_interface_1_1_visualizza_singolo_contatto_controller" kindref="compound">VisualizzaSingoloContattoController</ref> </para>
</simplesect>
</para>
    </detaileddescription>
    <inheritancegraph>
      <node id="1">
        <label>com.francesco.rubrica.Interface.MainInterfaceController.tableClick</label>
        <childnode refid="2" relation="public-inheritance">
        </childnode>
      </node>
      <node id="2">
        <label>javafx::event::EventHandler&lt; javafx.scene.input.MouseEvent &gt;</label>
      </node>
    </inheritancegraph>
    <collaborationgraph>
      <node id="1">
        <label>com.francesco.rubrica.Interface.MainInterfaceController.tableClick</label>
        <childnode refid="2" relation="public-inheritance">
        </childnode>
      </node>
      <node id="2">
        <label>javafx::event::EventHandler&lt; javafx.scene.input.MouseEvent &gt;</label>
      </node>
    </collaborationgraph>
    <location file="MainInterfaceController.java" line="210" column="12" bodyfile="MainInterfaceController.java" bodystart="210" bodyend="237"/>
    <listofallmembers>
      <member refid="classcom_1_1francesco_1_1rubrica_1_1_interface_1_1_main_interface_controller_1_1table_click_1af3b2b282a1e55bcd02fd639edfa80ff0" prot="public" virt="non-virtual"><scope>com::francesco::rubrica::Interface::MainInterfaceController::tableClick</scope><name>handle</name></member>
    </listofallmembers>
  </compounddef>
</doxygen>
