<?xml version='1.0' encoding='UTF-8' standalone='no'?>
<doxygen xmlns:xsi="http://www.w3.org/2001/XMLSchema-instance" xsi:noNamespaceSchemaLocation="compound.xsd" version="1.12.0" xml:lang="it">
  <compounddef id="classcom_1_1francesco_1_1rubrica_1_1_interface_1_1_main_interface_controller" kind="class" language="Java" prot="public">
    <compoundname>com::francesco::rubrica::Interface::MainInterfaceController</compoundname>
    <basecompoundref prot="public" virt="non-virtual">Initializable</basecompoundref>
    <innerclass refid="classcom_1_1francesco_1_1rubrica_1_1_interface_1_1_main_interface_controller_1_1table_click" prot="private">com::francesco::rubrica::Interface::MainInterfaceController::tableClick</innerclass>
    <sectiondef kind="private-attrib">
      <memberdef kind="variable" id="classcom_1_1francesco_1_1rubrica_1_1_interface_1_1_main_interface_controller_1a2b09e982a4ea0c88283da4827f45cd8b" prot="private" static="no" mutable="no">
        <type>TextField</type>
        <definition>TextField com.francesco.rubrica.Interface.MainInterfaceController.researchField</definition>
        <argsstring></argsstring>
        <name>researchField</name>
        <qualifiedname>com.francesco.rubrica.Interface.MainInterfaceController.researchField</qualifiedname>
        <briefdescription>
<para>Campo di testo per la ricerca di contatti. </para>
        </briefdescription>
        <detaileddescription>
        </detaileddescription>
        <inbodydescription>
        </inbodydescription>
        <location file="MainInterfaceController.java" line="44" column="23" bodyfile="MainInterfaceController.java" bodystart="44" bodyend="-1"/>
      </memberdef>
      <memberdef kind="variable" id="classcom_1_1francesco_1_1rubrica_1_1_interface_1_1_main_interface_controller_1aa548b310d66715f2b997afebac60ce24" prot="private" static="no" mutable="no">
        <type>Button</type>
        <definition>Button com.francesco.rubrica.Interface.MainInterfaceController.addContact</definition>
        <argsstring></argsstring>
        <name>addContact</name>
        <qualifiedname>com.francesco.rubrica.Interface.MainInterfaceController.addContact</qualifiedname>
        <briefdescription>
<para>Pulsante per aggiungere un nuovo contatto. </para>
        </briefdescription>
        <detaileddescription>
        </detaileddescription>
        <inbodydescription>
        </inbodydescription>
        <location file="MainInterfaceController.java" line="50" column="20" bodyfile="MainInterfaceController.java" bodystart="50" bodyend="-1"/>
      </memberdef>
      <memberdef kind="variable" id="classcom_1_1francesco_1_1rubrica_1_1_interface_1_1_main_interface_controller_1a1117e4a573a47891a406c03317587846" prot="private" static="no" mutable="no">
        <type>Button</type>
        <definition>Button com.francesco.rubrica.Interface.MainInterfaceController.exportContact</definition>
        <argsstring></argsstring>
        <name>exportContact</name>
        <qualifiedname>com.francesco.rubrica.Interface.MainInterfaceController.exportContact</qualifiedname>
        <briefdescription>
<para>Pulsante per esportare i contatti. </para>
        </briefdescription>
        <detaileddescription>
        </detaileddescription>
        <inbodydescription>
        </inbodydescription>
        <location file="MainInterfaceController.java" line="56" column="20" bodyfile="MainInterfaceController.java" bodystart="56" bodyend="-1"/>
      </memberdef>
      <memberdef kind="variable" id="classcom_1_1francesco_1_1rubrica_1_1_interface_1_1_main_interface_controller_1a704ebaabec81d39adb4dd2485a7a8d3a" prot="private" static="no" mutable="no">
        <type>Button</type>
        <definition>Button com.francesco.rubrica.Interface.MainInterfaceController.importContact</definition>
        <argsstring></argsstring>
        <name>importContact</name>
        <qualifiedname>com.francesco.rubrica.Interface.MainInterfaceController.importContact</qualifiedname>
        <briefdescription>
<para>Pulsante per importare i contatti. </para>
        </briefdescription>
        <detaileddescription>
        </detaileddescription>
        <inbodydescription>
        </inbodydescription>
        <location file="MainInterfaceController.java" line="62" column="20" bodyfile="MainInterfaceController.java" bodystart="62" bodyend="-1"/>
      </memberdef>
      <memberdef kind="variable" id="classcom_1_1francesco_1_1rubrica_1_1_interface_1_1_main_interface_controller_1a164d38c4a58e45054585a26091c3ef90" prot="private" static="no" mutable="no">
        <type>TableView&lt; <ref refid="classcom_1_1francesco_1_1rubrica_1_1_data_1_1_contatto" kindref="compound">Contatto</ref> &gt;</type>
        <definition>TableView&lt;Contatto&gt; com.francesco.rubrica.Interface.MainInterfaceController.rubrica</definition>
        <argsstring></argsstring>
        <name>rubrica</name>
        <qualifiedname>com.francesco.rubrica.Interface.MainInterfaceController.rubrica</qualifiedname>
        <briefdescription>
<para>Tabella per visualizzare i contatti nella rubrica. </para>
        </briefdescription>
        <detaileddescription>
        </detaileddescription>
        <inbodydescription>
        </inbodydescription>
        <location file="MainInterfaceController.java" line="68" column="23" bodyfile="MainInterfaceController.java" bodystart="68" bodyend="-1"/>
      </memberdef>
      <memberdef kind="variable" id="classcom_1_1francesco_1_1rubrica_1_1_interface_1_1_main_interface_controller_1a1a1234f426c6f45dd0d406a2c2e9a746" prot="private" static="no" mutable="no">
        <type>TableColumn&lt; <ref refid="classcom_1_1francesco_1_1rubrica_1_1_data_1_1_contatto" kindref="compound">Contatto</ref>, String &gt;</type>
        <definition>TableColumn&lt;Contatto, String&gt; com.francesco.rubrica.Interface.MainInterfaceController.nameClm</definition>
        <argsstring></argsstring>
        <name>nameClm</name>
        <qualifiedname>com.francesco.rubrica.Interface.MainInterfaceController.nameClm</qualifiedname>
        <briefdescription>
<para>Colonna della tabella per i nomi dei contatti. </para>
        </briefdescription>
        <detaileddescription>
        </detaileddescription>
        <inbodydescription>
        </inbodydescription>
        <location file="MainInterfaceController.java" line="74" column="25" bodyfile="MainInterfaceController.java" bodystart="74" bodyend="-1"/>
      </memberdef>
      <memberdef kind="variable" id="classcom_1_1francesco_1_1rubrica_1_1_interface_1_1_main_interface_controller_1a758547d0130ed337d75b70da8762b2b4" prot="private" static="no" mutable="no">
        <type>TableColumn&lt; <ref refid="classcom_1_1francesco_1_1rubrica_1_1_data_1_1_contatto" kindref="compound">Contatto</ref>, String &gt;</type>
        <definition>TableColumn&lt;Contatto, String&gt; com.francesco.rubrica.Interface.MainInterfaceController.surnameClm</definition>
        <argsstring></argsstring>
        <name>surnameClm</name>
        <qualifiedname>com.francesco.rubrica.Interface.MainInterfaceController.surnameClm</qualifiedname>
        <briefdescription>
<para>Colonna della tabella per i cognomi dei contatti. </para>
        </briefdescription>
        <detaileddescription>
        </detaileddescription>
        <inbodydescription>
        </inbodydescription>
        <location file="MainInterfaceController.java" line="80" column="25" bodyfile="MainInterfaceController.java" bodystart="80" bodyend="-1"/>
      </memberdef>
      <memberdef kind="variable" id="classcom_1_1francesco_1_1rubrica_1_1_interface_1_1_main_interface_controller_1af4f415c72036636d34347a82beca64e3" prot="private" static="no" mutable="no">
        <type><ref refid="classcom_1_1francesco_1_1rubrica_1_1_data_1_1_rubrica" kindref="compound">Rubrica</ref></type>
        <definition>Rubrica com.francesco.rubrica.Interface.MainInterfaceController.contatti</definition>
        <argsstring></argsstring>
        <name>contatti</name>
        <qualifiedname>com.francesco.rubrica.Interface.MainInterfaceController.contatti</qualifiedname>
        <briefdescription>
<para>Istanza della rubrica che contiene i contatti. </para>
        </briefdescription>
        <detaileddescription>
<para><simplesect kind="invariant"><para>Non deve mai essere null. </para>
</simplesect>
</para>
        </detaileddescription>
        <inbodydescription>
        </inbodydescription>
        <location file="MainInterfaceController.java" line="86" column="21" bodyfile="MainInterfaceController.java" bodystart="86" bodyend="-1"/>
      </memberdef>
    </sectiondef>
    <sectiondef kind="public-func">
      <memberdef kind="function" id="classcom_1_1francesco_1_1rubrica_1_1_interface_1_1_main_interface_controller_1af540eca542ebd64aa31817db9906ee0c" prot="public" static="no" const="no" explicit="no" inline="yes" virt="non-virtual">
        <type>void</type>
        <definition>void com.francesco.rubrica.Interface.MainInterfaceController.initialize</definition>
        <argsstring>(URL url, ResourceBundle rb)</argsstring>
        <name>initialize</name>
        <qualifiedname>com.francesco.rubrica.Interface.MainInterfaceController.initialize</qualifiedname>
        <param>
          <type>URL</type>
          <declname>url</declname>
        </param>
        <param>
          <type>ResourceBundle</type>
          <declname>rb</declname>
        </param>
        <briefdescription>
<para>Inizializza il Controller dell&apos;interfaccia. </para>
        </briefdescription>
        <detaileddescription>
<para><parameterlist kind="param"><parameteritem>
<parameternamelist>
<parametername>url</parametername>
</parameternamelist>
<parameterdescription>
<para>URL per l&apos;inizializzazione del Controller. </para>
</parameterdescription>
</parameteritem>
<parameteritem>
<parameternamelist>
<parametername>rb</parametername>
</parameternamelist>
<parameterdescription>
<para>ResourceBundle per la localizzazione. </para>
</parameterdescription>
</parameteritem>
</parameterlist>
<simplesect kind="invariant"><para>Dopo l&apos;inizializzazione, tutti i campi FXML devono essere non null. Questo metodo viene chiamato automaticamente per inizializzare i componenti FXML al caricamento della scena. </para>
</simplesect>
</para>
        </detaileddescription>
        <inbodydescription>
        </inbodydescription>
        <location file="MainInterfaceController.java" line="99" column="17" bodyfile="MainInterfaceController.java" bodystart="99" bodyend="106"/>
      </memberdef>
      <memberdef kind="function" id="classcom_1_1francesco_1_1rubrica_1_1_interface_1_1_main_interface_controller_1aaf1df3e1afeab6ddf31523eaeb38bb52" prot="public" static="no" const="no" explicit="no" inline="yes" virt="non-virtual">
        <type>void</type>
        <definition>void com.francesco.rubrica.Interface.MainInterfaceController.setRubrica</definition>
        <argsstring>(Rubrica contatti)</argsstring>
        <name>setRubrica</name>
        <qualifiedname>com.francesco.rubrica.Interface.MainInterfaceController.setRubrica</qualifiedname>
        <param>
          <type><ref refid="classcom_1_1francesco_1_1rubrica_1_1_data_1_1_rubrica" kindref="compound">Rubrica</ref></type>
          <declname>contatti</declname>
        </param>
        <briefdescription>
<para>Imposta la rubrica per il controller. </para>
        </briefdescription>
        <detaileddescription>
<para><parameterlist kind="param"><parameteritem>
<parameternamelist>
<parametername>contatti</parametername>
</parameternamelist>
<parameterdescription>
<para>Rubrica contenente i contatti. </para>
</parameterdescription>
</parameteritem>
</parameterlist>
<simplesect kind="invariant"><para>Non deve mai essere null. </para>
</simplesect>
</para>
        </detaileddescription>
        <inbodydescription>
        </inbodydescription>
        <location file="MainInterfaceController.java" line="114" column="17" bodyfile="MainInterfaceController.java" bodystart="114" bodyend="116"/>
      </memberdef>
      <memberdef kind="function" id="classcom_1_1francesco_1_1rubrica_1_1_interface_1_1_main_interface_controller_1a4cda96ec0787d1c190daa44c58c97e5b" prot="public" static="no" const="no" explicit="no" inline="yes" virt="non-virtual">
        <type>void</type>
        <definition>void com.francesco.rubrica.Interface.MainInterfaceController.esportaContatto</definition>
        <argsstring>(ActionEvent event)</argsstring>
        <name>esportaContatto</name>
        <qualifiedname>com.francesco.rubrica.Interface.MainInterfaceController.esportaContatto</qualifiedname>
        <param>
          <type>ActionEvent</type>
          <declname>event</declname>
        </param>
        <briefdescription>
<para>Esporta i contatti della rubrica. </para>
        </briefdescription>
        <detaileddescription>
<para><parameterlist kind="param"><parameteritem>
<parameternamelist>
<parametername>event</parametername>
</parameternamelist>
<parameterdescription>
<para>L&apos;evento che ha scatenato l&apos;azione(Il tasto &quot;Esporta Contatto&quot;). </para>
</parameterdescription>
</parameteritem>
</parameterlist>
<simplesect kind="pre"><para>La rubrica può essere sia vuota che occupata. </para>
</simplesect>
<simplesect kind="post"><para>Viene generato un file esterno con i contatti esportati. </para>
</simplesect>
<simplesect kind="see"><para><ref refid="classcom_1_1francesco_1_1rubrica_1_1_data_1_1_rubrica_1a11ed4da93ae8a97714c9951f4fbc7a15" kindref="member">Rubrica.esportaContatto(String filename)</ref> </para>
</simplesect>
</para>
        </detaileddescription>
        <inbodydescription>
        </inbodydescription>
        <location file="MainInterfaceController.java" line="144" column="17" bodyfile="MainInterfaceController.java" bodystart="144" bodyend="158"/>
      </memberdef>
      <memberdef kind="function" id="classcom_1_1francesco_1_1rubrica_1_1_interface_1_1_main_interface_controller_1af7610dc098f0c406fb189d4f5fb1e34d" prot="public" static="no" const="no" explicit="no" inline="yes" virt="non-virtual">
        <type>void</type>
        <definition>void com.francesco.rubrica.Interface.MainInterfaceController.importaContatto</definition>
        <argsstring>(ActionEvent event)</argsstring>
        <name>importaContatto</name>
        <qualifiedname>com.francesco.rubrica.Interface.MainInterfaceController.importaContatto</qualifiedname>
        <param>
          <type>ActionEvent</type>
          <declname>event</declname>
        </param>
        <briefdescription>
<para>Importa i contatti da un file esterno. </para>
        </briefdescription>
        <detaileddescription>
<para><parameterlist kind="param"><parameteritem>
<parameternamelist>
<parametername>event</parametername>
</parameternamelist>
<parameterdescription>
<para>L&apos;evento che ha scatenato l&apos;azione.(Il tasto &quot;Importa Contatto&quot;) </para>
</parameterdescription>
</parameteritem>
</parameterlist>
<simplesect kind="pre"><para>L&apos;utente ha un fle, supportato dall&apos;app, contenente i contatti. </para>
</simplesect>
<simplesect kind="post"><para>I contatti vengono importati correttamente e la rubrica viene aggiornata. </para>
</simplesect>
<simplesect kind="see"><para><ref refid="classcom_1_1francesco_1_1rubrica_1_1_data_1_1_rubrica_1a9a3103df25d1a933457ae172257c500d" kindref="member">Rubrica.importaContatto(String filename)</ref> </para>
</simplesect>
</para>
        </detaileddescription>
        <inbodydescription>
        </inbodydescription>
        <location file="MainInterfaceController.java" line="168" column="17" bodyfile="MainInterfaceController.java" bodystart="168" bodyend="183"/>
      </memberdef>
      <memberdef kind="function" id="classcom_1_1francesco_1_1rubrica_1_1_interface_1_1_main_interface_controller_1a1ad5eb6cb85b3004947d85f8ea6a18d5" prot="public" static="no" const="no" explicit="no" inline="yes" virt="non-virtual">
        <type>void</type>
        <definition>void com.francesco.rubrica.Interface.MainInterfaceController.displayAggiungiContatto</definition>
        <argsstring>(ActionEvent event)</argsstring>
        <name>displayAggiungiContatto</name>
        <qualifiedname>com.francesco.rubrica.Interface.MainInterfaceController.displayAggiungiContatto</qualifiedname>
        <param>
          <type>ActionEvent</type>
          <declname>event</declname>
        </param>
        <exceptions> throws IOException </exceptions>
        <briefdescription>
<para>Apre la finestra per aggiungere un nuovo contatto. </para>
        </briefdescription>
        <detaileddescription>
<para><parameterlist kind="param"><parameteritem>
<parameternamelist>
<parametername>event</parametername>
</parameternamelist>
<parameterdescription>
<para>L&apos;evento che ha scatenato l&apos;azione(Il tasto &quot;+&quot;). </para>
</parameterdescription>
</parameteritem>
</parameterlist>
<simplesect kind="pre"><para>L&apos;utente ha selezionato &quot;+&quot; per aggiungere il contatto. </para>
</simplesect>
<simplesect kind="post"><para>Si apre l&apos;interfaccia per l&apos;aggiunta di un contatto. </para>
</simplesect>
<simplesect kind="see"><para><ref refid="classcom_1_1francesco_1_1rubrica_1_1_interface_1_1_aggiunta_contatto_controller" kindref="compound">AggiuntaContattoController</ref> </para>
</simplesect>
</para>
        </detaileddescription>
        <inbodydescription>
        </inbodydescription>
        <location file="MainInterfaceController.java" line="192" column="17" bodyfile="MainInterfaceController.java" bodystart="192" bodyend="202"/>
      </memberdef>
    </sectiondef>
    <sectiondef kind="private-func">
      <memberdef kind="function" id="classcom_1_1francesco_1_1rubrica_1_1_interface_1_1_main_interface_controller_1a58ff067dc850d1d8d722d508f3c253a7" prot="private" static="no" const="no" explicit="no" inline="yes" virt="non-virtual">
        <type>void</type>
        <definition>void com.francesco.rubrica.Interface.MainInterfaceController.aggiornaTabella</definition>
        <argsstring>()</argsstring>
        <name>aggiornaTabella</name>
        <qualifiedname>com.francesco.rubrica.Interface.MainInterfaceController.aggiornaTabella</qualifiedname>
        <briefdescription>
<para>Aggiorna la tabella dei contatti. </para>
        </briefdescription>
        <detaileddescription>
<para><simplesect kind="post"><para>La tabella viene aggiornata con la lista corrente dei contatti. </para>
</simplesect>
</para>
        </detaileddescription>
        <inbodydescription>
        </inbodydescription>
        <location file="MainInterfaceController.java" line="122" column="18" bodyfile="MainInterfaceController.java" bodystart="122" bodyend="126"/>
      </memberdef>
      <memberdef kind="function" id="classcom_1_1francesco_1_1rubrica_1_1_interface_1_1_main_interface_controller_1a0147a2df7cf33ae591da622b7d5e2992" prot="private" static="no" const="no" explicit="no" inline="yes" virt="non-virtual">
        <type>void</type>
        <definition>void com.francesco.rubrica.Interface.MainInterfaceController.setupTableDoubleClickListener</definition>
        <argsstring>()</argsstring>
        <name>setupTableDoubleClickListener</name>
        <qualifiedname>com.francesco.rubrica.Interface.MainInterfaceController.setupTableDoubleClickListener</qualifiedname>
        <briefdescription>
<para>Imposta un listener per il doppio clic nella tabella. </para>
        </briefdescription>
        <detaileddescription>
<para><simplesect kind="post"><para>Si abilita la selezione di un contatto per visualizzarne i dettagli. </para>
</simplesect>
</para>
        </detaileddescription>
        <inbodydescription>
        </inbodydescription>
        <location file="MainInterfaceController.java" line="132" column="18" bodyfile="MainInterfaceController.java" bodystart="132" bodyend="134"/>
      </memberdef>
    </sectiondef>
    <briefdescription>
<para>Controller per l&apos;interfaccia principale della rubrica. </para>
    </briefdescription>
    <detaileddescription>
<para><simplesect kind="invariant"><para>La rubrica &quot;contatti&quot; non deve mai essere null. </para>
</simplesect>
<simplesect kind="invariant"><para>Tutti i campi annotati con @FXML devono essere inizializzati correttamente. </para>
</simplesect>
<simplesect kind="invariant"><para>La TableView&lt;Contatto&gt; rubrica deve sempre riflettere lo stato corrente della rubrica. Questa classe fornisce i metodi per interagire con la rubrica tramite l&apos;interfaccia grafica (JavaFX). </para>
</simplesect>
</para>
    </detaileddescription>
    <inheritancegraph>
      <node id="1">
        <label>com.francesco.rubrica.Interface.MainInterfaceController</label>
        <link refid="classcom_1_1francesco_1_1rubrica_1_1_interface_1_1_main_interface_controller"/>
        <childnode refid="2" relation="public-inheritance">
        </childnode>
      </node>
      <node id="2">
        <label>Initializable</label>
      </node>
    </inheritancegraph>
    <collaborationgraph>
      <node id="1">
        <label>com.francesco.rubrica.Interface.MainInterfaceController</label>
        <link refid="classcom_1_1francesco_1_1rubrica_1_1_interface_1_1_main_interface_controller"/>
        <childnode refid="2" relation="public-inheritance">
        </childnode>
      </node>
      <node id="2">
        <label>Initializable</label>
      </node>
    </collaborationgraph>
    <location file="MainInterfaceController.java" line="39" column="7" bodyfile="MainInterfaceController.java" bodystart="39" bodyend="238"/>
    <listofallmembers>
      <member refid="classcom_1_1francesco_1_1rubrica_1_1_interface_1_1_main_interface_controller_1aa548b310d66715f2b997afebac60ce24" prot="private" virt="non-virtual"><scope>com::francesco::rubrica::Interface::MainInterfaceController</scope><name>addContact</name></member>
      <member refid="classcom_1_1francesco_1_1rubrica_1_1_interface_1_1_main_interface_controller_1a58ff067dc850d1d8d722d508f3c253a7" prot="private" virt="non-virtual"><scope>com::francesco::rubrica::Interface::MainInterfaceController</scope><name>aggiornaTabella</name></member>
      <member refid="classcom_1_1francesco_1_1rubrica_1_1_interface_1_1_main_interface_controller_1af4f415c72036636d34347a82beca64e3" prot="private" virt="non-virtual"><scope>com::francesco::rubrica::Interface::MainInterfaceController</scope><name>contatti</name></member>
      <member refid="classcom_1_1francesco_1_1rubrica_1_1_interface_1_1_main_interface_controller_1a1ad5eb6cb85b3004947d85f8ea6a18d5" prot="public" virt="non-virtual"><scope>com::francesco::rubrica::Interface::MainInterfaceController</scope><name>displayAggiungiContatto</name></member>
      <member refid="classcom_1_1francesco_1_1rubrica_1_1_interface_1_1_main_interface_controller_1a4cda96ec0787d1c190daa44c58c97e5b" prot="public" virt="non-virtual"><scope>com::francesco::rubrica::Interface::MainInterfaceController</scope><name>esportaContatto</name></member>
      <member refid="classcom_1_1francesco_1_1rubrica_1_1_interface_1_1_main_interface_controller_1a1117e4a573a47891a406c03317587846" prot="private" virt="non-virtual"><scope>com::francesco::rubrica::Interface::MainInterfaceController</scope><name>exportContact</name></member>
      <member refid="classcom_1_1francesco_1_1rubrica_1_1_interface_1_1_main_interface_controller_1af7610dc098f0c406fb189d4f5fb1e34d" prot="public" virt="non-virtual"><scope>com::francesco::rubrica::Interface::MainInterfaceController</scope><name>importaContatto</name></member>
      <member refid="classcom_1_1francesco_1_1rubrica_1_1_interface_1_1_main_interface_controller_1a704ebaabec81d39adb4dd2485a7a8d3a" prot="private" virt="non-virtual"><scope>com::francesco::rubrica::Interface::MainInterfaceController</scope><name>importContact</name></member>
      <member refid="classcom_1_1francesco_1_1rubrica_1_1_interface_1_1_main_interface_controller_1af540eca542ebd64aa31817db9906ee0c" prot="public" virt="non-virtual"><scope>com::francesco::rubrica::Interface::MainInterfaceController</scope><name>initialize</name></member>
      <member refid="classcom_1_1francesco_1_1rubrica_1_1_interface_1_1_main_interface_controller_1a1a1234f426c6f45dd0d406a2c2e9a746" prot="private" virt="non-virtual"><scope>com::francesco::rubrica::Interface::MainInterfaceController</scope><name>nameClm</name></member>
      <member refid="classcom_1_1francesco_1_1rubrica_1_1_interface_1_1_main_interface_controller_1a2b09e982a4ea0c88283da4827f45cd8b" prot="private" virt="non-virtual"><scope>com::francesco::rubrica::Interface::MainInterfaceController</scope><name>researchField</name></member>
      <member refid="classcom_1_1francesco_1_1rubrica_1_1_interface_1_1_main_interface_controller_1a164d38c4a58e45054585a26091c3ef90" prot="private" virt="non-virtual"><scope>com::francesco::rubrica::Interface::MainInterfaceController</scope><name>rubrica</name></member>
      <member refid="classcom_1_1francesco_1_1rubrica_1_1_interface_1_1_main_interface_controller_1aaf1df3e1afeab6ddf31523eaeb38bb52" prot="public" virt="non-virtual"><scope>com::francesco::rubrica::Interface::MainInterfaceController</scope><name>setRubrica</name></member>
      <member refid="classcom_1_1francesco_1_1rubrica_1_1_interface_1_1_main_interface_controller_1a0147a2df7cf33ae591da622b7d5e2992" prot="private" virt="non-virtual"><scope>com::francesco::rubrica::Interface::MainInterfaceController</scope><name>setupTableDoubleClickListener</name></member>
      <member refid="classcom_1_1francesco_1_1rubrica_1_1_interface_1_1_main_interface_controller_1a758547d0130ed337d75b70da8762b2b4" prot="private" virt="non-virtual"><scope>com::francesco::rubrica::Interface::MainInterfaceController</scope><name>surnameClm</name></member>
    </listofallmembers>
  </compounddef>
</doxygen>
