<?xml version='1.0' encoding='UTF-8' standalone='no'?>
<doxygen xmlns:xsi="http://www.w3.org/2001/XMLSchema-instance" xsi:noNamespaceSchemaLocation="compound.xsd" version="1.12.0" xml:lang="it">
  <compounddef id="classcom_1_1francesco_1_1rubrica_1_1_main_1_1_app" kind="class" language="Java" prot="public">
    <compoundname>com::francesco::rubrica::Main::App</compoundname>
    <basecompoundref prot="public" virt="non-virtual">Application</basecompoundref>
    <sectiondef kind="private-static-attrib">
      <memberdef kind="variable" id="classcom_1_1francesco_1_1rubrica_1_1_main_1_1_app_1ab4b7d93192331efe8d1b0242b8ede1fd" prot="private" static="yes" mutable="no">
        <type>Scene</type>
        <definition>Scene com.francesco.rubrica.Main.App.scene</definition>
        <argsstring></argsstring>
        <name>scene</name>
        <qualifiedname>com.francesco.rubrica.Main.App.scene</qualifiedname>
        <briefdescription>
<para>La scena principale dell&apos;applicazione. </para>
        </briefdescription>
        <detaileddescription>
<para>Variabile statica che rappresenta la scena attualmente visualizzata nell&apos;applicazione. </para>
        </detaileddescription>
        <inbodydescription>
        </inbodydescription>
        <location file="Main/App.java" line="27" column="26" bodyfile="Main/App.java" bodystart="27" bodyend="-1"/>
      </memberdef>
      <memberdef kind="variable" id="classcom_1_1francesco_1_1rubrica_1_1_main_1_1_app_1a7226f142de6ddd9149b1ddb7f24ae4e0" prot="private" static="yes" mutable="no">
        <type><ref refid="classcom_1_1francesco_1_1rubrica_1_1_data_1_1_rubrica" kindref="compound">Rubrica</ref></type>
        <definition>Rubrica com.francesco.rubrica.Main.App.rubricaCondivisa</definition>
        <argsstring></argsstring>
        <name>rubricaCondivisa</name>
        <qualifiedname>com.francesco.rubrica.Main.App.rubricaCondivisa</qualifiedname>
        <briefdescription>
<para>L&apos;istanza condivisa della rubrica. </para>
        </briefdescription>
        <detaileddescription>
<para>Variabile statica che contiene l&apos;istanza della rubrica, accessibile da tutte le schermate dell&apos;applicazione. </para>
        </detaileddescription>
        <inbodydescription>
        </inbodydescription>
        <location file="Main/App.java" line="33" column="28" bodyfile="Main/App.java" bodystart="33" bodyend="-1"/>
      </memberdef>
    </sectiondef>
    <sectiondef kind="public-func">
      <memberdef kind="function" id="classcom_1_1francesco_1_1rubrica_1_1_main_1_1_app_1ae0d93e36de3e553d96846f5cb0b376d2" prot="public" static="no" const="no" explicit="no" inline="yes" virt="non-virtual">
        <type>void</type>
        <definition>void com.francesco.rubrica.Main.App.start</definition>
        <argsstring>(Stage stage)</argsstring>
        <name>start</name>
        <qualifiedname>com.francesco.rubrica.Main.App.start</qualifiedname>
        <param>
          <type>Stage</type>
          <declname>stage</declname>
        </param>
        <exceptions> throws IOException </exceptions>
        <briefdescription>
<para>Metodo di avvio dell&apos;applicazione JavaFX. </para>
        </briefdescription>
        <detaileddescription>
<para><parameterlist kind="param"><parameteritem>
<parameternamelist>
<parametername>stage</parametername>
</parameternamelist>
<parameterdescription>
<para>Il <computeroutput><ref refid="" kindref="compound">Stage</ref></computeroutput> principale dell&apos;applicazione. </para>
</parameterdescription>
</parameteritem>
</parameterlist>
<parameterlist kind="exception"><parameteritem>
<parameternamelist>
<parametername>IOException</parametername>
</parameternamelist>
<parameterdescription>
<para>Se c&apos;è un errore durante il caricamento dell&apos;FXML. </para>
</parameterdescription>
</parameteritem>
</parameterlist>
Questo metodo viene chiamato all&apos;avvio dell&apos;applicazione per caricare la schermata iniziale, inizializzare l&apos;istanza della rubrica e configurare la scena. </para>
        </detaileddescription>
        <inbodydescription>
        </inbodydescription>
        <location file="Main/App.java" line="44" column="17" bodyfile="Main/App.java" bodystart="44" bodyend="53"/>
      </memberdef>
    </sectiondef>
    <sectiondef kind="public-static-func">
      <memberdef kind="function" id="classcom_1_1francesco_1_1rubrica_1_1_main_1_1_app_1a9691e44f528ca14d15904ba494983119" prot="public" static="yes" const="no" explicit="no" inline="yes" virt="non-virtual">
        <type><ref refid="classcom_1_1francesco_1_1rubrica_1_1_data_1_1_rubrica" kindref="compound">Rubrica</ref></type>
        <definition>static Rubrica com.francesco.rubrica.Main.App.getRubricaCondivisa</definition>
        <argsstring>()</argsstring>
        <name>getRubricaCondivisa</name>
        <qualifiedname>com.francesco.rubrica.Main.App.getRubricaCondivisa</qualifiedname>
        <briefdescription>
<para>Ottiene l&apos;istanza della rubrica condivisa. </para>
        </briefdescription>
        <detaileddescription>
<para><simplesect kind="return"><para>L&apos;istanza della rubrica. Metodo che restituisce l&apos;istanza condivisa della rubrica per permettere l&apos;accesso ai dati dei contatti in tutta l&apos;applicazione. </para>
</simplesect>
</para>
        </detaileddescription>
        <inbodydescription>
        </inbodydescription>
        <location file="Main/App.java" line="61" column="27" bodyfile="Main/App.java" bodystart="61" bodyend="63"/>
      </memberdef>
      <memberdef kind="function" id="classcom_1_1francesco_1_1rubrica_1_1_main_1_1_app_1ad4c5bd9c9275dd0f69cb53ea62b41bfc" prot="public" static="yes" const="no" explicit="no" inline="yes" virt="non-virtual">
        <type>void</type>
        <definition>static void com.francesco.rubrica.Main.App.main</definition>
        <argsstring>(String[] args)</argsstring>
        <name>main</name>
        <qualifiedname>com.francesco.rubrica.Main.App.main</qualifiedname>
        <param>
          <type>String[]</type>
          <declname>args</declname>
        </param>
        <briefdescription>
<para>Metodo principale che avvia l&apos;applicazione. </para>
        </briefdescription>
        <detaileddescription>
<para><parameterlist kind="param"><parameteritem>
<parameternamelist>
<parametername>args</parametername>
</parameternamelist>
<parameterdescription>
<para>Argomenti passati alla linea di comando. </para>
</parameterdescription>
</parameteritem>
</parameterlist>
</para>
        </detaileddescription>
        <inbodydescription>
        </inbodydescription>
        <location file="Main/App.java" line="69" column="24" bodyfile="Main/App.java" bodystart="69" bodyend="71"/>
      </memberdef>
    </sectiondef>
    <briefdescription>
<para>Classe principale dell&apos;applicazione JavaFX che gestisce l&apos;avvio e la navigazione tra le schermate. </para>
    </briefdescription>
    <detaileddescription>
<para>Questa classe estende <computeroutput><ref refid="" kindref="compound">javafx.application.Application</ref></computeroutput> e gestisce l&apos;avvio dell&apos;applicazione JavaFX, il caricamento delle interfacce utente tramite FXML e la navigazione tra diverse scene. Inoltre, fornisce un&apos;istanza condivisa della rubrica che può essere utilizzata in tutta l&apos;applicazione. </para>
    </detaileddescription>
    <inheritancegraph>
      <node id="1">
        <label>com.francesco.rubrica.Main.App</label>
        <link refid="classcom_1_1francesco_1_1rubrica_1_1_main_1_1_app"/>
        <childnode refid="2" relation="public-inheritance">
        </childnode>
      </node>
      <node id="2">
        <label>Application</label>
      </node>
    </inheritancegraph>
    <collaborationgraph>
      <node id="1">
        <label>com.francesco.rubrica.Main.App</label>
        <link refid="classcom_1_1francesco_1_1rubrica_1_1_main_1_1_app"/>
        <childnode refid="2" relation="public-inheritance">
        </childnode>
      </node>
      <node id="2">
        <label>Application</label>
      </node>
    </collaborationgraph>
    <location file="Main/App.java" line="21" column="7" bodyfile="Main/App.java" bodystart="21" bodyend="72"/>
    <listofallmembers>
      <member refid="classcom_1_1francesco_1_1rubrica_1_1_main_1_1_app_1a9691e44f528ca14d15904ba494983119" prot="public" virt="non-virtual"><scope>com::francesco::rubrica::Main::App</scope><name>getRubricaCondivisa</name></member>
      <member refid="classcom_1_1francesco_1_1rubrica_1_1_main_1_1_app_1ad4c5bd9c9275dd0f69cb53ea62b41bfc" prot="public" virt="non-virtual"><scope>com::francesco::rubrica::Main::App</scope><name>main</name></member>
      <member refid="classcom_1_1francesco_1_1rubrica_1_1_main_1_1_app_1a7226f142de6ddd9149b1ddb7f24ae4e0" prot="private" virt="non-virtual"><scope>com::francesco::rubrica::Main::App</scope><name>rubricaCondivisa</name></member>
      <member refid="classcom_1_1francesco_1_1rubrica_1_1_main_1_1_app_1ab4b7d93192331efe8d1b0242b8ede1fd" prot="private" virt="non-virtual"><scope>com::francesco::rubrica::Main::App</scope><name>scene</name></member>
      <member refid="classcom_1_1francesco_1_1rubrica_1_1_main_1_1_app_1ae0d93e36de3e553d96846f5cb0b376d2" prot="public" virt="non-virtual"><scope>com::francesco::rubrica::Main::App</scope><name>start</name></member>
    </listofallmembers>
  </compounddef>
</doxygen>
