<?xml version='1.0' encoding='UTF-8' standalone='no'?>
<doxygen xmlns:xsi="http://www.w3.org/2001/XMLSchema-instance" xsi:noNamespaceSchemaLocation="compound.xsd" version="1.12.0" xml:lang="it">
  <compounddef id="classcom_1_1francesco_1_1rubrica_1_1_data_1_1_contatto" kind="class" language="Java" prot="public">
    <compoundname>com::francesco::rubrica::Data::Contatto</compoundname>
    <basecompoundref prot="public" virt="non-virtual">Comparable&lt; Contatto &gt;</basecompoundref>
    <sectiondef kind="private-attrib">
      <memberdef kind="variable" id="classcom_1_1francesco_1_1rubrica_1_1_data_1_1_contatto_1a42c1ae9ba4985ac8a3287dbb009ce898" prot="private" static="no" mutable="no">
        <type>String</type>
        <definition>String com.francesco.rubrica.Data.Contatto.nome</definition>
        <argsstring></argsstring>
        <name>nome</name>
        <qualifiedname>com.francesco.rubrica.Data.Contatto.nome</qualifiedname>
        <briefdescription>
<para>Nome del contatto. </para>
        </briefdescription>
        <detaileddescription>
<para><simplesect kind="invariant"><para>Il nome non può essere null o vuoto. </para>
</simplesect>
</para>
        </detaileddescription>
        <inbodydescription>
        </inbodydescription>
        <location file="Contatto.java" line="30" column="20" bodyfile="Contatto.java" bodystart="30" bodyend="-1"/>
      </memberdef>
      <memberdef kind="variable" id="classcom_1_1francesco_1_1rubrica_1_1_data_1_1_contatto_1a36b879672c0eed8579eb2bece2d9d046" prot="private" static="no" mutable="no">
        <type>String</type>
        <definition>String com.francesco.rubrica.Data.Contatto.cognome</definition>
        <argsstring></argsstring>
        <name>cognome</name>
        <qualifiedname>com.francesco.rubrica.Data.Contatto.cognome</qualifiedname>
        <briefdescription>
<para>Cognome del contatto. </para>
        </briefdescription>
        <detaileddescription>
<para><simplesect kind="invariant"><para>Il cognome non può essere null o vuoto. </para>
</simplesect>
</para>
        </detaileddescription>
        <inbodydescription>
        </inbodydescription>
        <location file="Contatto.java" line="36" column="20" bodyfile="Contatto.java" bodystart="36" bodyend="-1"/>
      </memberdef>
      <memberdef kind="variable" id="classcom_1_1francesco_1_1rubrica_1_1_data_1_1_contatto_1a19b0ae8bca5ee75b19957dce5d18459c" prot="private" static="no" mutable="no">
        <type>String</type>
        <definition>String com.francesco.rubrica.Data.Contatto.telefono1</definition>
        <argsstring></argsstring>
        <name>telefono1</name>
        <qualifiedname>com.francesco.rubrica.Data.Contatto.telefono1</qualifiedname>
        <briefdescription>
<para>Primo numero di telefono del contatto. </para>
        </briefdescription>
        <detaileddescription>
<para><simplesect kind="invariant"><para>Se non null, deve essere un numero di telefono valido. </para>
</simplesect>
</para>
        </detaileddescription>
        <inbodydescription>
        </inbodydescription>
        <location file="Contatto.java" line="42" column="20" bodyfile="Contatto.java" bodystart="42" bodyend="-1"/>
      </memberdef>
      <memberdef kind="variable" id="classcom_1_1francesco_1_1rubrica_1_1_data_1_1_contatto_1a994db6a9660e85bb847cf05c5799a5e4" prot="private" static="no" mutable="no">
        <type>String</type>
        <definition>String com.francesco.rubrica.Data.Contatto.telefono2</definition>
        <argsstring></argsstring>
        <name>telefono2</name>
        <qualifiedname>com.francesco.rubrica.Data.Contatto.telefono2</qualifiedname>
        <briefdescription>
<para>Secondo numero di telefono del contatto. </para>
        </briefdescription>
        <detaileddescription>
<para><simplesect kind="invariant"><para>Se non null, deve essere un numero di telefono valido. </para>
</simplesect>
</para>
        </detaileddescription>
        <inbodydescription>
        </inbodydescription>
        <location file="Contatto.java" line="48" column="20" bodyfile="Contatto.java" bodystart="48" bodyend="-1"/>
      </memberdef>
      <memberdef kind="variable" id="classcom_1_1francesco_1_1rubrica_1_1_data_1_1_contatto_1a75fc9e86b88d16471f0746efb0d34b59" prot="private" static="no" mutable="no">
        <type>String</type>
        <definition>String com.francesco.rubrica.Data.Contatto.telefono3</definition>
        <argsstring></argsstring>
        <name>telefono3</name>
        <qualifiedname>com.francesco.rubrica.Data.Contatto.telefono3</qualifiedname>
        <briefdescription>
<para>Terzo numero di telefono del contatto. </para>
        </briefdescription>
        <detaileddescription>
<para><simplesect kind="invariant"><para>Se non null, deve essere un numero di telefono valido. </para>
</simplesect>
</para>
        </detaileddescription>
        <inbodydescription>
        </inbodydescription>
        <location file="Contatto.java" line="54" column="20" bodyfile="Contatto.java" bodystart="54" bodyend="-1"/>
      </memberdef>
      <memberdef kind="variable" id="classcom_1_1francesco_1_1rubrica_1_1_data_1_1_contatto_1ad76e187f169706031286b0a9285ffaad" prot="private" static="no" mutable="no">
        <type>String</type>
        <definition>String com.francesco.rubrica.Data.Contatto.email1</definition>
        <argsstring></argsstring>
        <name>email1</name>
        <qualifiedname>com.francesco.rubrica.Data.Contatto.email1</qualifiedname>
        <briefdescription>
<para>Prima email del contatto. </para>
        </briefdescription>
        <detaileddescription>
<para><simplesect kind="invariant"><para>Se non null, deve essere un indirizzo email valido </para>
</simplesect>
</para>
        </detaileddescription>
        <inbodydescription>
        </inbodydescription>
        <location file="Contatto.java" line="60" column="20" bodyfile="Contatto.java" bodystart="60" bodyend="-1"/>
      </memberdef>
      <memberdef kind="variable" id="classcom_1_1francesco_1_1rubrica_1_1_data_1_1_contatto_1a67b14ac983a4ccefe855b4b691e173df" prot="private" static="no" mutable="no">
        <type>String</type>
        <definition>String com.francesco.rubrica.Data.Contatto.email2</definition>
        <argsstring></argsstring>
        <name>email2</name>
        <qualifiedname>com.francesco.rubrica.Data.Contatto.email2</qualifiedname>
        <briefdescription>
<para>Seconda email del contatto. </para>
        </briefdescription>
        <detaileddescription>
<para><simplesect kind="invariant"><para>Se non null, deve essere un indirizzo email valido </para>
</simplesect>
</para>
        </detaileddescription>
        <inbodydescription>
        </inbodydescription>
        <location file="Contatto.java" line="66" column="20" bodyfile="Contatto.java" bodystart="66" bodyend="-1"/>
      </memberdef>
      <memberdef kind="variable" id="classcom_1_1francesco_1_1rubrica_1_1_data_1_1_contatto_1a528bffcbae5706f15a3daae8900c9738" prot="private" static="no" mutable="no">
        <type>String</type>
        <definition>String com.francesco.rubrica.Data.Contatto.email3</definition>
        <argsstring></argsstring>
        <name>email3</name>
        <qualifiedname>com.francesco.rubrica.Data.Contatto.email3</qualifiedname>
        <briefdescription>
<para>Terza email del contatto. </para>
        </briefdescription>
        <detaileddescription>
<para><simplesect kind="invariant"><para>Se non null, deve essere un indirizzo email valido </para>
</simplesect>
</para>
        </detaileddescription>
        <inbodydescription>
        </inbodydescription>
        <location file="Contatto.java" line="72" column="20" bodyfile="Contatto.java" bodystart="72" bodyend="-1"/>
      </memberdef>
      <memberdef kind="variable" id="classcom_1_1francesco_1_1rubrica_1_1_data_1_1_contatto_1acae0c2e14e697cb290d813ac15f2ba36" prot="private" static="no" mutable="no">
        <type>String</type>
        <definition>String com.francesco.rubrica.Data.Contatto.società</definition>
        <argsstring></argsstring>
        <name>società</name>
        <qualifiedname>com.francesco.rubrica.Data.Contatto.società</qualifiedname>
        <briefdescription>
<para>Nome dell&apos;azienda associata al contatto. </para>
        </briefdescription>
        <detaileddescription>
        </detaileddescription>
        <inbodydescription>
        </inbodydescription>
        <location file="Contatto.java" line="77" column="20" bodyfile="Contatto.java" bodystart="77" bodyend="-1"/>
      </memberdef>
      <memberdef kind="variable" id="classcom_1_1francesco_1_1rubrica_1_1_data_1_1_contatto_1a37a2ecad1cb6f044bfc82575816db592" prot="private" static="no" mutable="no">
        <type>String</type>
        <definition>String com.francesco.rubrica.Data.Contatto.indirizzo</definition>
        <argsstring></argsstring>
        <name>indirizzo</name>
        <qualifiedname>com.francesco.rubrica.Data.Contatto.indirizzo</qualifiedname>
        <briefdescription>
<para>Indirizzo del contatto. </para>
        </briefdescription>
        <detaileddescription>
        </detaileddescription>
        <inbodydescription>
        </inbodydescription>
        <location file="Contatto.java" line="82" column="20" bodyfile="Contatto.java" bodystart="82" bodyend="-1"/>
      </memberdef>
      <memberdef kind="variable" id="classcom_1_1francesco_1_1rubrica_1_1_data_1_1_contatto_1a1362156e340b84da5e8828b18e4803af" prot="private" static="no" mutable="no">
        <type>LocalDate</type>
        <definition>LocalDate com.francesco.rubrica.Data.Contatto.compleanno</definition>
        <argsstring></argsstring>
        <name>compleanno</name>
        <qualifiedname>com.francesco.rubrica.Data.Contatto.compleanno</qualifiedname>
        <briefdescription>
<para>Data di compleanno del contatto. </para>
        </briefdescription>
        <detaileddescription>
<para><simplesect kind="invariant"><para>Se specificata, deve essere una data valida. </para>
</simplesect>
</para>
        </detaileddescription>
        <inbodydescription>
        </inbodydescription>
        <location file="Contatto.java" line="88" column="23" bodyfile="Contatto.java" bodystart="88" bodyend="-1"/>
      </memberdef>
    </sectiondef>
    <sectiondef kind="public-func">
      <memberdef kind="function" id="classcom_1_1francesco_1_1rubrica_1_1_data_1_1_contatto_1aef9f87cff72afc38e2bfb5bceb810476" prot="public" static="no" const="no" explicit="no" inline="yes" virt="non-virtual">
        <type></type>
        <definition>com.francesco.rubrica.Data.Contatto.Contatto</definition>
        <argsstring>(String nome, String cognome)</argsstring>
        <name>Contatto</name>
        <qualifiedname>com.francesco.rubrica.Data.Contatto.Contatto</qualifiedname>
        <param>
          <type>String</type>
          <declname>nome</declname>
        </param>
        <param>
          <type>String</type>
          <declname>cognome</declname>
        </param>
        <briefdescription>
<para>Costruttore essenziale per creare un contatto con solo nome e cognome. </para>
        </briefdescription>
        <detaileddescription>
<para><simplesect kind="pre"><para>Almeno uno tra nome e cognome deve essere fornito e non vuoto. </para>
</simplesect>
<simplesect kind="post"><para>Crea un oggetto <ref refid="classcom_1_1francesco_1_1rubrica_1_1_data_1_1_contatto" kindref="compound">Contatto</ref> con nome e cognome inizializzati. </para>
</simplesect>
<parameterlist kind="param"><parameteritem>
<parameternamelist>
<parametername>nome</parametername>
</parameternamelist>
<parameterdescription>
<para>Nome del contatto. </para>
</parameterdescription>
</parameteritem>
<parameteritem>
<parameternamelist>
<parametername>cognome</parametername>
</parameternamelist>
<parameterdescription>
<para>Cognome del contatto. </para>
</parameterdescription>
</parameteritem>
</parameterlist>
</para>
        </detaileddescription>
        <inbodydescription>
        </inbodydescription>
        <location file="Contatto.java" line="98" column="12" bodyfile="Contatto.java" bodystart="98" bodyend="104"/>
      </memberdef>
      <memberdef kind="function" id="classcom_1_1francesco_1_1rubrica_1_1_data_1_1_contatto_1a6fa0767a7ddf0b681a162902aa27b909" prot="public" static="no" const="no" explicit="no" inline="yes" virt="non-virtual">
        <type></type>
        <definition>com.francesco.rubrica.Data.Contatto.Contatto</definition>
        <argsstring>(String nome, String cognome, String telefono1, String telefono2, String telefono3, String email1, String email2, String email3, String società, String indirizzo, LocalDate compleanno)</argsstring>
        <name>Contatto</name>
        <qualifiedname>com.francesco.rubrica.Data.Contatto.Contatto</qualifiedname>
        <param>
          <type>String</type>
          <declname>nome</declname>
        </param>
        <param>
          <type>String</type>
          <declname>cognome</declname>
        </param>
        <param>
          <type>String</type>
          <declname>telefono1</declname>
        </param>
        <param>
          <type>String</type>
          <declname>telefono2</declname>
        </param>
        <param>
          <type>String</type>
          <declname>telefono3</declname>
        </param>
        <param>
          <type>String</type>
          <declname>email1</declname>
        </param>
        <param>
          <type>String</type>
          <declname>email2</declname>
        </param>
        <param>
          <type>String</type>
          <declname>email3</declname>
        </param>
        <param>
          <type>String</type>
          <declname>società</declname>
        </param>
        <param>
          <type>String</type>
          <declname>indirizzo</declname>
        </param>
        <param>
          <type>LocalDate</type>
          <declname>compleanno</declname>
        </param>
        <briefdescription>
<para>Costruttore completo per creare un contatto con dettagli completi. </para>
        </briefdescription>
        <detaileddescription>
<para><simplesect kind="pre"><para>Almeno uno tra nome e cognome deve essere fornito e non vuoto. </para>
</simplesect>
<simplesect kind="post"><para>Crea un oggetto <ref refid="classcom_1_1francesco_1_1rubrica_1_1_data_1_1_contatto" kindref="compound">Contatto</ref> con tutti i campi inizializzati. </para>
</simplesect>
<parameterlist kind="param"><parameteritem>
<parameternamelist>
<parametername>nome</parametername>
</parameternamelist>
<parameterdescription>
<para>Nome del contatto. </para>
</parameterdescription>
</parameteritem>
<parameteritem>
<parameternamelist>
<parametername>cognome</parametername>
</parameternamelist>
<parameterdescription>
<para>Cognome del contatto. </para>
</parameterdescription>
</parameteritem>
<parameteritem>
<parameternamelist>
<parametername>telefono1</parametername>
</parameternamelist>
<parameterdescription>
<para>Primo numero di telefono. </para>
</parameterdescription>
</parameteritem>
<parameteritem>
<parameternamelist>
<parametername>telefono2</parametername>
</parameternamelist>
<parameterdescription>
<para>Secondo numero di telefono. </para>
</parameterdescription>
</parameteritem>
<parameteritem>
<parameternamelist>
<parametername>telefono3</parametername>
</parameternamelist>
<parameterdescription>
<para>Terzo numero di telefono. </para>
</parameterdescription>
</parameteritem>
<parameteritem>
<parameternamelist>
<parametername>email1</parametername>
</parameternamelist>
<parameterdescription>
<para>Prima email del contatto. </para>
</parameterdescription>
</parameteritem>
<parameteritem>
<parameternamelist>
<parametername>email2</parametername>
</parameternamelist>
<parameterdescription>
<para>Seconda email del contatto. </para>
</parameterdescription>
</parameteritem>
<parameteritem>
<parameternamelist>
<parametername>email3</parametername>
</parameternamelist>
<parameterdescription>
<para>Terza email del contatto. </para>
</parameterdescription>
</parameteritem>
<parameteritem>
<parameternamelist>
<parametername>società</parametername>
</parameternamelist>
<parameterdescription>
<para>Nome dell&apos;azienda. </para>
</parameterdescription>
</parameteritem>
<parameteritem>
<parameternamelist>
<parametername>indirizzo</parametername>
</parameternamelist>
<parameterdescription>
<para>Indirizzo del contatto. </para>
</parameterdescription>
</parameteritem>
<parameteritem>
<parameternamelist>
<parametername>compleanno</parametername>
</parameternamelist>
<parameterdescription>
<para>Data di compleanno del contatto. </para>
</parameterdescription>
</parameteritem>
</parameterlist>
</para>
        </detaileddescription>
        <inbodydescription>
        </inbodydescription>
        <location file="Contatto.java" line="141" column="12" bodyfile="Contatto.java" bodystart="141" bodyend="185"/>
      </memberdef>
      <memberdef kind="function" id="classcom_1_1francesco_1_1rubrica_1_1_data_1_1_contatto_1afc016576b53db112129de1bbebcd926e" prot="public" static="no" const="no" explicit="no" inline="yes" virt="non-virtual">
        <type>String</type>
        <definition>String com.francesco.rubrica.Data.Contatto.getTelefono1</definition>
        <argsstring>()</argsstring>
        <name>getTelefono1</name>
        <qualifiedname>com.francesco.rubrica.Data.Contatto.getTelefono1</qualifiedname>
        <briefdescription>
<para>Restituisce il primo numero di telefono. </para>
        </briefdescription>
        <detaileddescription>
<para><simplesect kind="return"><para>Stringa contenente il primo numero di telefono. </para>
</simplesect>
</para>
        </detaileddescription>
        <inbodydescription>
        </inbodydescription>
        <location file="Contatto.java" line="191" column="19" bodyfile="Contatto.java" bodystart="191" bodyend="193"/>
      </memberdef>
      <memberdef kind="function" id="classcom_1_1francesco_1_1rubrica_1_1_data_1_1_contatto_1ac2b5fcb133390aa7217f7737232dbcee" prot="public" static="no" const="no" explicit="no" inline="yes" virt="non-virtual">
        <type>String</type>
        <definition>String com.francesco.rubrica.Data.Contatto.getCognome</definition>
        <argsstring>()</argsstring>
        <name>getCognome</name>
        <qualifiedname>com.francesco.rubrica.Data.Contatto.getCognome</qualifiedname>
        <briefdescription>
<para>Restituisce il cognome del contatto. </para>
        </briefdescription>
        <detaileddescription>
<para><simplesect kind="return"><para>Stringa contenente il cognome. </para>
</simplesect>
</para>
        </detaileddescription>
        <inbodydescription>
        </inbodydescription>
        <location file="Contatto.java" line="199" column="19" bodyfile="Contatto.java" bodystart="199" bodyend="201"/>
      </memberdef>
      <memberdef kind="function" id="classcom_1_1francesco_1_1rubrica_1_1_data_1_1_contatto_1a8f7c6737ae615030cac8ed0fb18fcd27" prot="public" static="no" const="no" explicit="no" inline="yes" virt="non-virtual">
        <type>String</type>
        <definition>String com.francesco.rubrica.Data.Contatto.getTelefono2</definition>
        <argsstring>()</argsstring>
        <name>getTelefono2</name>
        <qualifiedname>com.francesco.rubrica.Data.Contatto.getTelefono2</qualifiedname>
        <briefdescription>
<para>Restituisce il secondo numero di telefono. </para>
        </briefdescription>
        <detaileddescription>
<para><simplesect kind="return"><para>Stringa contenente il secondo numero di telefono. </para>
</simplesect>
</para>
        </detaileddescription>
        <inbodydescription>
        </inbodydescription>
        <location file="Contatto.java" line="206" column="19" bodyfile="Contatto.java" bodystart="206" bodyend="208"/>
      </memberdef>
      <memberdef kind="function" id="classcom_1_1francesco_1_1rubrica_1_1_data_1_1_contatto_1a229ff72a6893429e689f2a33e516b55d" prot="public" static="no" const="no" explicit="no" inline="yes" virt="non-virtual">
        <type>String</type>
        <definition>String com.francesco.rubrica.Data.Contatto.getTelefono3</definition>
        <argsstring>()</argsstring>
        <name>getTelefono3</name>
        <qualifiedname>com.francesco.rubrica.Data.Contatto.getTelefono3</qualifiedname>
        <briefdescription>
<para>Restituisce il terzo numero di telefono. </para>
        </briefdescription>
        <detaileddescription>
<para><simplesect kind="return"><para>Stringa contenente il terzo numero di telefono. </para>
</simplesect>
</para>
        </detaileddescription>
        <inbodydescription>
        </inbodydescription>
        <location file="Contatto.java" line="213" column="19" bodyfile="Contatto.java" bodystart="213" bodyend="215"/>
      </memberdef>
      <memberdef kind="function" id="classcom_1_1francesco_1_1rubrica_1_1_data_1_1_contatto_1a71a7b8f2570c594d6c19ccbf32e017c5" prot="public" static="no" const="no" explicit="no" inline="yes" virt="non-virtual">
        <type>String</type>
        <definition>String com.francesco.rubrica.Data.Contatto.getEmail1</definition>
        <argsstring>()</argsstring>
        <name>getEmail1</name>
        <qualifiedname>com.francesco.rubrica.Data.Contatto.getEmail1</qualifiedname>
        <briefdescription>
<para>Restituisce la prima mail del contatto. </para>
        </briefdescription>
        <detaileddescription>
<para><simplesect kind="return"><para>Stringa contenente la prima mail del contatto. </para>
</simplesect>
</para>
        </detaileddescription>
        <inbodydescription>
        </inbodydescription>
        <location file="Contatto.java" line="220" column="19" bodyfile="Contatto.java" bodystart="220" bodyend="222"/>
      </memberdef>
      <memberdef kind="function" id="classcom_1_1francesco_1_1rubrica_1_1_data_1_1_contatto_1adbe46cf9dfcee8aa8738df276dafaf86" prot="public" static="no" const="no" explicit="no" inline="yes" virt="non-virtual">
        <type>String</type>
        <definition>String com.francesco.rubrica.Data.Contatto.getEmail2</definition>
        <argsstring>()</argsstring>
        <name>getEmail2</name>
        <qualifiedname>com.francesco.rubrica.Data.Contatto.getEmail2</qualifiedname>
        <briefdescription>
<para>Restituisce la seconda mail del contatto. </para>
        </briefdescription>
        <detaileddescription>
<para><simplesect kind="return"><para>Stringa contenente la seconda mail del contatto. </para>
</simplesect>
</para>
        </detaileddescription>
        <inbodydescription>
        </inbodydescription>
        <location file="Contatto.java" line="227" column="19" bodyfile="Contatto.java" bodystart="227" bodyend="229"/>
      </memberdef>
      <memberdef kind="function" id="classcom_1_1francesco_1_1rubrica_1_1_data_1_1_contatto_1abc45fceef8957d3ead42489c8811c89c" prot="public" static="no" const="no" explicit="no" inline="yes" virt="non-virtual">
        <type>String</type>
        <definition>String com.francesco.rubrica.Data.Contatto.getEmail3</definition>
        <argsstring>()</argsstring>
        <name>getEmail3</name>
        <qualifiedname>com.francesco.rubrica.Data.Contatto.getEmail3</qualifiedname>
        <briefdescription>
<para>Restituisce la tera mail del contatto. </para>
        </briefdescription>
        <detaileddescription>
<para><simplesect kind="return"><para>Stringa contenente la terza mail del contatto. </para>
</simplesect>
</para>
        </detaileddescription>
        <inbodydescription>
        </inbodydescription>
        <location file="Contatto.java" line="234" column="19" bodyfile="Contatto.java" bodystart="234" bodyend="236"/>
      </memberdef>
      <memberdef kind="function" id="classcom_1_1francesco_1_1rubrica_1_1_data_1_1_contatto_1a225bce7bfa3c0312efefec7ca733b7d8" prot="public" static="no" const="no" explicit="no" inline="yes" virt="non-virtual">
        <type>String</type>
        <definition>String com.francesco.rubrica.Data.Contatto.getSocietà</definition>
        <argsstring>()</argsstring>
        <name>getSocietà</name>
        <qualifiedname>com.francesco.rubrica.Data.Contatto.getSocietà</qualifiedname>
        <briefdescription>
<para>Restituisce la società del contatto. </para>
        </briefdescription>
        <detaileddescription>
<para><simplesect kind="return"><para>Stringa contenente la società del contatto. </para>
</simplesect>
</para>
        </detaileddescription>
        <inbodydescription>
        </inbodydescription>
        <location file="Contatto.java" line="241" column="19" bodyfile="Contatto.java" bodystart="241" bodyend="243"/>
      </memberdef>
      <memberdef kind="function" id="classcom_1_1francesco_1_1rubrica_1_1_data_1_1_contatto_1a0b3f0e26af95298df85d747edae5020b" prot="public" static="no" const="no" explicit="no" inline="yes" virt="non-virtual">
        <type>String</type>
        <definition>String com.francesco.rubrica.Data.Contatto.getIndirizzo</definition>
        <argsstring>()</argsstring>
        <name>getIndirizzo</name>
        <qualifiedname>com.francesco.rubrica.Data.Contatto.getIndirizzo</qualifiedname>
        <briefdescription>
<para>Restituisce l&apos;indirizzo del contatto. </para>
        </briefdescription>
        <detaileddescription>
<para><simplesect kind="return"><para>Stringa contenente l&apos;indirizzo del contatto. </para>
</simplesect>
</para>
        </detaileddescription>
        <inbodydescription>
        </inbodydescription>
        <location file="Contatto.java" line="248" column="19" bodyfile="Contatto.java" bodystart="248" bodyend="250"/>
      </memberdef>
      <memberdef kind="function" id="classcom_1_1francesco_1_1rubrica_1_1_data_1_1_contatto_1a0c6cfc79865cbb7c1569e6f3f16d8da8" prot="public" static="no" const="no" explicit="no" inline="yes" virt="non-virtual">
        <type>void</type>
        <definition>void com.francesco.rubrica.Data.Contatto.setCognome</definition>
        <argsstring>(String cognome)</argsstring>
        <name>setCognome</name>
        <qualifiedname>com.francesco.rubrica.Data.Contatto.setCognome</qualifiedname>
        <param>
          <type>String</type>
          <declname>cognome</declname>
        </param>
        <briefdescription>
<para>Imposta il cognome del contatto. </para>
        </briefdescription>
        <detaileddescription>
<para><parameterlist kind="param"><parameteritem>
<parameternamelist>
<parametername>cognome</parametername>
</parameternamelist>
<parameterdescription>
<para>Cognome del contatto da impostare. </para>
</parameterdescription>
</parameteritem>
</parameterlist>
</para>
        </detaileddescription>
        <inbodydescription>
        </inbodydescription>
        <location file="Contatto.java" line="255" column="17" bodyfile="Contatto.java" bodystart="255" bodyend="257"/>
      </memberdef>
      <memberdef kind="function" id="classcom_1_1francesco_1_1rubrica_1_1_data_1_1_contatto_1a9c82e63d5220e0225fc416afac294f84" prot="public" static="no" const="no" explicit="no" inline="yes" virt="non-virtual">
        <type>void</type>
        <definition>void com.francesco.rubrica.Data.Contatto.setTelefono1</definition>
        <argsstring>(String telefono1)</argsstring>
        <name>setTelefono1</name>
        <qualifiedname>com.francesco.rubrica.Data.Contatto.setTelefono1</qualifiedname>
        <param>
          <type>String</type>
          <declname>telefono1</declname>
        </param>
        <briefdescription>
<para>Imposta il secondo numero di telefono. </para>
        </briefdescription>
        <detaileddescription>
<para><parameterlist kind="param"><parameteritem>
<parameternamelist>
<parametername>telefono2</parametername>
</parameternamelist>
<parameterdescription>
<para>Secondo numero di telefono da impostare.</para>
</parameterdescription>
</parameteritem>
</parameterlist>
Imposta il primo numero di telefono. <parameterlist kind="param"><parameteritem>
<parameternamelist>
<parametername>telefono1</parametername>
</parameternamelist>
<parameterdescription>
<para>Primo numero di telefono da impostare. </para>
</parameterdescription>
</parameteritem>
</parameterlist>
</para>
        </detaileddescription>
        <inbodydescription>
        </inbodydescription>
        <location file="Contatto.java" line="267" column="17" bodyfile="Contatto.java" bodystart="267" bodyend="272"/>
      </memberdef>
      <memberdef kind="function" id="classcom_1_1francesco_1_1rubrica_1_1_data_1_1_contatto_1a6d956d88bf96981712cb9118ac085943" prot="public" static="no" const="no" explicit="no" inline="yes" virt="non-virtual">
        <type>void</type>
        <definition>void com.francesco.rubrica.Data.Contatto.setTelefono2</definition>
        <argsstring>(String telefono2)</argsstring>
        <name>setTelefono2</name>
        <qualifiedname>com.francesco.rubrica.Data.Contatto.setTelefono2</qualifiedname>
        <param>
          <type>String</type>
          <declname>telefono2</declname>
        </param>
        <briefdescription>
<para>Imposta il secondo numero di telefono. </para>
        </briefdescription>
        <detaileddescription>
<para><parameterlist kind="param"><parameteritem>
<parameternamelist>
<parametername>telefono2</parametername>
</parameternamelist>
<parameterdescription>
<para>Secondo numero di telefono da impostare. </para>
</parameterdescription>
</parameteritem>
</parameterlist>
</para>
        </detaileddescription>
        <inbodydescription>
        </inbodydescription>
        <location file="Contatto.java" line="278" column="17" bodyfile="Contatto.java" bodystart="278" bodyend="283"/>
      </memberdef>
      <memberdef kind="function" id="classcom_1_1francesco_1_1rubrica_1_1_data_1_1_contatto_1ae7adc03806ee3fea17ecf0c3b8521d46" prot="public" static="no" const="no" explicit="no" inline="yes" virt="non-virtual">
        <type>void</type>
        <definition>void com.francesco.rubrica.Data.Contatto.setTelefono3</definition>
        <argsstring>(String telefono3)</argsstring>
        <name>setTelefono3</name>
        <qualifiedname>com.francesco.rubrica.Data.Contatto.setTelefono3</qualifiedname>
        <param>
          <type>String</type>
          <declname>telefono3</declname>
        </param>
        <briefdescription>
<para>Imposta il terzo numero di telefono. </para>
        </briefdescription>
        <detaileddescription>
<para><parameterlist kind="param"><parameteritem>
<parameternamelist>
<parametername>telefono3</parametername>
</parameternamelist>
<parameterdescription>
<para>Terzo numero di telefono da impostare. </para>
</parameterdescription>
</parameteritem>
</parameterlist>
</para>
        </detaileddescription>
        <inbodydescription>
        </inbodydescription>
        <location file="Contatto.java" line="288" column="17" bodyfile="Contatto.java" bodystart="288" bodyend="293"/>
      </memberdef>
      <memberdef kind="function" id="classcom_1_1francesco_1_1rubrica_1_1_data_1_1_contatto_1acebaa4e103aa15be9751d4c6db83e9f0" prot="public" static="no" const="no" explicit="no" inline="yes" virt="non-virtual">
        <type>void</type>
        <definition>void com.francesco.rubrica.Data.Contatto.setEmail1</definition>
        <argsstring>(String email1)</argsstring>
        <name>setEmail1</name>
        <qualifiedname>com.francesco.rubrica.Data.Contatto.setEmail1</qualifiedname>
        <param>
          <type>String</type>
          <declname>email1</declname>
        </param>
        <briefdescription>
<para>Imposta la prima mail del contatto. </para>
        </briefdescription>
        <detaileddescription>
<para><parameterlist kind="param"><parameteritem>
<parameternamelist>
<parametername>email1</parametername>
</parameternamelist>
<parameterdescription>
<para>Prima mail del contatto da impostare. </para>
</parameterdescription>
</parameteritem>
</parameterlist>
</para>
        </detaileddescription>
        <inbodydescription>
        </inbodydescription>
        <location file="Contatto.java" line="298" column="17" bodyfile="Contatto.java" bodystart="298" bodyend="311"/>
      </memberdef>
      <memberdef kind="function" id="classcom_1_1francesco_1_1rubrica_1_1_data_1_1_contatto_1a74536a2c5771b103c3a4d76d66d3076b" prot="public" static="no" const="no" explicit="no" inline="yes" virt="non-virtual">
        <type>void</type>
        <definition>void com.francesco.rubrica.Data.Contatto.setEmail2</definition>
        <argsstring>(String email2)</argsstring>
        <name>setEmail2</name>
        <qualifiedname>com.francesco.rubrica.Data.Contatto.setEmail2</qualifiedname>
        <param>
          <type>String</type>
          <declname>email2</declname>
        </param>
        <briefdescription>
<para>Imposta la seconda mail del contatto. </para>
        </briefdescription>
        <detaileddescription>
<para><parameterlist kind="param"><parameteritem>
<parameternamelist>
<parametername>email2</parametername>
</parameternamelist>
<parameterdescription>
<para>Seconda mail del contatto da impostare. </para>
</parameterdescription>
</parameteritem>
</parameterlist>
</para>
        </detaileddescription>
        <inbodydescription>
        </inbodydescription>
        <location file="Contatto.java" line="316" column="17" bodyfile="Contatto.java" bodystart="316" bodyend="329"/>
      </memberdef>
      <memberdef kind="function" id="classcom_1_1francesco_1_1rubrica_1_1_data_1_1_contatto_1a2386462d5235c6fc139aaf0cf314ee50" prot="public" static="no" const="no" explicit="no" inline="yes" virt="non-virtual">
        <type>void</type>
        <definition>void com.francesco.rubrica.Data.Contatto.setEmail3</definition>
        <argsstring>(String email3)</argsstring>
        <name>setEmail3</name>
        <qualifiedname>com.francesco.rubrica.Data.Contatto.setEmail3</qualifiedname>
        <param>
          <type>String</type>
          <declname>email3</declname>
        </param>
        <briefdescription>
<para>Imposta la terza mail del contatto. </para>
        </briefdescription>
        <detaileddescription>
<para><parameterlist kind="param"><parameteritem>
<parameternamelist>
<parametername>email3</parametername>
</parameternamelist>
<parameterdescription>
<para>terza mail del contatto da impostare. </para>
</parameterdescription>
</parameteritem>
</parameterlist>
</para>
        </detaileddescription>
        <inbodydescription>
        </inbodydescription>
        <location file="Contatto.java" line="334" column="17" bodyfile="Contatto.java" bodystart="334" bodyend="347"/>
      </memberdef>
      <memberdef kind="function" id="classcom_1_1francesco_1_1rubrica_1_1_data_1_1_contatto_1aa681229afe412225d03979230f40a7f1" prot="public" static="no" const="no" explicit="no" inline="yes" virt="non-virtual">
        <type>void</type>
        <definition>void com.francesco.rubrica.Data.Contatto.setSocietà</definition>
        <argsstring>(String società)</argsstring>
        <name>setSocietà</name>
        <qualifiedname>com.francesco.rubrica.Data.Contatto.setSocietà</qualifiedname>
        <param>
          <type>String</type>
          <declname>società</declname>
        </param>
        <briefdescription>
<para>Imposta la società del contatto. </para>
        </briefdescription>
        <detaileddescription>
<para><parameterlist kind="param"><parameteritem>
<parameternamelist>
<parametername>società</parametername>
</parameternamelist>
<parameterdescription>
<para>Società del contatto da impostare. </para>
</parameterdescription>
</parameteritem>
</parameterlist>
</para>
        </detaileddescription>
        <inbodydescription>
        </inbodydescription>
        <location file="Contatto.java" line="352" column="17" bodyfile="Contatto.java" bodystart="352" bodyend="354"/>
      </memberdef>
      <memberdef kind="function" id="classcom_1_1francesco_1_1rubrica_1_1_data_1_1_contatto_1a0c5fad3b939ba0b34fb9acbb3a3abdfe" prot="public" static="no" const="no" explicit="no" inline="yes" virt="non-virtual">
        <type>void</type>
        <definition>void com.francesco.rubrica.Data.Contatto.setIndirizzo</definition>
        <argsstring>(String indirizzo)</argsstring>
        <name>setIndirizzo</name>
        <qualifiedname>com.francesco.rubrica.Data.Contatto.setIndirizzo</qualifiedname>
        <param>
          <type>String</type>
          <declname>indirizzo</declname>
        </param>
        <briefdescription>
<para>Imposta l&apos;indirizzo del contatto. </para>
        </briefdescription>
        <detaileddescription>
<para><parameterlist kind="param"><parameteritem>
<parameternamelist>
<parametername>indirizzo</parametername>
</parameternamelist>
<parameterdescription>
<para>Indirizzo del contatto da impostare. </para>
</parameterdescription>
</parameteritem>
</parameterlist>
</para>
        </detaileddescription>
        <inbodydescription>
        </inbodydescription>
        <location file="Contatto.java" line="359" column="17" bodyfile="Contatto.java" bodystart="359" bodyend="361"/>
      </memberdef>
      <memberdef kind="function" id="classcom_1_1francesco_1_1rubrica_1_1_data_1_1_contatto_1afb9b396e0c4b253e7e198cceb4fb32c1" prot="public" static="no" const="no" explicit="no" inline="yes" virt="non-virtual">
        <type>String</type>
        <definition>String com.francesco.rubrica.Data.Contatto.getNome</definition>
        <argsstring>()</argsstring>
        <name>getNome</name>
        <qualifiedname>com.francesco.rubrica.Data.Contatto.getNome</qualifiedname>
        <briefdescription>
<para>Restituisce il nome del contatto. </para>
        </briefdescription>
        <detaileddescription>
<para><simplesect kind="return"><para>Stringa contenente il nome. </para>
</simplesect>
</para>
        </detaileddescription>
        <inbodydescription>
        </inbodydescription>
        <location file="Contatto.java" line="366" column="19" bodyfile="Contatto.java" bodystart="366" bodyend="368"/>
      </memberdef>
      <memberdef kind="function" id="classcom_1_1francesco_1_1rubrica_1_1_data_1_1_contatto_1a18be03cff3e4281397dca0b5a0eeefa6" prot="public" static="no" const="no" explicit="no" inline="yes" virt="non-virtual">
        <type>void</type>
        <definition>void com.francesco.rubrica.Data.Contatto.setNome</definition>
        <argsstring>(String nome)</argsstring>
        <name>setNome</name>
        <qualifiedname>com.francesco.rubrica.Data.Contatto.setNome</qualifiedname>
        <param>
          <type>String</type>
          <declname>nome</declname>
        </param>
        <briefdescription>
<para>Imposta il nome del contatto. </para>
        </briefdescription>
        <detaileddescription>
<para><parameterlist kind="param"><parameteritem>
<parameternamelist>
<parametername>nome</parametername>
</parameternamelist>
<parameterdescription>
<para>Nome da impostare. </para>
</parameterdescription>
</parameteritem>
</parameterlist>
</para>
        </detaileddescription>
        <inbodydescription>
        </inbodydescription>
        <location file="Contatto.java" line="373" column="17" bodyfile="Contatto.java" bodystart="373" bodyend="375"/>
      </memberdef>
      <memberdef kind="function" id="classcom_1_1francesco_1_1rubrica_1_1_data_1_1_contatto_1a5a93e2dcde3e84cda6155e65b053b92c" prot="public" static="no" const="no" explicit="no" inline="yes" virt="non-virtual">
        <type>LocalDate</type>
        <definition>LocalDate com.francesco.rubrica.Data.Contatto.getCompleanno</definition>
        <argsstring>()</argsstring>
        <name>getCompleanno</name>
        <qualifiedname>com.francesco.rubrica.Data.Contatto.getCompleanno</qualifiedname>
        <briefdescription>
<para>Restituisce la data di compleanno. </para>
        </briefdescription>
        <detaileddescription>
<para><simplesect kind="return"><para>Data di compleanno del contatto come <computeroutput>LocalDate</computeroutput>. </para>
</simplesect>
</para>
        </detaileddescription>
        <inbodydescription>
        </inbodydescription>
        <location file="Contatto.java" line="381" column="22" bodyfile="Contatto.java" bodystart="381" bodyend="383"/>
      </memberdef>
      <memberdef kind="function" id="classcom_1_1francesco_1_1rubrica_1_1_data_1_1_contatto_1a8de45b1da0fad344ebe9f980e504ba89" prot="public" static="no" const="no" explicit="no" inline="yes" virt="non-virtual">
        <type>void</type>
        <definition>void com.francesco.rubrica.Data.Contatto.setCompleanno</definition>
        <argsstring>(LocalDate compleanno)</argsstring>
        <name>setCompleanno</name>
        <qualifiedname>com.francesco.rubrica.Data.Contatto.setCompleanno</qualifiedname>
        <param>
          <type>LocalDate</type>
          <declname>compleanno</declname>
        </param>
        <briefdescription>
<para>Imposta la data di compleanno del contatto. </para>
        </briefdescription>
        <detaileddescription>
<para><parameterlist kind="param"><parameteritem>
<parameternamelist>
<parametername>compleanno</parametername>
</parameternamelist>
<parameterdescription>
<para>Data di compleanno da impostare. </para>
</parameterdescription>
</parameteritem>
</parameterlist>
</para>
        </detaileddescription>
        <inbodydescription>
        </inbodydescription>
        <location file="Contatto.java" line="389" column="17" bodyfile="Contatto.java" bodystart="389" bodyend="391"/>
      </memberdef>
      <memberdef kind="function" id="classcom_1_1francesco_1_1rubrica_1_1_data_1_1_contatto_1a875cda9bfde691b5f49b5975ddde4a5d" prot="public" static="no" const="no" explicit="no" inline="yes" virt="non-virtual">
        <type>int</type>
        <definition>int com.francesco.rubrica.Data.Contatto.compareTo</definition>
        <argsstring>(Contatto other)</argsstring>
        <name>compareTo</name>
        <qualifiedname>com.francesco.rubrica.Data.Contatto.compareTo</qualifiedname>
        <param>
          <type><ref refid="classcom_1_1francesco_1_1rubrica_1_1_data_1_1_contatto" kindref="compound">Contatto</ref></type>
          <declname>other</declname>
        </param>
        <briefdescription>
<para>Confronta due contatti per ordinamento alfabetico. </para>
        </briefdescription>
        <detaileddescription>
<para><parameterlist kind="param"><parameteritem>
<parameternamelist>
<parametername>other</parametername>
</parameternamelist>
<parameterdescription>
<para><ref refid="classcom_1_1francesco_1_1rubrica_1_1_data_1_1_contatto" kindref="compound">Contatto</ref> con cui confrontare l&apos;istanza corrente. </para>
</parameterdescription>
</parameteritem>
</parameterlist>
<simplesect kind="return"><para>Un valore negativo, zero o positivo se il contatto corrente è rispettivamente successivo, uguale o precedente rispetto a &quot;other&quot;. </para>
</simplesect>
<simplesect kind="see"><para>Comparable </para>
</simplesect>
</para>
        </detaileddescription>
        <inbodydescription>
        </inbodydescription>
        <location file="Contatto.java" line="401" column="16" bodyfile="Contatto.java" bodystart="401" bodyend="408"/>
      </memberdef>
    </sectiondef>
    <sectiondef kind="public-static-func">
      <memberdef kind="function" id="classcom_1_1francesco_1_1rubrica_1_1_data_1_1_contatto_1ab7381bc683c3fcf59ab670401a674ca6" prot="public" static="yes" const="no" explicit="no" inline="yes" virt="non-virtual">
        <type>boolean</type>
        <definition>static boolean com.francesco.rubrica.Data.Contatto.isValidEmail</definition>
        <argsstring>(String email)</argsstring>
        <name>isValidEmail</name>
        <qualifiedname>com.francesco.rubrica.Data.Contatto.isValidEmail</qualifiedname>
        <param>
          <type>String</type>
          <declname>email</declname>
        </param>
        <briefdescription>
        </briefdescription>
        <detaileddescription>
        </detaileddescription>
        <inbodydescription>
        </inbodydescription>
        <location file="Contatto.java" line="107" column="27" bodyfile="Contatto.java" bodystart="107" bodyend="115"/>
      </memberdef>
      <memberdef kind="function" id="classcom_1_1francesco_1_1rubrica_1_1_data_1_1_contatto_1abdc1bb18f1a33e1e752c66c8076c92a8" prot="public" static="yes" const="no" explicit="no" inline="yes" virt="non-virtual">
        <type>boolean</type>
        <definition>static boolean com.francesco.rubrica.Data.Contatto.isValidPhoneNumber</definition>
        <argsstring>(String telefono)</argsstring>
        <name>isValidPhoneNumber</name>
        <qualifiedname>com.francesco.rubrica.Data.Contatto.isValidPhoneNumber</qualifiedname>
        <param>
          <type>String</type>
          <declname>telefono</declname>
        </param>
        <briefdescription>
        </briefdescription>
        <detaileddescription>
        </detaileddescription>
        <inbodydescription>
        </inbodydescription>
        <location file="Contatto.java" line="117" column="27" bodyfile="Contatto.java" bodystart="117" bodyend="123"/>
      </memberdef>
    </sectiondef>
    <briefdescription>
<para>Classe che rappresenta un contatto con i relativi dettagli. </para>
    </briefdescription>
    <detaileddescription>
<para><simplesect kind="invariant"><para>Il nome e il cognome del contatto non possono essere null o vuoti. </para>
</simplesect>
<simplesect kind="invariant"><para>Tutti i numeri di telefono(telefono1, telefono2, telefono3) devono essere validi se specificati. </para>
</simplesect>
<simplesect kind="invariant"><para>Tutte le email (email1, email2, email3) devono essere valide se specificate. </para>
</simplesect>
<simplesect kind="invariant"><para>La data di compleanno, se presente, deve essere una data valida. Questa classe fornisce metodi per accedere e modificare le informazioni personali di un contatto, tra cui nome, cognome, numeri di telefono, email, azienda, indirizzo e data di compleanno. </para>
</simplesect>
<simplesect kind="see"><para>java.time.LocalDate </para>
</simplesect>
</para>
    </detaileddescription>
    <inheritancegraph>
      <node id="2">
        <label>Comparable&lt; Contatto &gt;</label>
      </node>
      <node id="1">
        <label>com.francesco.rubrica.Data.Contatto</label>
        <link refid="classcom_1_1francesco_1_1rubrica_1_1_data_1_1_contatto"/>
        <childnode refid="2" relation="public-inheritance">
        </childnode>
      </node>
    </inheritancegraph>
    <collaborationgraph>
      <node id="2">
        <label>Comparable&lt; Contatto &gt;</label>
      </node>
      <node id="1">
        <label>com.francesco.rubrica.Data.Contatto</label>
        <link refid="classcom_1_1francesco_1_1rubrica_1_1_data_1_1_contatto"/>
        <childnode refid="2" relation="public-inheritance">
        </childnode>
      </node>
    </collaborationgraph>
    <location file="Contatto.java" line="25" column="7" bodyfile="Contatto.java" bodystart="25" bodyend="410"/>
    <listofallmembers>
      <member refid="classcom_1_1francesco_1_1rubrica_1_1_data_1_1_contatto_1a36b879672c0eed8579eb2bece2d9d046" prot="private" virt="non-virtual"><scope>com::francesco::rubrica::Data::Contatto</scope><name>cognome</name></member>
      <member refid="classcom_1_1francesco_1_1rubrica_1_1_data_1_1_contatto_1a875cda9bfde691b5f49b5975ddde4a5d" prot="public" virt="non-virtual"><scope>com::francesco::rubrica::Data::Contatto</scope><name>compareTo</name></member>
      <member refid="classcom_1_1francesco_1_1rubrica_1_1_data_1_1_contatto_1a1362156e340b84da5e8828b18e4803af" prot="private" virt="non-virtual"><scope>com::francesco::rubrica::Data::Contatto</scope><name>compleanno</name></member>
      <member refid="classcom_1_1francesco_1_1rubrica_1_1_data_1_1_contatto_1aef9f87cff72afc38e2bfb5bceb810476" prot="public" virt="non-virtual"><scope>com::francesco::rubrica::Data::Contatto</scope><name>Contatto</name></member>
      <member refid="classcom_1_1francesco_1_1rubrica_1_1_data_1_1_contatto_1a6fa0767a7ddf0b681a162902aa27b909" prot="public" virt="non-virtual"><scope>com::francesco::rubrica::Data::Contatto</scope><name>Contatto</name></member>
      <member refid="classcom_1_1francesco_1_1rubrica_1_1_data_1_1_contatto_1ad76e187f169706031286b0a9285ffaad" prot="private" virt="non-virtual"><scope>com::francesco::rubrica::Data::Contatto</scope><name>email1</name></member>
      <member refid="classcom_1_1francesco_1_1rubrica_1_1_data_1_1_contatto_1a67b14ac983a4ccefe855b4b691e173df" prot="private" virt="non-virtual"><scope>com::francesco::rubrica::Data::Contatto</scope><name>email2</name></member>
      <member refid="classcom_1_1francesco_1_1rubrica_1_1_data_1_1_contatto_1a528bffcbae5706f15a3daae8900c9738" prot="private" virt="non-virtual"><scope>com::francesco::rubrica::Data::Contatto</scope><name>email3</name></member>
      <member refid="classcom_1_1francesco_1_1rubrica_1_1_data_1_1_contatto_1ac2b5fcb133390aa7217f7737232dbcee" prot="public" virt="non-virtual"><scope>com::francesco::rubrica::Data::Contatto</scope><name>getCognome</name></member>
      <member refid="classcom_1_1francesco_1_1rubrica_1_1_data_1_1_contatto_1a5a93e2dcde3e84cda6155e65b053b92c" prot="public" virt="non-virtual"><scope>com::francesco::rubrica::Data::Contatto</scope><name>getCompleanno</name></member>
      <member refid="classcom_1_1francesco_1_1rubrica_1_1_data_1_1_contatto_1a71a7b8f2570c594d6c19ccbf32e017c5" prot="public" virt="non-virtual"><scope>com::francesco::rubrica::Data::Contatto</scope><name>getEmail1</name></member>
      <member refid="classcom_1_1francesco_1_1rubrica_1_1_data_1_1_contatto_1adbe46cf9dfcee8aa8738df276dafaf86" prot="public" virt="non-virtual"><scope>com::francesco::rubrica::Data::Contatto</scope><name>getEmail2</name></member>
      <member refid="classcom_1_1francesco_1_1rubrica_1_1_data_1_1_contatto_1abc45fceef8957d3ead42489c8811c89c" prot="public" virt="non-virtual"><scope>com::francesco::rubrica::Data::Contatto</scope><name>getEmail3</name></member>
      <member refid="classcom_1_1francesco_1_1rubrica_1_1_data_1_1_contatto_1a0b3f0e26af95298df85d747edae5020b" prot="public" virt="non-virtual"><scope>com::francesco::rubrica::Data::Contatto</scope><name>getIndirizzo</name></member>
      <member refid="classcom_1_1francesco_1_1rubrica_1_1_data_1_1_contatto_1afb9b396e0c4b253e7e198cceb4fb32c1" prot="public" virt="non-virtual"><scope>com::francesco::rubrica::Data::Contatto</scope><name>getNome</name></member>
      <member refid="classcom_1_1francesco_1_1rubrica_1_1_data_1_1_contatto_1a225bce7bfa3c0312efefec7ca733b7d8" prot="public" virt="non-virtual"><scope>com::francesco::rubrica::Data::Contatto</scope><name>getSocietà</name></member>
      <member refid="classcom_1_1francesco_1_1rubrica_1_1_data_1_1_contatto_1afc016576b53db112129de1bbebcd926e" prot="public" virt="non-virtual"><scope>com::francesco::rubrica::Data::Contatto</scope><name>getTelefono1</name></member>
      <member refid="classcom_1_1francesco_1_1rubrica_1_1_data_1_1_contatto_1a8f7c6737ae615030cac8ed0fb18fcd27" prot="public" virt="non-virtual"><scope>com::francesco::rubrica::Data::Contatto</scope><name>getTelefono2</name></member>
      <member refid="classcom_1_1francesco_1_1rubrica_1_1_data_1_1_contatto_1a229ff72a6893429e689f2a33e516b55d" prot="public" virt="non-virtual"><scope>com::francesco::rubrica::Data::Contatto</scope><name>getTelefono3</name></member>
      <member refid="classcom_1_1francesco_1_1rubrica_1_1_data_1_1_contatto_1a37a2ecad1cb6f044bfc82575816db592" prot="private" virt="non-virtual"><scope>com::francesco::rubrica::Data::Contatto</scope><name>indirizzo</name></member>
      <member refid="classcom_1_1francesco_1_1rubrica_1_1_data_1_1_contatto_1ab7381bc683c3fcf59ab670401a674ca6" prot="public" virt="non-virtual"><scope>com::francesco::rubrica::Data::Contatto</scope><name>isValidEmail</name></member>
      <member refid="classcom_1_1francesco_1_1rubrica_1_1_data_1_1_contatto_1abdc1bb18f1a33e1e752c66c8076c92a8" prot="public" virt="non-virtual"><scope>com::francesco::rubrica::Data::Contatto</scope><name>isValidPhoneNumber</name></member>
      <member refid="classcom_1_1francesco_1_1rubrica_1_1_data_1_1_contatto_1a42c1ae9ba4985ac8a3287dbb009ce898" prot="private" virt="non-virtual"><scope>com::francesco::rubrica::Data::Contatto</scope><name>nome</name></member>
      <member refid="classcom_1_1francesco_1_1rubrica_1_1_data_1_1_contatto_1a0c6cfc79865cbb7c1569e6f3f16d8da8" prot="public" virt="non-virtual"><scope>com::francesco::rubrica::Data::Contatto</scope><name>setCognome</name></member>
      <member refid="classcom_1_1francesco_1_1rubrica_1_1_data_1_1_contatto_1a8de45b1da0fad344ebe9f980e504ba89" prot="public" virt="non-virtual"><scope>com::francesco::rubrica::Data::Contatto</scope><name>setCompleanno</name></member>
      <member refid="classcom_1_1francesco_1_1rubrica_1_1_data_1_1_contatto_1acebaa4e103aa15be9751d4c6db83e9f0" prot="public" virt="non-virtual"><scope>com::francesco::rubrica::Data::Contatto</scope><name>setEmail1</name></member>
      <member refid="classcom_1_1francesco_1_1rubrica_1_1_data_1_1_contatto_1a74536a2c5771b103c3a4d76d66d3076b" prot="public" virt="non-virtual"><scope>com::francesco::rubrica::Data::Contatto</scope><name>setEmail2</name></member>
      <member refid="classcom_1_1francesco_1_1rubrica_1_1_data_1_1_contatto_1a2386462d5235c6fc139aaf0cf314ee50" prot="public" virt="non-virtual"><scope>com::francesco::rubrica::Data::Contatto</scope><name>setEmail3</name></member>
      <member refid="classcom_1_1francesco_1_1rubrica_1_1_data_1_1_contatto_1a0c5fad3b939ba0b34fb9acbb3a3abdfe" prot="public" virt="non-virtual"><scope>com::francesco::rubrica::Data::Contatto</scope><name>setIndirizzo</name></member>
      <member refid="classcom_1_1francesco_1_1rubrica_1_1_data_1_1_contatto_1a18be03cff3e4281397dca0b5a0eeefa6" prot="public" virt="non-virtual"><scope>com::francesco::rubrica::Data::Contatto</scope><name>setNome</name></member>
      <member refid="classcom_1_1francesco_1_1rubrica_1_1_data_1_1_contatto_1aa681229afe412225d03979230f40a7f1" prot="public" virt="non-virtual"><scope>com::francesco::rubrica::Data::Contatto</scope><name>setSocietà</name></member>
      <member refid="classcom_1_1francesco_1_1rubrica_1_1_data_1_1_contatto_1a9c82e63d5220e0225fc416afac294f84" prot="public" virt="non-virtual"><scope>com::francesco::rubrica::Data::Contatto</scope><name>setTelefono1</name></member>
      <member refid="classcom_1_1francesco_1_1rubrica_1_1_data_1_1_contatto_1a6d956d88bf96981712cb9118ac085943" prot="public" virt="non-virtual"><scope>com::francesco::rubrica::Data::Contatto</scope><name>setTelefono2</name></member>
      <member refid="classcom_1_1francesco_1_1rubrica_1_1_data_1_1_contatto_1ae7adc03806ee3fea17ecf0c3b8521d46" prot="public" virt="non-virtual"><scope>com::francesco::rubrica::Data::Contatto</scope><name>setTelefono3</name></member>
      <member refid="classcom_1_1francesco_1_1rubrica_1_1_data_1_1_contatto_1acae0c2e14e697cb290d813ac15f2ba36" prot="private" virt="non-virtual"><scope>com::francesco::rubrica::Data::Contatto</scope><name>società</name></member>
      <member refid="classcom_1_1francesco_1_1rubrica_1_1_data_1_1_contatto_1a19b0ae8bca5ee75b19957dce5d18459c" prot="private" virt="non-virtual"><scope>com::francesco::rubrica::Data::Contatto</scope><name>telefono1</name></member>
      <member refid="classcom_1_1francesco_1_1rubrica_1_1_data_1_1_contatto_1a994db6a9660e85bb847cf05c5799a5e4" prot="private" virt="non-virtual"><scope>com::francesco::rubrica::Data::Contatto</scope><name>telefono2</name></member>
      <member refid="classcom_1_1francesco_1_1rubrica_1_1_data_1_1_contatto_1a75fc9e86b88d16471f0746efb0d34b59" prot="private" virt="non-virtual"><scope>com::francesco::rubrica::Data::Contatto</scope><name>telefono3</name></member>
    </listofallmembers>
  </compounddef>
</doxygen>
