<?xml version='1.0' encoding='UTF-8' standalone='no'?>
<doxygen xmlns:xsi="http://www.w3.org/2001/XMLSchema-instance" xsi:noNamespaceSchemaLocation="compound.xsd" version="1.12.0" xml:lang="it">
  <compounddef id="classcom_1_1francesco_1_1rubrica_1_1_interface_1_1_visualizza_singolo_contatto_controller" kind="class" language="Java" prot="public">
    <compoundname>com::francesco::rubrica::Interface::VisualizzaSingoloContattoController</compoundname>
    <basecompoundref prot="public" virt="non-virtual">Initializable</basecompoundref>
    <sectiondef kind="private-attrib">
      <memberdef kind="variable" id="classcom_1_1francesco_1_1rubrica_1_1_interface_1_1_visualizza_singolo_contatto_controller_1a0f685e0e04e5703acbb523296a7ae039" prot="private" static="no" mutable="no">
        <type>Label</type>
        <definition>Label com.francesco.rubrica.Interface.VisualizzaSingoloContattoController.nameContent</definition>
        <argsstring></argsstring>
        <name>nameContent</name>
        <qualifiedname>com.francesco.rubrica.Interface.VisualizzaSingoloContattoController.nameContent</qualifiedname>
        <briefdescription>
<para>Etichetta per mostrare il nome del contatto. </para>
        </briefdescription>
        <detaileddescription>
        </detaileddescription>
        <inbodydescription>
        </inbodydescription>
        <location file="VisualizzaSingoloContattoController.java" line="39" column="19" bodyfile="VisualizzaSingoloContattoController.java" bodystart="39" bodyend="-1"/>
      </memberdef>
      <memberdef kind="variable" id="classcom_1_1francesco_1_1rubrica_1_1_interface_1_1_visualizza_singolo_contatto_controller_1aab2053cf7f98ddba661af114f8a2cf69" prot="private" static="no" mutable="no">
        <type>Label</type>
        <definition>Label com.francesco.rubrica.Interface.VisualizzaSingoloContattoController.surnameContent</definition>
        <argsstring></argsstring>
        <name>surnameContent</name>
        <qualifiedname>com.francesco.rubrica.Interface.VisualizzaSingoloContattoController.surnameContent</qualifiedname>
        <briefdescription>
<para>Etichetta per mostrare il cognome del contatto. </para>
        </briefdescription>
        <detaileddescription>
        </detaileddescription>
        <inbodydescription>
        </inbodydescription>
        <location file="VisualizzaSingoloContattoController.java" line="45" column="19" bodyfile="VisualizzaSingoloContattoController.java" bodystart="45" bodyend="-1"/>
      </memberdef>
      <memberdef kind="variable" id="classcom_1_1francesco_1_1rubrica_1_1_interface_1_1_visualizza_singolo_contatto_controller_1a7231392833d408ad569acd2ee2c1d7f2" prot="private" static="no" mutable="no">
        <type>Label</type>
        <definition>Label com.francesco.rubrica.Interface.VisualizzaSingoloContattoController.birthdayContent</definition>
        <argsstring></argsstring>
        <name>birthdayContent</name>
        <qualifiedname>com.francesco.rubrica.Interface.VisualizzaSingoloContattoController.birthdayContent</qualifiedname>
        <briefdescription>
<para>Etichetta per mostrare la data di nascita del contatto. </para>
        </briefdescription>
        <detaileddescription>
        </detaileddescription>
        <inbodydescription>
        </inbodydescription>
        <location file="VisualizzaSingoloContattoController.java" line="51" column="19" bodyfile="VisualizzaSingoloContattoController.java" bodystart="51" bodyend="-1"/>
      </memberdef>
      <memberdef kind="variable" id="classcom_1_1francesco_1_1rubrica_1_1_interface_1_1_visualizza_singolo_contatto_controller_1a3b8e9f284510e53cd6cff5c72abe8a59" prot="private" static="no" mutable="no">
        <type>Label</type>
        <definition>Label com.francesco.rubrica.Interface.VisualizzaSingoloContattoController.companyContent</definition>
        <argsstring></argsstring>
        <name>companyContent</name>
        <qualifiedname>com.francesco.rubrica.Interface.VisualizzaSingoloContattoController.companyContent</qualifiedname>
        <briefdescription>
<para>Etichetta per mostrare il nome dell&apos;azienda del contatto. </para>
        </briefdescription>
        <detaileddescription>
        </detaileddescription>
        <inbodydescription>
        </inbodydescription>
        <location file="VisualizzaSingoloContattoController.java" line="57" column="19" bodyfile="VisualizzaSingoloContattoController.java" bodystart="57" bodyend="-1"/>
      </memberdef>
      <memberdef kind="variable" id="classcom_1_1francesco_1_1rubrica_1_1_interface_1_1_visualizza_singolo_contatto_controller_1a66a7ebc9dfbd37c14c41ceba9bb16fd7" prot="private" static="no" mutable="no">
        <type>Label</type>
        <definition>Label com.francesco.rubrica.Interface.VisualizzaSingoloContattoController.numberContent1</definition>
        <argsstring></argsstring>
        <name>numberContent1</name>
        <qualifiedname>com.francesco.rubrica.Interface.VisualizzaSingoloContattoController.numberContent1</qualifiedname>
        <briefdescription>
<para>Etichetta per mostrare il primo numero di telefono del contatto. </para>
        </briefdescription>
        <detaileddescription>
        </detaileddescription>
        <inbodydescription>
        </inbodydescription>
        <location file="VisualizzaSingoloContattoController.java" line="63" column="19" bodyfile="VisualizzaSingoloContattoController.java" bodystart="63" bodyend="-1"/>
      </memberdef>
      <memberdef kind="variable" id="classcom_1_1francesco_1_1rubrica_1_1_interface_1_1_visualizza_singolo_contatto_controller_1ac66311e1eebde3ad0dddb3f0703813d3" prot="private" static="no" mutable="no">
        <type>Label</type>
        <definition>Label com.francesco.rubrica.Interface.VisualizzaSingoloContattoController.numberContent2</definition>
        <argsstring></argsstring>
        <name>numberContent2</name>
        <qualifiedname>com.francesco.rubrica.Interface.VisualizzaSingoloContattoController.numberContent2</qualifiedname>
        <briefdescription>
<para>Etichetta per mostrare il secondo numero di telefono del contatto. </para>
        </briefdescription>
        <detaileddescription>
        </detaileddescription>
        <inbodydescription>
        </inbodydescription>
        <location file="VisualizzaSingoloContattoController.java" line="69" column="19" bodyfile="VisualizzaSingoloContattoController.java" bodystart="69" bodyend="-1"/>
      </memberdef>
      <memberdef kind="variable" id="classcom_1_1francesco_1_1rubrica_1_1_interface_1_1_visualizza_singolo_contatto_controller_1a9a6c14a1de7924959de6c0f5874cac24" prot="private" static="no" mutable="no">
        <type>Label</type>
        <definition>Label com.francesco.rubrica.Interface.VisualizzaSingoloContattoController.numberContent3</definition>
        <argsstring></argsstring>
        <name>numberContent3</name>
        <qualifiedname>com.francesco.rubrica.Interface.VisualizzaSingoloContattoController.numberContent3</qualifiedname>
        <briefdescription>
<para>Etichetta per mostrare il terzo numero di telefono del contatto. </para>
        </briefdescription>
        <detaileddescription>
        </detaileddescription>
        <inbodydescription>
        </inbodydescription>
        <location file="VisualizzaSingoloContattoController.java" line="75" column="19" bodyfile="VisualizzaSingoloContattoController.java" bodystart="75" bodyend="-1"/>
      </memberdef>
      <memberdef kind="variable" id="classcom_1_1francesco_1_1rubrica_1_1_interface_1_1_visualizza_singolo_contatto_controller_1a5ea5b77494bc695cd43d0200ba58e131" prot="private" static="no" mutable="no">
        <type>Label</type>
        <definition>Label com.francesco.rubrica.Interface.VisualizzaSingoloContattoController.emailContent1</definition>
        <argsstring></argsstring>
        <name>emailContent1</name>
        <qualifiedname>com.francesco.rubrica.Interface.VisualizzaSingoloContattoController.emailContent1</qualifiedname>
        <briefdescription>
<para>Etichetta per mostrare la prima email del contatto. </para>
        </briefdescription>
        <detaileddescription>
        </detaileddescription>
        <inbodydescription>
        </inbodydescription>
        <location file="VisualizzaSingoloContattoController.java" line="81" column="19" bodyfile="VisualizzaSingoloContattoController.java" bodystart="81" bodyend="-1"/>
      </memberdef>
      <memberdef kind="variable" id="classcom_1_1francesco_1_1rubrica_1_1_interface_1_1_visualizza_singolo_contatto_controller_1af25c2f551e6418f278e10dfba402da30" prot="private" static="no" mutable="no">
        <type>Label</type>
        <definition>Label com.francesco.rubrica.Interface.VisualizzaSingoloContattoController.emailContent2</definition>
        <argsstring></argsstring>
        <name>emailContent2</name>
        <qualifiedname>com.francesco.rubrica.Interface.VisualizzaSingoloContattoController.emailContent2</qualifiedname>
        <briefdescription>
<para>Etichetta per mostrare la seconda email del contatto. </para>
        </briefdescription>
        <detaileddescription>
        </detaileddescription>
        <inbodydescription>
        </inbodydescription>
        <location file="VisualizzaSingoloContattoController.java" line="87" column="19" bodyfile="VisualizzaSingoloContattoController.java" bodystart="87" bodyend="-1"/>
      </memberdef>
      <memberdef kind="variable" id="classcom_1_1francesco_1_1rubrica_1_1_interface_1_1_visualizza_singolo_contatto_controller_1abad902bcaa48164c6c6c05ef269f3592" prot="private" static="no" mutable="no">
        <type>Label</type>
        <definition>Label com.francesco.rubrica.Interface.VisualizzaSingoloContattoController.emailContent3</definition>
        <argsstring></argsstring>
        <name>emailContent3</name>
        <qualifiedname>com.francesco.rubrica.Interface.VisualizzaSingoloContattoController.emailContent3</qualifiedname>
        <briefdescription>
<para>Etichetta per mostrare la terza email del contatto. </para>
        </briefdescription>
        <detaileddescription>
        </detaileddescription>
        <inbodydescription>
        </inbodydescription>
        <location file="VisualizzaSingoloContattoController.java" line="93" column="19" bodyfile="VisualizzaSingoloContattoController.java" bodystart="93" bodyend="-1"/>
      </memberdef>
      <memberdef kind="variable" id="classcom_1_1francesco_1_1rubrica_1_1_interface_1_1_visualizza_singolo_contatto_controller_1a5f03ab9f3969b9d1f1e57ae00aa26049" prot="private" static="no" mutable="no">
        <type>Label</type>
        <definition>Label com.francesco.rubrica.Interface.VisualizzaSingoloContattoController.addressContent</definition>
        <argsstring></argsstring>
        <name>addressContent</name>
        <qualifiedname>com.francesco.rubrica.Interface.VisualizzaSingoloContattoController.addressContent</qualifiedname>
        <briefdescription>
<para>Etichetta per mostrare l&apos;indirizzo del contatto. </para>
        </briefdescription>
        <detaileddescription>
        </detaileddescription>
        <inbodydescription>
        </inbodydescription>
        <location file="VisualizzaSingoloContattoController.java" line="99" column="19" bodyfile="VisualizzaSingoloContattoController.java" bodystart="99" bodyend="-1"/>
      </memberdef>
      <memberdef kind="variable" id="classcom_1_1francesco_1_1rubrica_1_1_interface_1_1_visualizza_singolo_contatto_controller_1a5158d69777261cf23004f371030f13e5" prot="private" static="no" mutable="no">
        <type>Button</type>
        <definition>Button com.francesco.rubrica.Interface.VisualizzaSingoloContattoController.modifyButton</definition>
        <argsstring></argsstring>
        <name>modifyButton</name>
        <qualifiedname>com.francesco.rubrica.Interface.VisualizzaSingoloContattoController.modifyButton</qualifiedname>
        <briefdescription>
<para>Pulsante per aprire la finestra di modifica del contatto. </para>
        </briefdescription>
        <detaileddescription>
        </detaileddescription>
        <inbodydescription>
        </inbodydescription>
        <location file="VisualizzaSingoloContattoController.java" line="105" column="20" bodyfile="VisualizzaSingoloContattoController.java" bodystart="105" bodyend="-1"/>
      </memberdef>
      <memberdef kind="variable" id="classcom_1_1francesco_1_1rubrica_1_1_interface_1_1_visualizza_singolo_contatto_controller_1a459f4cbb7a73b41320d7d19121af9475" prot="private" static="no" mutable="no">
        <type>Button</type>
        <definition>Button com.francesco.rubrica.Interface.VisualizzaSingoloContattoController.deleteButton</definition>
        <argsstring></argsstring>
        <name>deleteButton</name>
        <qualifiedname>com.francesco.rubrica.Interface.VisualizzaSingoloContattoController.deleteButton</qualifiedname>
        <briefdescription>
<para>Pulsante per eliminare il contatto. </para>
        </briefdescription>
        <detaileddescription>
        </detaileddescription>
        <inbodydescription>
        </inbodydescription>
        <location file="VisualizzaSingoloContattoController.java" line="111" column="20" bodyfile="VisualizzaSingoloContattoController.java" bodystart="111" bodyend="-1"/>
      </memberdef>
      <memberdef kind="variable" id="classcom_1_1francesco_1_1rubrica_1_1_interface_1_1_visualizza_singolo_contatto_controller_1ac39aeea7aa9d0e2a38418e2c07aa1b05" prot="private" static="no" mutable="no">
        <type>Button</type>
        <definition>Button com.francesco.rubrica.Interface.VisualizzaSingoloContattoController.returnButton</definition>
        <argsstring></argsstring>
        <name>returnButton</name>
        <qualifiedname>com.francesco.rubrica.Interface.VisualizzaSingoloContattoController.returnButton</qualifiedname>
        <briefdescription>
<para>Pulsante per tornare alla visualizzazione della rubrica. </para>
        </briefdescription>
        <detaileddescription>
        </detaileddescription>
        <inbodydescription>
        </inbodydescription>
        <location file="VisualizzaSingoloContattoController.java" line="117" column="20" bodyfile="VisualizzaSingoloContattoController.java" bodystart="117" bodyend="-1"/>
      </memberdef>
      <memberdef kind="variable" id="classcom_1_1francesco_1_1rubrica_1_1_interface_1_1_visualizza_singolo_contatto_controller_1aeb721d05cfef0db8793c4003a8525cfc" prot="private" static="no" mutable="no">
        <type><ref refid="classcom_1_1francesco_1_1rubrica_1_1_data_1_1_contatto" kindref="compound">Contatto</ref></type>
        <definition>Contatto com.francesco.rubrica.Interface.VisualizzaSingoloContattoController.contatto</definition>
        <argsstring></argsstring>
        <name>contatto</name>
        <qualifiedname>com.francesco.rubrica.Interface.VisualizzaSingoloContattoController.contatto</qualifiedname>
        <briefdescription>
<para>Oggetto <computeroutput>Contatto</computeroutput> che contiene i dati del contatto selezionato. </para>
        </briefdescription>
        <detaileddescription>
<para><simplesect kind="invariant"><para><computeroutput>contatto</computeroutput> deve essere inizializzato prima di utilizzarlo nei metodi. </para>
</simplesect>
</para>
        </detaileddescription>
        <inbodydescription>
        </inbodydescription>
        <location file="VisualizzaSingoloContattoController.java" line="123" column="22" bodyfile="VisualizzaSingoloContattoController.java" bodystart="123" bodyend="-1"/>
      </memberdef>
    </sectiondef>
    <sectiondef kind="public-func">
      <memberdef kind="function" id="classcom_1_1francesco_1_1rubrica_1_1_interface_1_1_visualizza_singolo_contatto_controller_1ad8b9ffb3d5cfdc2b49aa75186e9d7360" prot="public" static="no" const="no" explicit="no" inline="yes" virt="non-virtual">
        <type>void</type>
        <definition>void com.francesco.rubrica.Interface.VisualizzaSingoloContattoController.initialize</definition>
        <argsstring>(URL url, ResourceBundle rb)</argsstring>
        <name>initialize</name>
        <qualifiedname>com.francesco.rubrica.Interface.VisualizzaSingoloContattoController.initialize</qualifiedname>
        <param>
          <type>URL</type>
          <declname>url</declname>
        </param>
        <param>
          <type>ResourceBundle</type>
          <declname>rb</declname>
        </param>
        <briefdescription>
<para>Inizializza Controller. </para>
        </briefdescription>
        <detaileddescription>
<para><parameterlist kind="param"><parameteritem>
<parameternamelist>
<parametername>url</parametername>
</parameternamelist>
<parameterdescription>
<para>URL per l&apos;inizializzazione del Interface.fxml.controller. </para>
</parameterdescription>
</parameteritem>
<parameteritem>
<parameternamelist>
<parametername>rb</parametername>
</parameternamelist>
<parameterdescription>
<para>ResourceBundle per la localizzazione. </para>
</parameterdescription>
</parameteritem>
</parameterlist>
<simplesect kind="invariant"><para>Dopo l&apos;inizializzazione, tutti i campi grafici devono essere non null. Questo metodo viene chiamato automaticamente per inizializzare i componenti FXML al caricamento della scena. </para>
</simplesect>
</para>
        </detaileddescription>
        <inbodydescription>
        </inbodydescription>
        <location file="VisualizzaSingoloContattoController.java" line="134" column="17" bodyfile="VisualizzaSingoloContattoController.java" bodystart="134" bodyend="136"/>
      </memberdef>
      <memberdef kind="function" id="classcom_1_1francesco_1_1rubrica_1_1_interface_1_1_visualizza_singolo_contatto_controller_1a18c6b290a12db5e14f40f2aed9237e83" prot="public" static="no" const="no" explicit="no" inline="yes" virt="non-virtual">
        <type>void</type>
        <definition>void com.francesco.rubrica.Interface.VisualizzaSingoloContattoController.setContatto</definition>
        <argsstring>(Contatto contatto)</argsstring>
        <name>setContatto</name>
        <qualifiedname>com.francesco.rubrica.Interface.VisualizzaSingoloContattoController.setContatto</qualifiedname>
        <param>
          <type><ref refid="classcom_1_1francesco_1_1rubrica_1_1_data_1_1_contatto" kindref="compound">Contatto</ref></type>
          <declname>contatto</declname>
        </param>
        <briefdescription>
<para>Imposta i dati del contatto da visualizzare. </para>
        </briefdescription>
        <detaileddescription>
<para><parameterlist kind="param"><parameteritem>
<parameternamelist>
<parametername>contatto</parametername>
</parameternamelist>
<parameterdescription>
<para>Il contatto da visualizzare. </para>
</parameterdescription>
</parameteritem>
</parameterlist>
<simplesect kind="post"><para>I dettagli del contatto vengono visualizzati nei rispettivi campi. </para>
</simplesect>
</para>
        </detaileddescription>
        <inbodydescription>
        </inbodydescription>
        <location file="VisualizzaSingoloContattoController.java" line="142" column="17" bodyfile="VisualizzaSingoloContattoController.java" bodystart="142" bodyend="155"/>
      </memberdef>
      <memberdef kind="function" id="classcom_1_1francesco_1_1rubrica_1_1_interface_1_1_visualizza_singolo_contatto_controller_1ace5de023a9087357be1bab627c5c163e" prot="public" static="no" const="no" explicit="no" inline="yes" virt="non-virtual">
        <type>void</type>
        <definition>void com.francesco.rubrica.Interface.VisualizzaSingoloContattoController.aggiornaDatiContatto</definition>
        <argsstring>()</argsstring>
        <name>aggiornaDatiContatto</name>
        <qualifiedname>com.francesco.rubrica.Interface.VisualizzaSingoloContattoController.aggiornaDatiContatto</qualifiedname>
        <briefdescription>
<para>Aggiorna i dettagli del contatto visualizzato. </para>
        </briefdescription>
        <detaileddescription>
<para><simplesect kind="post"><para>I dettagli del contatto vengono aggiornati nei rispettivi campi. </para>
</simplesect>
</para>
        </detaileddescription>
        <inbodydescription>
        </inbodydescription>
        <location file="VisualizzaSingoloContattoController.java" line="160" column="17" bodyfile="VisualizzaSingoloContattoController.java" bodystart="160" bodyend="174"/>
      </memberdef>
      <memberdef kind="function" id="classcom_1_1francesco_1_1rubrica_1_1_interface_1_1_visualizza_singolo_contatto_controller_1a77fead035d90d5ae923701e23c672b6e" prot="public" static="no" const="no" explicit="no" inline="yes" virt="non-virtual">
        <type>void</type>
        <definition>void com.francesco.rubrica.Interface.VisualizzaSingoloContattoController.displayModificaContatto</definition>
        <argsstring>(ActionEvent event)</argsstring>
        <name>displayModificaContatto</name>
        <qualifiedname>com.francesco.rubrica.Interface.VisualizzaSingoloContattoController.displayModificaContatto</qualifiedname>
        <param>
          <type>ActionEvent</type>
          <declname>event</declname>
        </param>
        <exceptions> throws IOException </exceptions>
        <briefdescription>
<para>Apre la finestra per modificare il contatto selezionato. </para>
        </briefdescription>
        <detaileddescription>
<para><parameterlist kind="param"><parameteritem>
<parameternamelist>
<parametername>event</parametername>
</parameternamelist>
<parameterdescription>
<para>L&apos;evento che ha scatenato l&apos;azione(Il tasto &quot;Modifica&quot;). </para>
</parameterdescription>
</parameteritem>
</parameterlist>
<simplesect kind="pre"><para>L&apos;utente ha selezionato un contatto della rubrica. </para>
</simplesect>
<simplesect kind="post"><para>Si apre l&apos;interfaccia &quot;ModificaContatto&quot; Metodo che permette all&apos;utente di passare alla finestra di modifica del contatto attualmente visualizzato. </para>
</simplesect>
<parameterlist kind="exception"><parameteritem>
<parameternamelist>
<parametername>IOException</parametername>
</parameternamelist>
<parameterdescription>
<para></para>
</parameterdescription>
</parameteritem>
</parameterlist>
</para>
        </detaileddescription>
        <inbodydescription>
        </inbodydescription>
        <location file="VisualizzaSingoloContattoController.java" line="212" column="17" bodyfile="VisualizzaSingoloContattoController.java" bodystart="212" bodyend="226"/>
      </memberdef>
      <memberdef kind="function" id="classcom_1_1francesco_1_1rubrica_1_1_interface_1_1_visualizza_singolo_contatto_controller_1a0b8e5657281561eef1b4cc88d3caf610" prot="public" static="no" const="no" explicit="no" inline="yes" virt="non-virtual">
        <type>void</type>
        <definition>void com.francesco.rubrica.Interface.VisualizzaSingoloContattoController.eliminaContatto</definition>
        <argsstring>(ActionEvent event)</argsstring>
        <name>eliminaContatto</name>
        <qualifiedname>com.francesco.rubrica.Interface.VisualizzaSingoloContattoController.eliminaContatto</qualifiedname>
        <param>
          <type>ActionEvent</type>
          <declname>event</declname>
        </param>
        <briefdescription>
<para>Elimina il contatto visualizzato. </para>
        </briefdescription>
        <detaileddescription>
<para><parameterlist kind="param"><parameteritem>
<parameternamelist>
<parametername>event</parametername>
</parameternamelist>
<parameterdescription>
<para>L&apos;evento che ha scatenato l&apos;azione(Il tasto &quot;Elimina&quot;). </para>
</parameterdescription>
</parameteritem>
</parameterlist>
<simplesect kind="pre"><para>L&apos;utente ha selezionato un contatto dalla rubrica. </para>
</simplesect>
<simplesect kind="post"><para>Il contatto viene rimosso dalla rubrica e la rubrica è aggiornata. </para>
</simplesect>
<simplesect kind="see"><para><ref refid="classcom_1_1francesco_1_1rubrica_1_1_data_1_1_rubrica_1a660195890ce6f9f27811b497266c499d" kindref="member">Rubrica.eliminaContatto(Contatto c)</ref>. </para>
</simplesect>
</para>
        </detaileddescription>
        <inbodydescription>
        </inbodydescription>
        <location file="VisualizzaSingoloContattoController.java" line="235" column="17" bodyfile="VisualizzaSingoloContattoController.java" bodystart="235" bodyend="251"/>
      </memberdef>
    </sectiondef>
    <sectiondef kind="private-func">
      <memberdef kind="function" id="classcom_1_1francesco_1_1rubrica_1_1_interface_1_1_visualizza_singolo_contatto_controller_1aea171862642f2c3aa4e5944f6a78d9cd" prot="private" static="no" const="no" explicit="no" inline="yes" virt="non-virtual">
        <type>void</type>
        <definition>void com.francesco.rubrica.Interface.VisualizzaSingoloContattoController.displayMainInterface</definition>
        <argsstring>(ActionEvent event)</argsstring>
        <name>displayMainInterface</name>
        <qualifiedname>com.francesco.rubrica.Interface.VisualizzaSingoloContattoController.displayMainInterface</qualifiedname>
        <param>
          <type>ActionEvent</type>
          <declname>event</declname>
        </param>
        <briefdescription>
<para>Chiude la finestra per tornare alla MainInterface. </para>
        </briefdescription>
        <detaileddescription>
<para><parameterlist kind="param"><parameteritem>
<parameternamelist>
<parametername>event</parametername>
</parameternamelist>
<parameterdescription>
<para>L&apos;evento che ha scatenato l&apos;azione(Il tasto &quot;X&quot;). </para>
</parameterdescription>
</parameteritem>
</parameterlist>
<simplesect kind="pre"><para>L&apos;utente ha selezionato un contatto della rubrica. </para>
</simplesect>
<simplesect kind="post"><para>Si chiude l&apos;interfaccia &quot;ModificaContattoController&quot; per tornare alla&quot;MainInterfaceController&quot;. Metodo che permette all&apos;utente di passare alla finestra principale dal contatto attualmente visualizzato. </para>
</simplesect>
<parameterlist kind="exception"><parameteritem>
<parameternamelist>
<parametername>IOException</parametername>
</parameternamelist>
<parameterdescription>
<para></para>
</parameterdescription>
</parameteritem>
</parameterlist>
</para>
        </detaileddescription>
        <inbodydescription>
        </inbodydescription>
        <location file="VisualizzaSingoloContattoController.java" line="185" column="18" bodyfile="VisualizzaSingoloContattoController.java" bodystart="185" bodyend="200"/>
      </memberdef>
    </sectiondef>
    <briefdescription>
<para>Classe FXML Controller per visualizzare i dettagli di un singolo contatto. </para>
    </briefdescription>
    <detaileddescription>
<para><simplesect kind="invariant"><para>Il contatto selezionato deve essere sempre valido (non null e con dati consistenti). </para>
</simplesect>
<simplesect kind="invariant"><para>Tutti i campi grafici (es. <computeroutput>nameContent</computeroutput>, <computeroutput>surnameContent</computeroutput>, ecc.) devono essere inizializzati correttamente. </para>
</simplesect>
<simplesect kind="invariant"><para>La visualizzazione del contatto deve essere sincronizzata con lo stato della rubrica. Fornisce metodi per gestire l&apos;interazione con i dettagli di un contatto selezionato e permette di modificarlo, eliminarlo o tornare indietro. </para>
</simplesect>
</para>
    </detaileddescription>
    <inheritancegraph>
      <node id="1">
        <label>com.francesco.rubrica.Interface.VisualizzaSingoloContattoController</label>
        <link refid="classcom_1_1francesco_1_1rubrica_1_1_interface_1_1_visualizza_singolo_contatto_controller"/>
        <childnode refid="2" relation="public-inheritance">
        </childnode>
      </node>
      <node id="2">
        <label>Initializable</label>
      </node>
    </inheritancegraph>
    <collaborationgraph>
      <node id="1">
        <label>com.francesco.rubrica.Interface.VisualizzaSingoloContattoController</label>
        <link refid="classcom_1_1francesco_1_1rubrica_1_1_interface_1_1_visualizza_singolo_contatto_controller"/>
        <childnode refid="2" relation="public-inheritance">
        </childnode>
      </node>
      <node id="2">
        <label>Initializable</label>
      </node>
    </collaborationgraph>
    <location file="VisualizzaSingoloContattoController.java" line="33" column="7" bodyfile="VisualizzaSingoloContattoController.java" bodystart="33" bodyend="253"/>
    <listofallmembers>
      <member refid="classcom_1_1francesco_1_1rubrica_1_1_interface_1_1_visualizza_singolo_contatto_controller_1a5f03ab9f3969b9d1f1e57ae00aa26049" prot="private" virt="non-virtual"><scope>com::francesco::rubrica::Interface::VisualizzaSingoloContattoController</scope><name>addressContent</name></member>
      <member refid="classcom_1_1francesco_1_1rubrica_1_1_interface_1_1_visualizza_singolo_contatto_controller_1ace5de023a9087357be1bab627c5c163e" prot="public" virt="non-virtual"><scope>com::francesco::rubrica::Interface::VisualizzaSingoloContattoController</scope><name>aggiornaDatiContatto</name></member>
      <member refid="classcom_1_1francesco_1_1rubrica_1_1_interface_1_1_visualizza_singolo_contatto_controller_1a7231392833d408ad569acd2ee2c1d7f2" prot="private" virt="non-virtual"><scope>com::francesco::rubrica::Interface::VisualizzaSingoloContattoController</scope><name>birthdayContent</name></member>
      <member refid="classcom_1_1francesco_1_1rubrica_1_1_interface_1_1_visualizza_singolo_contatto_controller_1a3b8e9f284510e53cd6cff5c72abe8a59" prot="private" virt="non-virtual"><scope>com::francesco::rubrica::Interface::VisualizzaSingoloContattoController</scope><name>companyContent</name></member>
      <member refid="classcom_1_1francesco_1_1rubrica_1_1_interface_1_1_visualizza_singolo_contatto_controller_1aeb721d05cfef0db8793c4003a8525cfc" prot="private" virt="non-virtual"><scope>com::francesco::rubrica::Interface::VisualizzaSingoloContattoController</scope><name>contatto</name></member>
      <member refid="classcom_1_1francesco_1_1rubrica_1_1_interface_1_1_visualizza_singolo_contatto_controller_1a459f4cbb7a73b41320d7d19121af9475" prot="private" virt="non-virtual"><scope>com::francesco::rubrica::Interface::VisualizzaSingoloContattoController</scope><name>deleteButton</name></member>
      <member refid="classcom_1_1francesco_1_1rubrica_1_1_interface_1_1_visualizza_singolo_contatto_controller_1aea171862642f2c3aa4e5944f6a78d9cd" prot="private" virt="non-virtual"><scope>com::francesco::rubrica::Interface::VisualizzaSingoloContattoController</scope><name>displayMainInterface</name></member>
      <member refid="classcom_1_1francesco_1_1rubrica_1_1_interface_1_1_visualizza_singolo_contatto_controller_1a77fead035d90d5ae923701e23c672b6e" prot="public" virt="non-virtual"><scope>com::francesco::rubrica::Interface::VisualizzaSingoloContattoController</scope><name>displayModificaContatto</name></member>
      <member refid="classcom_1_1francesco_1_1rubrica_1_1_interface_1_1_visualizza_singolo_contatto_controller_1a0b8e5657281561eef1b4cc88d3caf610" prot="public" virt="non-virtual"><scope>com::francesco::rubrica::Interface::VisualizzaSingoloContattoController</scope><name>eliminaContatto</name></member>
      <member refid="classcom_1_1francesco_1_1rubrica_1_1_interface_1_1_visualizza_singolo_contatto_controller_1a5ea5b77494bc695cd43d0200ba58e131" prot="private" virt="non-virtual"><scope>com::francesco::rubrica::Interface::VisualizzaSingoloContattoController</scope><name>emailContent1</name></member>
      <member refid="classcom_1_1francesco_1_1rubrica_1_1_interface_1_1_visualizza_singolo_contatto_controller_1af25c2f551e6418f278e10dfba402da30" prot="private" virt="non-virtual"><scope>com::francesco::rubrica::Interface::VisualizzaSingoloContattoController</scope><name>emailContent2</name></member>
      <member refid="classcom_1_1francesco_1_1rubrica_1_1_interface_1_1_visualizza_singolo_contatto_controller_1abad902bcaa48164c6c6c05ef269f3592" prot="private" virt="non-virtual"><scope>com::francesco::rubrica::Interface::VisualizzaSingoloContattoController</scope><name>emailContent3</name></member>
      <member refid="classcom_1_1francesco_1_1rubrica_1_1_interface_1_1_visualizza_singolo_contatto_controller_1ad8b9ffb3d5cfdc2b49aa75186e9d7360" prot="public" virt="non-virtual"><scope>com::francesco::rubrica::Interface::VisualizzaSingoloContattoController</scope><name>initialize</name></member>
      <member refid="classcom_1_1francesco_1_1rubrica_1_1_interface_1_1_visualizza_singolo_contatto_controller_1a5158d69777261cf23004f371030f13e5" prot="private" virt="non-virtual"><scope>com::francesco::rubrica::Interface::VisualizzaSingoloContattoController</scope><name>modifyButton</name></member>
      <member refid="classcom_1_1francesco_1_1rubrica_1_1_interface_1_1_visualizza_singolo_contatto_controller_1a0f685e0e04e5703acbb523296a7ae039" prot="private" virt="non-virtual"><scope>com::francesco::rubrica::Interface::VisualizzaSingoloContattoController</scope><name>nameContent</name></member>
      <member refid="classcom_1_1francesco_1_1rubrica_1_1_interface_1_1_visualizza_singolo_contatto_controller_1a66a7ebc9dfbd37c14c41ceba9bb16fd7" prot="private" virt="non-virtual"><scope>com::francesco::rubrica::Interface::VisualizzaSingoloContattoController</scope><name>numberContent1</name></member>
      <member refid="classcom_1_1francesco_1_1rubrica_1_1_interface_1_1_visualizza_singolo_contatto_controller_1ac66311e1eebde3ad0dddb3f0703813d3" prot="private" virt="non-virtual"><scope>com::francesco::rubrica::Interface::VisualizzaSingoloContattoController</scope><name>numberContent2</name></member>
      <member refid="classcom_1_1francesco_1_1rubrica_1_1_interface_1_1_visualizza_singolo_contatto_controller_1a9a6c14a1de7924959de6c0f5874cac24" prot="private" virt="non-virtual"><scope>com::francesco::rubrica::Interface::VisualizzaSingoloContattoController</scope><name>numberContent3</name></member>
      <member refid="classcom_1_1francesco_1_1rubrica_1_1_interface_1_1_visualizza_singolo_contatto_controller_1ac39aeea7aa9d0e2a38418e2c07aa1b05" prot="private" virt="non-virtual"><scope>com::francesco::rubrica::Interface::VisualizzaSingoloContattoController</scope><name>returnButton</name></member>
      <member refid="classcom_1_1francesco_1_1rubrica_1_1_interface_1_1_visualizza_singolo_contatto_controller_1a18c6b290a12db5e14f40f2aed9237e83" prot="public" virt="non-virtual"><scope>com::francesco::rubrica::Interface::VisualizzaSingoloContattoController</scope><name>setContatto</name></member>
      <member refid="classcom_1_1francesco_1_1rubrica_1_1_interface_1_1_visualizza_singolo_contatto_controller_1aab2053cf7f98ddba661af114f8a2cf69" prot="private" virt="non-virtual"><scope>com::francesco::rubrica::Interface::VisualizzaSingoloContattoController</scope><name>surnameContent</name></member>
    </listofallmembers>
  </compounddef>
</doxygen>
