<?xml version='1.0' encoding='UTF-8' standalone='no'?>
<doxygen xmlns:xsi="http://www.w3.org/2001/XMLSchema-instance" xsi:noNamespaceSchemaLocation="compound.xsd" version="1.12.0" xml:lang="it">
  <compounddef id="classcom_1_1francesco_1_1rubrica_1_1_interface_1_1_aggiunta_contatto_controller" kind="class" language="Java" prot="public">
    <compoundname>com::francesco::rubrica::Interface::AggiuntaContattoController</compoundname>
    <basecompoundref prot="public" virt="non-virtual">Initializable</basecompoundref>
    <sectiondef kind="private-attrib">
      <memberdef kind="variable" id="classcom_1_1francesco_1_1rubrica_1_1_interface_1_1_aggiunta_contatto_controller_1a27b643afdef9f685e77a21edb4ea8486" prot="private" static="no" mutable="no">
        <type>TextField</type>
        <definition>TextField com.francesco.rubrica.Interface.AggiuntaContattoController.nameField</definition>
        <argsstring></argsstring>
        <name>nameField</name>
        <qualifiedname>com.francesco.rubrica.Interface.AggiuntaContattoController.nameField</qualifiedname>
        <briefdescription>
<para>Campo per inserire il nome del contatto. </para>
        </briefdescription>
        <detaileddescription>
        </detaileddescription>
        <inbodydescription>
        </inbodydescription>
        <location file="Interface/AggiuntaContattoController.java" line="44" column="23" bodyfile="Interface/AggiuntaContattoController.java" bodystart="44" bodyend="-1"/>
      </memberdef>
      <memberdef kind="variable" id="classcom_1_1francesco_1_1rubrica_1_1_interface_1_1_aggiunta_contatto_controller_1a2805088016c0922b9c416d28116ef612" prot="private" static="no" mutable="no">
        <type>TextField</type>
        <definition>TextField com.francesco.rubrica.Interface.AggiuntaContattoController.surnameField</definition>
        <argsstring></argsstring>
        <name>surnameField</name>
        <qualifiedname>com.francesco.rubrica.Interface.AggiuntaContattoController.surnameField</qualifiedname>
        <briefdescription>
<para>Campo per inserire il cognome del contatto. </para>
        </briefdescription>
        <detaileddescription>
        </detaileddescription>
        <inbodydescription>
        </inbodydescription>
        <location file="Interface/AggiuntaContattoController.java" line="50" column="23" bodyfile="Interface/AggiuntaContattoController.java" bodystart="50" bodyend="-1"/>
      </memberdef>
      <memberdef kind="variable" id="classcom_1_1francesco_1_1rubrica_1_1_interface_1_1_aggiunta_contatto_controller_1ae97c38946ba67ba027242ee29956ea5c" prot="private" static="no" mutable="no">
        <type>DatePicker</type>
        <definition>DatePicker com.francesco.rubrica.Interface.AggiuntaContattoController.birthdayField</definition>
        <argsstring></argsstring>
        <name>birthdayField</name>
        <qualifiedname>com.francesco.rubrica.Interface.AggiuntaContattoController.birthdayField</qualifiedname>
        <briefdescription>
<para>Campo per selezionare la data di nascita del contatto. </para>
        </briefdescription>
        <detaileddescription>
        </detaileddescription>
        <inbodydescription>
        </inbodydescription>
        <location file="Interface/AggiuntaContattoController.java" line="56" column="24" bodyfile="Interface/AggiuntaContattoController.java" bodystart="56" bodyend="-1"/>
      </memberdef>
      <memberdef kind="variable" id="classcom_1_1francesco_1_1rubrica_1_1_interface_1_1_aggiunta_contatto_controller_1af4e45fe4723420747c35f86f47038a77" prot="private" static="no" mutable="no">
        <type>TextField</type>
        <definition>TextField com.francesco.rubrica.Interface.AggiuntaContattoController.companyField</definition>
        <argsstring></argsstring>
        <name>companyField</name>
        <qualifiedname>com.francesco.rubrica.Interface.AggiuntaContattoController.companyField</qualifiedname>
        <briefdescription>
<para>Campo per inserire la società del contatto. </para>
        </briefdescription>
        <detaileddescription>
        </detaileddescription>
        <inbodydescription>
        </inbodydescription>
        <location file="Interface/AggiuntaContattoController.java" line="62" column="23" bodyfile="Interface/AggiuntaContattoController.java" bodystart="62" bodyend="-1"/>
      </memberdef>
      <memberdef kind="variable" id="classcom_1_1francesco_1_1rubrica_1_1_interface_1_1_aggiunta_contatto_controller_1aeb0f743853d9f8f472a284b0d1908198" prot="private" static="no" mutable="no">
        <type>TextField</type>
        <definition>TextField com.francesco.rubrica.Interface.AggiuntaContattoController.numberField1</definition>
        <argsstring></argsstring>
        <name>numberField1</name>
        <qualifiedname>com.francesco.rubrica.Interface.AggiuntaContattoController.numberField1</qualifiedname>
        <briefdescription>
<para>Campo per inserire il primo numero di telefono. </para>
        </briefdescription>
        <detaileddescription>
        </detaileddescription>
        <inbodydescription>
        </inbodydescription>
        <location file="Interface/AggiuntaContattoController.java" line="68" column="23" bodyfile="Interface/AggiuntaContattoController.java" bodystart="68" bodyend="-1"/>
      </memberdef>
      <memberdef kind="variable" id="classcom_1_1francesco_1_1rubrica_1_1_interface_1_1_aggiunta_contatto_controller_1af8e86c963064edae6f96b7a1ff2a2c39" prot="private" static="no" mutable="no">
        <type>TextField</type>
        <definition>TextField com.francesco.rubrica.Interface.AggiuntaContattoController.numberField2</definition>
        <argsstring></argsstring>
        <name>numberField2</name>
        <qualifiedname>com.francesco.rubrica.Interface.AggiuntaContattoController.numberField2</qualifiedname>
        <briefdescription>
<para>Campo per inserire il secondo numero di telefono. </para>
        </briefdescription>
        <detaileddescription>
        </detaileddescription>
        <inbodydescription>
        </inbodydescription>
        <location file="Interface/AggiuntaContattoController.java" line="74" column="23" bodyfile="Interface/AggiuntaContattoController.java" bodystart="74" bodyend="-1"/>
      </memberdef>
      <memberdef kind="variable" id="classcom_1_1francesco_1_1rubrica_1_1_interface_1_1_aggiunta_contatto_controller_1a3a229458d4aa3ca97cfbe3879e2fe7bd" prot="private" static="no" mutable="no">
        <type>TextField</type>
        <definition>TextField com.francesco.rubrica.Interface.AggiuntaContattoController.numberField3</definition>
        <argsstring></argsstring>
        <name>numberField3</name>
        <qualifiedname>com.francesco.rubrica.Interface.AggiuntaContattoController.numberField3</qualifiedname>
        <briefdescription>
<para>Campo per inserire il terzo numero di telefono. </para>
        </briefdescription>
        <detaileddescription>
        </detaileddescription>
        <inbodydescription>
        </inbodydescription>
        <location file="Interface/AggiuntaContattoController.java" line="80" column="23" bodyfile="Interface/AggiuntaContattoController.java" bodystart="80" bodyend="-1"/>
      </memberdef>
      <memberdef kind="variable" id="classcom_1_1francesco_1_1rubrica_1_1_interface_1_1_aggiunta_contatto_controller_1a170f21554b207db2bc4dfba98d74f809" prot="private" static="no" mutable="no">
        <type>TextField</type>
        <definition>TextField com.francesco.rubrica.Interface.AggiuntaContattoController.emailField1</definition>
        <argsstring></argsstring>
        <name>emailField1</name>
        <qualifiedname>com.francesco.rubrica.Interface.AggiuntaContattoController.emailField1</qualifiedname>
        <briefdescription>
<para>Campo per inserire la prima email del contatto. </para>
        </briefdescription>
        <detaileddescription>
        </detaileddescription>
        <inbodydescription>
        </inbodydescription>
        <location file="Interface/AggiuntaContattoController.java" line="86" column="23" bodyfile="Interface/AggiuntaContattoController.java" bodystart="86" bodyend="-1"/>
      </memberdef>
      <memberdef kind="variable" id="classcom_1_1francesco_1_1rubrica_1_1_interface_1_1_aggiunta_contatto_controller_1a78311e562d93407849db479d63a02004" prot="private" static="no" mutable="no">
        <type>TextField</type>
        <definition>TextField com.francesco.rubrica.Interface.AggiuntaContattoController.emailField2</definition>
        <argsstring></argsstring>
        <name>emailField2</name>
        <qualifiedname>com.francesco.rubrica.Interface.AggiuntaContattoController.emailField2</qualifiedname>
        <briefdescription>
<para>Campo per inserire la seconda email del contatto. </para>
        </briefdescription>
        <detaileddescription>
        </detaileddescription>
        <inbodydescription>
        </inbodydescription>
        <location file="Interface/AggiuntaContattoController.java" line="92" column="23" bodyfile="Interface/AggiuntaContattoController.java" bodystart="92" bodyend="-1"/>
      </memberdef>
      <memberdef kind="variable" id="classcom_1_1francesco_1_1rubrica_1_1_interface_1_1_aggiunta_contatto_controller_1af6246cd7b10073308f08d913f379a17f" prot="private" static="no" mutable="no">
        <type>TextField</type>
        <definition>TextField com.francesco.rubrica.Interface.AggiuntaContattoController.emailField3</definition>
        <argsstring></argsstring>
        <name>emailField3</name>
        <qualifiedname>com.francesco.rubrica.Interface.AggiuntaContattoController.emailField3</qualifiedname>
        <briefdescription>
<para>Campo per inserire la terza email del contatto. </para>
        </briefdescription>
        <detaileddescription>
        </detaileddescription>
        <inbodydescription>
        </inbodydescription>
        <location file="Interface/AggiuntaContattoController.java" line="98" column="23" bodyfile="Interface/AggiuntaContattoController.java" bodystart="98" bodyend="-1"/>
      </memberdef>
      <memberdef kind="variable" id="classcom_1_1francesco_1_1rubrica_1_1_interface_1_1_aggiunta_contatto_controller_1ad95ef77e11addd9822ad91f0902aa1cb" prot="private" static="no" mutable="no">
        <type>TextField</type>
        <definition>TextField com.francesco.rubrica.Interface.AggiuntaContattoController.addressField</definition>
        <argsstring></argsstring>
        <name>addressField</name>
        <qualifiedname>com.francesco.rubrica.Interface.AggiuntaContattoController.addressField</qualifiedname>
        <briefdescription>
<para>Campo per inserire l&apos;indirizzo del contatto. </para>
        </briefdescription>
        <detaileddescription>
        </detaileddescription>
        <inbodydescription>
        </inbodydescription>
        <location file="Interface/AggiuntaContattoController.java" line="104" column="23" bodyfile="Interface/AggiuntaContattoController.java" bodystart="104" bodyend="-1"/>
      </memberdef>
      <memberdef kind="variable" id="classcom_1_1francesco_1_1rubrica_1_1_interface_1_1_aggiunta_contatto_controller_1ab1aacc6b29490ee411353a3064cfaef2" prot="private" static="no" mutable="no">
        <type>Button</type>
        <definition>Button com.francesco.rubrica.Interface.AggiuntaContattoController.addButton</definition>
        <argsstring></argsstring>
        <name>addButton</name>
        <qualifiedname>com.francesco.rubrica.Interface.AggiuntaContattoController.addButton</qualifiedname>
        <briefdescription>
<para>Pulsante per aggiungere un nuovo contatto. </para>
        </briefdescription>
        <detaileddescription>
        </detaileddescription>
        <inbodydescription>
        </inbodydescription>
        <location file="Interface/AggiuntaContattoController.java" line="110" column="20" bodyfile="Interface/AggiuntaContattoController.java" bodystart="110" bodyend="-1"/>
      </memberdef>
      <memberdef kind="variable" id="classcom_1_1francesco_1_1rubrica_1_1_interface_1_1_aggiunta_contatto_controller_1a1483db3c6349b806608588066967b412" prot="private" static="no" mutable="no">
        <type>Button</type>
        <definition>Button com.francesco.rubrica.Interface.AggiuntaContattoController.delButton</definition>
        <argsstring></argsstring>
        <name>delButton</name>
        <qualifiedname>com.francesco.rubrica.Interface.AggiuntaContattoController.delButton</qualifiedname>
        <briefdescription>
<para>Pulsante per annullare l&apos;aggiunta di un contatto. </para>
        </briefdescription>
        <detaileddescription>
        </detaileddescription>
        <inbodydescription>
        </inbodydescription>
        <location file="Interface/AggiuntaContattoController.java" line="116" column="20" bodyfile="Interface/AggiuntaContattoController.java" bodystart="116" bodyend="-1"/>
      </memberdef>
      <memberdef kind="variable" id="classcom_1_1francesco_1_1rubrica_1_1_interface_1_1_aggiunta_contatto_controller_1a2fa1b98fc7cd3898ea385a1b5f98968a" prot="private" static="no" mutable="no">
        <type><ref refid="classcom_1_1francesco_1_1rubrica_1_1_data_1_1_rubrica" kindref="compound">Rubrica</ref></type>
        <definition>Rubrica com.francesco.rubrica.Interface.AggiuntaContattoController.rubrica</definition>
        <argsstring></argsstring>
        <name>rubrica</name>
        <qualifiedname>com.francesco.rubrica.Interface.AggiuntaContattoController.rubrica</qualifiedname>
        <briefdescription>
<para>Rubrica che viene aggiornata dopo le operazioni . </para>
        </briefdescription>
        <detaileddescription>
        </detaileddescription>
        <inbodydescription>
        </inbodydescription>
        <location file="Interface/AggiuntaContattoController.java" line="122" column="21" bodyfile="Interface/AggiuntaContattoController.java" bodystart="122" bodyend="-1"/>
      </memberdef>
    </sectiondef>
    <sectiondef kind="public-func">
      <memberdef kind="function" id="classcom_1_1francesco_1_1rubrica_1_1_interface_1_1_aggiunta_contatto_controller_1a3c88a5f074c3def100ecb7fcac83865d" prot="public" static="no" const="no" explicit="no" inline="yes" virt="non-virtual">
        <type>void</type>
        <definition>void com.francesco.rubrica.Interface.AggiuntaContattoController.setRubrica</definition>
        <argsstring>(Rubrica rubrica)</argsstring>
        <name>setRubrica</name>
        <qualifiedname>com.francesco.rubrica.Interface.AggiuntaContattoController.setRubrica</qualifiedname>
        <param>
          <type><ref refid="classcom_1_1francesco_1_1rubrica_1_1_data_1_1_rubrica" kindref="compound">Rubrica</ref></type>
          <declname>rubrica</declname>
        </param>
        <briefdescription>
<para>Imposta la rubrica condivisa. </para>
        </briefdescription>
        <detaileddescription>
<para><parameterlist kind="param"><parameteritem>
<parameternamelist>
<parametername>rubrica</parametername>
</parameternamelist>
<parameterdescription>
<para>L&apos;istanza della rubrica da impostare. </para>
</parameterdescription>
</parameteritem>
</parameterlist>
</para>
        </detaileddescription>
        <inbodydescription>
        </inbodydescription>
        <location file="Interface/AggiuntaContattoController.java" line="128" column="17" bodyfile="Interface/AggiuntaContattoController.java" bodystart="128" bodyend="130"/>
      </memberdef>
      <memberdef kind="function" id="classcom_1_1francesco_1_1rubrica_1_1_interface_1_1_aggiunta_contatto_controller_1adb9b9114d633d2b26dd8ee92613023c9" prot="public" static="no" const="no" explicit="no" inline="yes" virt="non-virtual">
        <type>void</type>
        <definition>void com.francesco.rubrica.Interface.AggiuntaContattoController.initialize</definition>
        <argsstring>(URL url, ResourceBundle rb)</argsstring>
        <name>initialize</name>
        <qualifiedname>com.francesco.rubrica.Interface.AggiuntaContattoController.initialize</qualifiedname>
        <param>
          <type>URL</type>
          <declname>url</declname>
        </param>
        <param>
          <type>ResourceBundle</type>
          <declname>rb</declname>
        </param>
        <briefdescription>
<para>Inizializza il Controller. </para>
        </briefdescription>
        <detaileddescription>
<para><parameterlist kind="param"><parameteritem>
<parameternamelist>
<parametername>url</parametername>
</parameternamelist>
<parameterdescription>
<para>URL per inizializzare il Controller. </para>
</parameterdescription>
</parameteritem>
<parameteritem>
<parameternamelist>
<parametername>rb</parametername>
</parameternamelist>
<parameterdescription>
<para>ResourceBundle per localizzazione. </para>
</parameterdescription>
</parameteritem>
</parameterlist>
<simplesect kind="invariant"><para>Dopo l&apos;inizializzazione, tutti i campi FXML associati devono essere non null. </para>
</simplesect>
</para>
        </detaileddescription>
        <inbodydescription>
        </inbodydescription>
        <location file="Interface/AggiuntaContattoController.java" line="139" column="17" bodyfile="Interface/AggiuntaContattoController.java" bodystart="139" bodyend="141"/>
      </memberdef>
      <memberdef kind="function" id="classcom_1_1francesco_1_1rubrica_1_1_interface_1_1_aggiunta_contatto_controller_1acd18021d53cbadeff8f74938f45ef372" prot="public" static="no" const="no" explicit="no" inline="yes" virt="non-virtual">
        <type>void</type>
        <definition>void com.francesco.rubrica.Interface.AggiuntaContattoController.aggiungiContatto</definition>
        <argsstring>(ActionEvent event)</argsstring>
        <name>aggiungiContatto</name>
        <qualifiedname>com.francesco.rubrica.Interface.AggiuntaContattoController.aggiungiContatto</qualifiedname>
        <param>
          <type>ActionEvent</type>
          <declname>event</declname>
        </param>
        <briefdescription>
<para>Aggiunge un nuovo contatto alla rubrica. </para>
        </briefdescription>
        <detaileddescription>
<para><parameterlist kind="param"><parameteritem>
<parameternamelist>
<parametername>event</parametername>
</parameternamelist>
<parameterdescription>
<para>L&apos;evento che ha scatenato l&apos;azione(Il tasto &quot;Aggiungi&quot;). </para>
</parameterdescription>
</parameteritem>
</parameterlist>
<simplesect kind="pre"><para>Uno tra i campi &quot;nameField&quot; e &quot;surnameField&quot; deve essere compilato. Gli altri campi possono essere vuoti. </para>
</simplesect>
<simplesect kind="post"><para>Un nuovo contatto valido è aggiunto alla rubrica. </para>
</simplesect>
<simplesect kind="invariant"><para>Dopo l&apos;esecuzione, si ritorna nella MainInterface con la rubrica aggiornata. </para>
</simplesect>
<simplesect kind="see"><para><ref refid="classcom_1_1francesco_1_1rubrica_1_1_data_1_1_rubrica_1aba012557630ba3d05df4ae0c9298abd3" kindref="member">Rubrica.aggiungiContatto(Contatto)</ref> </para>
</simplesect>
</para>
        </detaileddescription>
        <inbodydescription>
        </inbodydescription>
        <location file="Interface/AggiuntaContattoController.java" line="153" column="17" bodyfile="Interface/AggiuntaContattoController.java" bodystart="153" bodyend="216"/>
      </memberdef>
      <memberdef kind="function" id="classcom_1_1francesco_1_1rubrica_1_1_interface_1_1_aggiunta_contatto_controller_1ac174eafe7a863fd433a3a23b61bef77f" prot="public" static="no" const="no" explicit="no" inline="yes" virt="non-virtual">
        <type>void</type>
        <definition>void com.francesco.rubrica.Interface.AggiuntaContattoController.annulla</definition>
        <argsstring>(ActionEvent event)</argsstring>
        <name>annulla</name>
        <qualifiedname>com.francesco.rubrica.Interface.AggiuntaContattoController.annulla</qualifiedname>
        <param>
          <type>ActionEvent</type>
          <declname>event</declname>
        </param>
        <briefdescription>
<para>Annulla l&apos;operazione di aggiunta. </para>
        </briefdescription>
        <detaileddescription>
<para><parameterlist kind="param"><parameteritem>
<parameternamelist>
<parametername>event</parametername>
</parameternamelist>
<parameterdescription>
<para>L&apos;evento che ha scatenato l&apos;azione(Il tasto &quot;Annulla&quot;). </para>
</parameterdescription>
</parameteritem>
</parameterlist>
<simplesect kind="pre"><para>L&apos;utente deve essere in fase di aggiunta di un nuovo contatto. </para>
</simplesect>
<simplesect kind="post"><para>L&apos;interfaccia torna alla MainInterface senza salvare il nuovo contatto. </para>
</simplesect>
</para>
        </detaileddescription>
        <inbodydescription>
        </inbodydescription>
        <location file="Interface/AggiuntaContattoController.java" line="225" column="17" bodyfile="Interface/AggiuntaContattoController.java" bodystart="225" bodyend="244"/>
      </memberdef>
    </sectiondef>
    <sectiondef kind="private-func">
      <memberdef kind="function" id="classcom_1_1francesco_1_1rubrica_1_1_interface_1_1_aggiunta_contatto_controller_1abc4065fb23545c25d604c404533bb436" prot="private" static="no" const="no" explicit="no" inline="yes" virt="non-virtual">
        <type>void</type>
        <definition>void com.francesco.rubrica.Interface.AggiuntaContattoController.pulisciCampi</definition>
        <argsstring>()</argsstring>
        <name>pulisciCampi</name>
        <qualifiedname>com.francesco.rubrica.Interface.AggiuntaContattoController.pulisciCampi</qualifiedname>
        <briefdescription>
<para>Pulisce i campi di input del form. </para>
        </briefdescription>
        <detaileddescription>
        </detaileddescription>
        <inbodydescription>
        </inbodydescription>
        <location file="Interface/AggiuntaContattoController.java" line="249" column="18" bodyfile="Interface/AggiuntaContattoController.java" bodystart="249" bodyend="261"/>
      </memberdef>
    </sectiondef>
    <briefdescription>
<para>Classe FXML Controller per la gestione dell&apos;aggiunta dei contatti. Questo Controller gestisce l&apos;interfaccia grafica per l&apos;aggiunta di un nuovo contatto alla rubrica utilizzando JavaFX. </para>
    </briefdescription>
    <detaileddescription>
<para><simplesect kind="invariant"><para>Tutti i campi FXML associati (es. nameField, surnameField, ecc.) devono essere inizializzati correttamente. </para>
</simplesect>
</para>
    </detaileddescription>
    <inheritancegraph>
      <node id="1">
        <label>com.francesco.rubrica.Interface.AggiuntaContattoController</label>
        <link refid="classcom_1_1francesco_1_1rubrica_1_1_interface_1_1_aggiunta_contatto_controller"/>
        <childnode refid="2" relation="public-inheritance">
        </childnode>
      </node>
      <node id="2">
        <label>Initializable</label>
      </node>
    </inheritancegraph>
    <collaborationgraph>
      <node id="1">
        <label>com.francesco.rubrica.Interface.AggiuntaContattoController</label>
        <link refid="classcom_1_1francesco_1_1rubrica_1_1_interface_1_1_aggiunta_contatto_controller"/>
        <childnode refid="2" relation="public-inheritance">
        </childnode>
      </node>
      <node id="2">
        <label>Initializable</label>
      </node>
    </collaborationgraph>
    <location file="Interface/AggiuntaContattoController.java" line="38" column="7" bodyfile="Interface/AggiuntaContattoController.java" bodystart="38" bodyend="262"/>
    <listofallmembers>
      <member refid="classcom_1_1francesco_1_1rubrica_1_1_interface_1_1_aggiunta_contatto_controller_1ab1aacc6b29490ee411353a3064cfaef2" prot="private" virt="non-virtual"><scope>com::francesco::rubrica::Interface::AggiuntaContattoController</scope><name>addButton</name></member>
      <member refid="classcom_1_1francesco_1_1rubrica_1_1_interface_1_1_aggiunta_contatto_controller_1ad95ef77e11addd9822ad91f0902aa1cb" prot="private" virt="non-virtual"><scope>com::francesco::rubrica::Interface::AggiuntaContattoController</scope><name>addressField</name></member>
      <member refid="classcom_1_1francesco_1_1rubrica_1_1_interface_1_1_aggiunta_contatto_controller_1acd18021d53cbadeff8f74938f45ef372" prot="public" virt="non-virtual"><scope>com::francesco::rubrica::Interface::AggiuntaContattoController</scope><name>aggiungiContatto</name></member>
      <member refid="classcom_1_1francesco_1_1rubrica_1_1_interface_1_1_aggiunta_contatto_controller_1ac174eafe7a863fd433a3a23b61bef77f" prot="public" virt="non-virtual"><scope>com::francesco::rubrica::Interface::AggiuntaContattoController</scope><name>annulla</name></member>
      <member refid="classcom_1_1francesco_1_1rubrica_1_1_interface_1_1_aggiunta_contatto_controller_1ae97c38946ba67ba027242ee29956ea5c" prot="private" virt="non-virtual"><scope>com::francesco::rubrica::Interface::AggiuntaContattoController</scope><name>birthdayField</name></member>
      <member refid="classcom_1_1francesco_1_1rubrica_1_1_interface_1_1_aggiunta_contatto_controller_1af4e45fe4723420747c35f86f47038a77" prot="private" virt="non-virtual"><scope>com::francesco::rubrica::Interface::AggiuntaContattoController</scope><name>companyField</name></member>
      <member refid="classcom_1_1francesco_1_1rubrica_1_1_interface_1_1_aggiunta_contatto_controller_1a1483db3c6349b806608588066967b412" prot="private" virt="non-virtual"><scope>com::francesco::rubrica::Interface::AggiuntaContattoController</scope><name>delButton</name></member>
      <member refid="classcom_1_1francesco_1_1rubrica_1_1_interface_1_1_aggiunta_contatto_controller_1a170f21554b207db2bc4dfba98d74f809" prot="private" virt="non-virtual"><scope>com::francesco::rubrica::Interface::AggiuntaContattoController</scope><name>emailField1</name></member>
      <member refid="classcom_1_1francesco_1_1rubrica_1_1_interface_1_1_aggiunta_contatto_controller_1a78311e562d93407849db479d63a02004" prot="private" virt="non-virtual"><scope>com::francesco::rubrica::Interface::AggiuntaContattoController</scope><name>emailField2</name></member>
      <member refid="classcom_1_1francesco_1_1rubrica_1_1_interface_1_1_aggiunta_contatto_controller_1af6246cd7b10073308f08d913f379a17f" prot="private" virt="non-virtual"><scope>com::francesco::rubrica::Interface::AggiuntaContattoController</scope><name>emailField3</name></member>
      <member refid="classcom_1_1francesco_1_1rubrica_1_1_interface_1_1_aggiunta_contatto_controller_1adb9b9114d633d2b26dd8ee92613023c9" prot="public" virt="non-virtual"><scope>com::francesco::rubrica::Interface::AggiuntaContattoController</scope><name>initialize</name></member>
      <member refid="classcom_1_1francesco_1_1rubrica_1_1_interface_1_1_aggiunta_contatto_controller_1a27b643afdef9f685e77a21edb4ea8486" prot="private" virt="non-virtual"><scope>com::francesco::rubrica::Interface::AggiuntaContattoController</scope><name>nameField</name></member>
      <member refid="classcom_1_1francesco_1_1rubrica_1_1_interface_1_1_aggiunta_contatto_controller_1aeb0f743853d9f8f472a284b0d1908198" prot="private" virt="non-virtual"><scope>com::francesco::rubrica::Interface::AggiuntaContattoController</scope><name>numberField1</name></member>
      <member refid="classcom_1_1francesco_1_1rubrica_1_1_interface_1_1_aggiunta_contatto_controller_1af8e86c963064edae6f96b7a1ff2a2c39" prot="private" virt="non-virtual"><scope>com::francesco::rubrica::Interface::AggiuntaContattoController</scope><name>numberField2</name></member>
      <member refid="classcom_1_1francesco_1_1rubrica_1_1_interface_1_1_aggiunta_contatto_controller_1a3a229458d4aa3ca97cfbe3879e2fe7bd" prot="private" virt="non-virtual"><scope>com::francesco::rubrica::Interface::AggiuntaContattoController</scope><name>numberField3</name></member>
      <member refid="classcom_1_1francesco_1_1rubrica_1_1_interface_1_1_aggiunta_contatto_controller_1abc4065fb23545c25d604c404533bb436" prot="private" virt="non-virtual"><scope>com::francesco::rubrica::Interface::AggiuntaContattoController</scope><name>pulisciCampi</name></member>
      <member refid="classcom_1_1francesco_1_1rubrica_1_1_interface_1_1_aggiunta_contatto_controller_1a2fa1b98fc7cd3898ea385a1b5f98968a" prot="private" virt="non-virtual"><scope>com::francesco::rubrica::Interface::AggiuntaContattoController</scope><name>rubrica</name></member>
      <member refid="classcom_1_1francesco_1_1rubrica_1_1_interface_1_1_aggiunta_contatto_controller_1a3c88a5f074c3def100ecb7fcac83865d" prot="public" virt="non-virtual"><scope>com::francesco::rubrica::Interface::AggiuntaContattoController</scope><name>setRubrica</name></member>
      <member refid="classcom_1_1francesco_1_1rubrica_1_1_interface_1_1_aggiunta_contatto_controller_1a2805088016c0922b9c416d28116ef612" prot="private" virt="non-virtual"><scope>com::francesco::rubrica::Interface::AggiuntaContattoController</scope><name>surnameField</name></member>
    </listofallmembers>
  </compounddef>
</doxygen>
