<?xml version='1.0' encoding='UTF-8' standalone='no'?>
<doxygen xmlns:xsi="http://www.w3.org/2001/XMLSchema-instance" xsi:noNamespaceSchemaLocation="compound.xsd" version="1.12.0" xml:lang="it">
  <compounddef id="classcom_1_1francesco_1_1rubrica_1_1_data_1_1_rubrica" kind="class" language="Java" prot="public">
    <compoundname>com::francesco::rubrica::Data::Rubrica</compoundname>
    <sectiondef kind="private-attrib">
      <memberdef kind="variable" id="classcom_1_1francesco_1_1rubrica_1_1_data_1_1_rubrica_1aa01fca83feb9c7a0cc63c9c15c9446e4" prot="private" static="no" mutable="no">
        <type>final ObservableList&lt; <ref refid="classcom_1_1francesco_1_1rubrica_1_1_data_1_1_contatto" kindref="compound">Contatto</ref> &gt;</type>
        <definition>final ObservableList&lt;Contatto&gt; com.francesco.rubrica.Data.Rubrica.contatti</definition>
        <argsstring></argsstring>
        <name>contatti</name>
        <qualifiedname>com.francesco.rubrica.Data.Rubrica.contatti</qualifiedname>
        <briefdescription>
<para>Lista che contiene tutti i contatti della rubrica. </para>
        </briefdescription>
        <detaileddescription>
<para><simplesect kind="invariant"><para>La lista deve essere sempre inizializzata e non può mai essere null. </para>
</simplesect>
</para>
        </detaileddescription>
        <inbodydescription>
        </inbodydescription>
        <location file="Data/Rubrica.java" line="34" column="34" bodyfile="Data/Rubrica.java" bodystart="34" bodyend="-1"/>
      </memberdef>
    </sectiondef>
    <sectiondef kind="public-func">
      <memberdef kind="function" id="classcom_1_1francesco_1_1rubrica_1_1_data_1_1_rubrica_1accc8e4a1a22890599b85a84ec9420e84" prot="public" static="no" const="no" explicit="no" inline="yes" virt="non-virtual">
        <type></type>
        <definition>com.francesco.rubrica.Data.Rubrica.Rubrica</definition>
        <argsstring>()</argsstring>
        <name>Rubrica</name>
        <qualifiedname>com.francesco.rubrica.Data.Rubrica.Rubrica</qualifiedname>
        <briefdescription>
<para>Costruttore per inizializzare una rubrica vuota. </para>
        </briefdescription>
        <detaileddescription>
<para><simplesect kind="post"><para>La lista dei contatti è inizializzata e vuota. </para>
</simplesect>
</para>
        </detaileddescription>
        <inbodydescription>
        </inbodydescription>
        <location file="Data/Rubrica.java" line="40" column="12" bodyfile="Data/Rubrica.java" bodystart="40" bodyend="42"/>
      </memberdef>
      <memberdef kind="function" id="classcom_1_1francesco_1_1rubrica_1_1_data_1_1_rubrica_1a29dcf7eea2f15dcd81c0b71c9b55341f" prot="public" static="no" const="no" explicit="no" inline="yes" virt="non-virtual">
        <type>ObservableList&lt; <ref refid="classcom_1_1francesco_1_1rubrica_1_1_data_1_1_contatto" kindref="compound">Contatto</ref> &gt;</type>
        <definition>ObservableList&lt; Contatto &gt; com.francesco.rubrica.Data.Rubrica.getContatti</definition>
        <argsstring>()</argsstring>
        <name>getContatti</name>
        <qualifiedname>com.francesco.rubrica.Data.Rubrica.getContatti</qualifiedname>
        <briefdescription>
<para>Restituisce la lista dei contatti. </para>
        </briefdescription>
        <detaileddescription>
<para><simplesect kind="return"><para>La lista osservabile dei contatti. </para>
</simplesect>
</para>
        </detaileddescription>
        <inbodydescription>
        </inbodydescription>
        <location file="Data/Rubrica.java" line="48" column="27" bodyfile="Data/Rubrica.java" bodystart="48" bodyend="50"/>
      </memberdef>
      <memberdef kind="function" id="classcom_1_1francesco_1_1rubrica_1_1_data_1_1_rubrica_1aba012557630ba3d05df4ae0c9298abd3" prot="public" static="no" const="no" explicit="no" inline="yes" virt="non-virtual">
        <type>void</type>
        <definition>void com.francesco.rubrica.Data.Rubrica.aggiungiContatto</definition>
        <argsstring>(Contatto contatto)</argsstring>
        <name>aggiungiContatto</name>
        <qualifiedname>com.francesco.rubrica.Data.Rubrica.aggiungiContatto</qualifiedname>
        <param>
          <type><ref refid="classcom_1_1francesco_1_1rubrica_1_1_data_1_1_contatto" kindref="compound">Contatto</ref></type>
          <declname>contatto</declname>
        </param>
        <briefdescription>
<para>Aggiunge un nuovo contatto alla rubrica. </para>
        </briefdescription>
        <detaileddescription>
<para><parameterlist kind="param"><parameteritem>
<parameternamelist>
<parametername>contatto</parametername>
</parameternamelist>
<parameterdescription>
<para>Il contatto da aggiungere. </para>
</parameterdescription>
</parameteritem>
</parameterlist>
<simplesect kind="pre"><para>Il contatto non deve essere null. </para>
</simplesect>
<simplesect kind="post"><para>Il contatto è aggiunto alla lista dei contatti se è valido. </para>
</simplesect>
<simplesect kind="invariant"><para>Il contatto aggiunto deve essere valido (nome o cognome presenti). </para>
</simplesect>
</para>
        </detaileddescription>
        <inbodydescription>
        </inbodydescription>
        <location file="Data/Rubrica.java" line="60" column="17" bodyfile="Data/Rubrica.java" bodystart="60" bodyend="65"/>
      </memberdef>
      <memberdef kind="function" id="classcom_1_1francesco_1_1rubrica_1_1_data_1_1_rubrica_1a5a1f977b8f298ff4ac73baec25a13ea1" prot="public" static="no" const="no" explicit="no" inline="yes" virt="non-virtual">
        <type>ObservableList&lt; <ref refid="classcom_1_1francesco_1_1rubrica_1_1_data_1_1_contatto" kindref="compound">Contatto</ref> &gt;</type>
        <definition>ObservableList&lt; Contatto &gt; com.francesco.rubrica.Data.Rubrica.ricercaContatto</definition>
        <argsstring>(String s)</argsstring>
        <name>ricercaContatto</name>
        <qualifiedname>com.francesco.rubrica.Data.Rubrica.ricercaContatto</qualifiedname>
        <param>
          <type>String</type>
          <declname>s</declname>
        </param>
        <briefdescription>
<para>Cerca i contatti nella rubrica in base a una stringa. </para>
        </briefdescription>
        <detaileddescription>
<para><parameterlist kind="param"><parameteritem>
<parameternamelist>
<parametername>s</parametername>
</parameternamelist>
<parameterdescription>
<para>Stringa con cui ricercare corrispondenze nella Lista. </para>
</parameterdescription>
</parameteritem>
</parameterlist>
<simplesect kind="return"><para>Una lista di contatti che corrispondono ai criteri di ricerca. </para>
</simplesect>
<simplesect kind="pre"><para>La stringa di ricerca può essere null o vuota (in tal caso restituisce tutti i contatti). </para>
</simplesect>
<simplesect kind="post"><para>Restituisce una lista filtrata dei contatti che corrispondono ai criteri di ricerca. </para>
</simplesect>
</para>
        </detaileddescription>
        <inbodydescription>
        </inbodydescription>
        <location file="Data/Rubrica.java" line="74" column="27" bodyfile="Data/Rubrica.java" bodystart="74" bodyend="86"/>
      </memberdef>
      <memberdef kind="function" id="classcom_1_1francesco_1_1rubrica_1_1_data_1_1_rubrica_1a11ed4da93ae8a97714c9951f4fbc7a15" prot="public" static="no" const="no" explicit="no" inline="yes" virt="non-virtual">
        <type>void</type>
        <definition>void com.francesco.rubrica.Data.Rubrica.esportaContatto</definition>
        <argsstring>(String filename)</argsstring>
        <name>esportaContatto</name>
        <qualifiedname>com.francesco.rubrica.Data.Rubrica.esportaContatto</qualifiedname>
        <param>
          <type>String</type>
          <declname>filename</declname>
        </param>
        <exceptions> throws IOException </exceptions>
        <briefdescription>
<para>Esporta i contatti della rubrica in un file CSV. </para>
        </briefdescription>
        <detaileddescription>
<para><parameterlist kind="param"><parameteritem>
<parameternamelist>
<parametername>filename</parametername>
</parameternamelist>
<parameterdescription>
<para>Il nome del file in cui esportare i contatti. </para>
</parameterdescription>
</parameteritem>
</parameterlist>
<parameterlist kind="exception"><parameteritem>
<parameternamelist>
<parametername>IOException</parametername>
</parameternamelist>
<parameterdescription>
<para>Se si verifica un errore durante l&apos;esportazione. </para>
</parameterdescription>
</parameteritem>
</parameterlist>
<simplesect kind="pre"><para>La lista dei contatti può essere sia vuota che occupata da contatti. </para>
</simplesect>
<simplesect kind="post"><para>Il file specificato contiene i contatti esportati. </para>
</simplesect>
</para>
        </detaileddescription>
        <inbodydescription>
        </inbodydescription>
        <location file="Data/Rubrica.java" line="95" column="17" bodyfile="Data/Rubrica.java" bodystart="95" bodyend="119"/>
      </memberdef>
      <memberdef kind="function" id="classcom_1_1francesco_1_1rubrica_1_1_data_1_1_rubrica_1a9a3103df25d1a933457ae172257c500d" prot="public" static="no" const="no" explicit="no" inline="yes" virt="non-virtual">
        <type>void</type>
        <definition>void com.francesco.rubrica.Data.Rubrica.importaContatto</definition>
        <argsstring>(String filename)</argsstring>
        <name>importaContatto</name>
        <qualifiedname>com.francesco.rubrica.Data.Rubrica.importaContatto</qualifiedname>
        <param>
          <type>String</type>
          <declname>filename</declname>
        </param>
        <exceptions> throws IOException </exceptions>
        <briefdescription>
<para>Importa contatti da un file CSV. </para>
        </briefdescription>
        <detaileddescription>
<para><parameterlist kind="param"><parameteritem>
<parameternamelist>
<parametername>filename</parametername>
</parameternamelist>
<parameterdescription>
<para>Il nome del file da cui importare i contatti. </para>
</parameterdescription>
</parameteritem>
</parameterlist>
<parameterlist kind="exception"><parameteritem>
<parameternamelist>
<parametername>IOException</parametername>
</parameternamelist>
<parameterdescription>
<para>Se si verifica un errore durante l&apos;importazione. </para>
</parameterdescription>
</parameteritem>
</parameterlist>
<simplesect kind="pre"><para>Il file deve esistere e seguire il formato corretto. </para>
</simplesect>
<simplesect kind="post"><para>I contatti validi sono aggiunti alla rubrica. </para>
</simplesect>
</para>
        </detaileddescription>
        <inbodydescription>
        </inbodydescription>
        <location file="Data/Rubrica.java" line="128" column="17" bodyfile="Data/Rubrica.java" bodystart="128" bodyend="185"/>
      </memberdef>
      <memberdef kind="function" id="classcom_1_1francesco_1_1rubrica_1_1_data_1_1_rubrica_1a660195890ce6f9f27811b497266c499d" prot="public" static="no" const="no" explicit="no" inline="yes" virt="non-virtual">
        <type>void</type>
        <definition>void com.francesco.rubrica.Data.Rubrica.eliminaContatto</definition>
        <argsstring>(Contatto c)</argsstring>
        <name>eliminaContatto</name>
        <qualifiedname>com.francesco.rubrica.Data.Rubrica.eliminaContatto</qualifiedname>
        <param>
          <type><ref refid="classcom_1_1francesco_1_1rubrica_1_1_data_1_1_contatto" kindref="compound">Contatto</ref></type>
          <declname>c</declname>
        </param>
        <briefdescription>
<para>Elimina un contatto dalla rubrica. </para>
        </briefdescription>
        <detaileddescription>
<para><parameterlist kind="param"><parameteritem>
<parameternamelist>
<parametername>c</parametername>
</parameternamelist>
<parameterdescription>
<para>Il contatto da eliminare. </para>
</parameterdescription>
</parameteritem>
</parameterlist>
<simplesect kind="pre"><para>Il contatto deve esistere nella lista. </para>
</simplesect>
<simplesect kind="post"><para>Il contatto è rimosso dalla lista. </para>
</simplesect>
</para>
        </detaileddescription>
        <inbodydescription>
        </inbodydescription>
        <location file="Data/Rubrica.java" line="194" column="17" bodyfile="Data/Rubrica.java" bodystart="194" bodyend="197"/>
      </memberdef>
      <memberdef kind="function" id="classcom_1_1francesco_1_1rubrica_1_1_data_1_1_rubrica_1accca283e46426e17742aae366770bf87" prot="public" static="no" const="no" explicit="no" inline="yes" virt="non-virtual">
        <type>void</type>
        <definition>void com.francesco.rubrica.Data.Rubrica.modificaContatto</definition>
        <argsstring>(Contatto contattoOriginale, Contatto nuoviDati)</argsstring>
        <name>modificaContatto</name>
        <qualifiedname>com.francesco.rubrica.Data.Rubrica.modificaContatto</qualifiedname>
        <param>
          <type><ref refid="classcom_1_1francesco_1_1rubrica_1_1_data_1_1_contatto" kindref="compound">Contatto</ref></type>
          <declname>contattoOriginale</declname>
        </param>
        <param>
          <type><ref refid="classcom_1_1francesco_1_1rubrica_1_1_data_1_1_contatto" kindref="compound">Contatto</ref></type>
          <declname>nuoviDati</declname>
        </param>
        <briefdescription>
<para>Modifica un contatto esistente nella rubrica. </para>
        </briefdescription>
        <detaileddescription>
<para><parameterlist kind="param"><parameteritem>
<parameternamelist>
<parametername>contattoOriginale</parametername>
</parameternamelist>
<parameterdescription>
<para>Il contatto da modificare. </para>
</parameterdescription>
</parameteritem>
<parameteritem>
<parameternamelist>
<parametername>nuoviDati</parametername>
</parameternamelist>
<parameterdescription>
<para>Il nuovo contatto con i dati aggiornati. </para>
</parameterdescription>
</parameteritem>
</parameterlist>
<simplesect kind="pre"><para>Il contatto originale deve esistere nella lista. </para>
</simplesect>
<simplesect kind="post"><para>I dettagli del contatto sono aggiornati. </para>
</simplesect>
</para>
        </detaileddescription>
        <inbodydescription>
        </inbodydescription>
        <location file="Data/Rubrica.java" line="206" column="17" bodyfile="Data/Rubrica.java" bodystart="206" bodyend="210"/>
      </memberdef>
      <memberdef kind="function" id="classcom_1_1francesco_1_1rubrica_1_1_data_1_1_rubrica_1acaae9ecf20a5bde071141a7dc77271c5" prot="public" static="no" const="no" explicit="no" inline="yes" virt="non-virtual">
        <type>void</type>
        <definition>void com.francesco.rubrica.Data.Rubrica.ordina</definition>
        <argsstring>(List&lt; Contatto &gt; contatti)</argsstring>
        <name>ordina</name>
        <qualifiedname>com.francesco.rubrica.Data.Rubrica.ordina</qualifiedname>
        <param>
          <type>List&lt; <ref refid="classcom_1_1francesco_1_1rubrica_1_1_data_1_1_contatto" kindref="compound">Contatto</ref> &gt;</type>
          <declname>contatti</declname>
        </param>
        <briefdescription>
<para>Ordina la lista dei contatti. </para>
        </briefdescription>
        <detaileddescription>
<para><parameterlist kind="param"><parameteritem>
<parameternamelist>
<parametername>contatti</parametername>
</parameternamelist>
<parameterdescription>
<para>La lista di contatti da ordinare. </para>
</parameterdescription>
</parameteritem>
</parameterlist>
<simplesect kind="see"><para>Collections#sort(List) </para>
</simplesect>
</para>
        </detaileddescription>
        <inbodydescription>
        </inbodydescription>
        <location file="Data/Rubrica.java" line="217" column="17" bodyfile="Data/Rubrica.java" bodystart="217" bodyend="219"/>
      </memberdef>
    </sectiondef>
    <briefdescription>
<para>Classe per la gestione della rubrica dei contatti. </para>
    </briefdescription>
    <detaileddescription>
<para><simplesect kind="invariant"><para>Ogni contatto nella lista contatti deve essere valido. </para>
</simplesect>
<simplesect kind="invariant"><para>La lista dei contatti non deve mai essere null. La classe <ref refid="classcom_1_1francesco_1_1rubrica_1_1_data_1_1_rubrica" kindref="compound">Rubrica</ref> fornisce metodi per aggiungere, ordinare, cercare, modificare, esportare, importare ed eliminare contatti. </para>
</simplesect>
</para>
    </detaileddescription>
    <location file="Data/Rubrica.java" line="28" column="7" bodyfile="Data/Rubrica.java" bodystart="28" bodyend="220"/>
    <listofallmembers>
      <member refid="classcom_1_1francesco_1_1rubrica_1_1_data_1_1_rubrica_1aba012557630ba3d05df4ae0c9298abd3" prot="public" virt="non-virtual"><scope>com::francesco::rubrica::Data::Rubrica</scope><name>aggiungiContatto</name></member>
      <member refid="classcom_1_1francesco_1_1rubrica_1_1_data_1_1_rubrica_1aa01fca83feb9c7a0cc63c9c15c9446e4" prot="private" virt="non-virtual"><scope>com::francesco::rubrica::Data::Rubrica</scope><name>contatti</name></member>
      <member refid="classcom_1_1francesco_1_1rubrica_1_1_data_1_1_rubrica_1a660195890ce6f9f27811b497266c499d" prot="public" virt="non-virtual"><scope>com::francesco::rubrica::Data::Rubrica</scope><name>eliminaContatto</name></member>
      <member refid="classcom_1_1francesco_1_1rubrica_1_1_data_1_1_rubrica_1a11ed4da93ae8a97714c9951f4fbc7a15" prot="public" virt="non-virtual"><scope>com::francesco::rubrica::Data::Rubrica</scope><name>esportaContatto</name></member>
      <member refid="classcom_1_1francesco_1_1rubrica_1_1_data_1_1_rubrica_1a29dcf7eea2f15dcd81c0b71c9b55341f" prot="public" virt="non-virtual"><scope>com::francesco::rubrica::Data::Rubrica</scope><name>getContatti</name></member>
      <member refid="classcom_1_1francesco_1_1rubrica_1_1_data_1_1_rubrica_1a9a3103df25d1a933457ae172257c500d" prot="public" virt="non-virtual"><scope>com::francesco::rubrica::Data::Rubrica</scope><name>importaContatto</name></member>
      <member refid="classcom_1_1francesco_1_1rubrica_1_1_data_1_1_rubrica_1accca283e46426e17742aae366770bf87" prot="public" virt="non-virtual"><scope>com::francesco::rubrica::Data::Rubrica</scope><name>modificaContatto</name></member>
      <member refid="classcom_1_1francesco_1_1rubrica_1_1_data_1_1_rubrica_1acaae9ecf20a5bde071141a7dc77271c5" prot="public" virt="non-virtual"><scope>com::francesco::rubrica::Data::Rubrica</scope><name>ordina</name></member>
      <member refid="classcom_1_1francesco_1_1rubrica_1_1_data_1_1_rubrica_1a5a1f977b8f298ff4ac73baec25a13ea1" prot="public" virt="non-virtual"><scope>com::francesco::rubrica::Data::Rubrica</scope><name>ricercaContatto</name></member>
      <member refid="classcom_1_1francesco_1_1rubrica_1_1_data_1_1_rubrica_1accc8e4a1a22890599b85a84ec9420e84" prot="public" virt="non-virtual"><scope>com::francesco::rubrica::Data::Rubrica</scope><name>Rubrica</name></member>
    </listofallmembers>
  </compounddef>
</doxygen>
