<?xml version='1.0' encoding='UTF-8' standalone='no'?>
<doxygen xmlns:xsi="http://www.w3.org/2001/XMLSchema-instance" xsi:noNamespaceSchemaLocation="compound.xsd" version="1.12.0" xml:lang="it">
  <compounddef id="dir_e3d743d0ec9b4013b28b5d69101bc7fb" kind="dir">
    <compoundname>Data</compoundname>
    <innerfile refid="_contatto_8java">Contatto.java</innerfile>
    <innerfile refid="_rubrica_8java">Rubrica.java</innerfile>
    <briefdescription>
    </briefdescription>
    <detaileddescription>
    </detaileddescription>
    <location file="Data/"/>
  </compounddef>
</doxygen>
