<?xml version='1.0' encoding='UTF-8' standalone='no'?>
<doxygen xmlns:xsi="http://www.w3.org/2001/XMLSchema-instance" xsi:noNamespaceSchemaLocation="compound.xsd" version="1.12.0" xml:lang="it">
  <compounddef id="dir_f4e982bca5d979afcf7d664254407d09" kind="dir">
    <compoundname>Main</compoundname>
    <innerfile refid="_app_8java">App.java</innerfile>
    <briefdescription>
    </briefdescription>
    <detaileddescription>
    </detaileddescription>
    <location file="Main/"/>
  </compounddef>
</doxygen>
