<?xml version='1.0' encoding='UTF-8' standalone='no'?>
<doxygen xmlns:xsi="http://www.w3.org/2001/XMLSchema-instance" xsi:noNamespaceSchemaLocation="compound.xsd" version="1.12.0" xml:lang="it">
  <compounddef id="dir_b7263c2df3abed61e1897d5e9e534860" kind="dir">
    <compoundname>Interface</compoundname>
    <innerfile refid="_aggiunta_contatto_controller_8java">AggiuntaContattoController.java</innerfile>
    <innerfile refid="_main_interface_controller_8java">MainInterfaceController.java</innerfile>
    <innerfile refid="_modifica_contatto_controller_8java">ModificaContattoController.java</innerfile>
    <innerfile refid="_visualizza_singolo_contatto_controller_8java">VisualizzaSingoloContattoController.java</innerfile>
    <briefdescription>
    </briefdescription>
    <detaileddescription>
    </detaileddescription>
    <location file="Interface/"/>
  </compounddef>
</doxygen>
