<?xml version='1.0' encoding='UTF-8' standalone='no'?>
<doxygenindex xmlns:xsi="http://www.w3.org/2001/XMLSchema-instance" xsi:noNamespaceSchemaLocation="index.xsd" version="1.12.0" xml:lang="it">
  <compound refid="classcom_1_1francesco_1_1rubrica_1_1_interface_1_1_aggiunta_contatto_controller" kind="class"><name>com::francesco::rubrica::Interface::AggiuntaContattoController</name>
    <member refid="classcom_1_1francesco_1_1rubrica_1_1_interface_1_1_aggiunta_contatto_controller_1a27b643afdef9f685e77a21edb4ea8486" kind="variable"><name>nameField</name></member>
    <member refid="classcom_1_1francesco_1_1rubrica_1_1_interface_1_1_aggiunta_contatto_controller_1a2805088016c0922b9c416d28116ef612" kind="variable"><name>surnameField</name></member>
    <member refid="classcom_1_1francesco_1_1rubrica_1_1_interface_1_1_aggiunta_contatto_controller_1ae97c38946ba67ba027242ee29956ea5c" kind="variable"><name>birthdayField</name></member>
    <member refid="classcom_1_1francesco_1_1rubrica_1_1_interface_1_1_aggiunta_contatto_controller_1af4e45fe4723420747c35f86f47038a77" kind="variable"><name>companyField</name></member>
    <member refid="classcom_1_1francesco_1_1rubrica_1_1_interface_1_1_aggiunta_contatto_controller_1aeb0f743853d9f8f472a284b0d1908198" kind="variable"><name>numberField1</name></member>
    <member refid="classcom_1_1francesco_1_1rubrica_1_1_interface_1_1_aggiunta_contatto_controller_1af8e86c963064edae6f96b7a1ff2a2c39" kind="variable"><name>numberField2</name></member>
    <member refid="classcom_1_1francesco_1_1rubrica_1_1_interface_1_1_aggiunta_contatto_controller_1a3a229458d4aa3ca97cfbe3879e2fe7bd" kind="variable"><name>numberField3</name></member>
    <member refid="classcom_1_1francesco_1_1rubrica_1_1_interface_1_1_aggiunta_contatto_controller_1a170f21554b207db2bc4dfba98d74f809" kind="variable"><name>emailField1</name></member>
    <member refid="classcom_1_1francesco_1_1rubrica_1_1_interface_1_1_aggiunta_contatto_controller_1a78311e562d93407849db479d63a02004" kind="variable"><name>emailField2</name></member>
    <member refid="classcom_1_1francesco_1_1rubrica_1_1_interface_1_1_aggiunta_contatto_controller_1af6246cd7b10073308f08d913f379a17f" kind="variable"><name>emailField3</name></member>
    <member refid="classcom_1_1francesco_1_1rubrica_1_1_interface_1_1_aggiunta_contatto_controller_1ad95ef77e11addd9822ad91f0902aa1cb" kind="variable"><name>addressField</name></member>
    <member refid="classcom_1_1francesco_1_1rubrica_1_1_interface_1_1_aggiunta_contatto_controller_1ab1aacc6b29490ee411353a3064cfaef2" kind="variable"><name>addButton</name></member>
    <member refid="classcom_1_1francesco_1_1rubrica_1_1_interface_1_1_aggiunta_contatto_controller_1a1483db3c6349b806608588066967b412" kind="variable"><name>delButton</name></member>
    <member refid="classcom_1_1francesco_1_1rubrica_1_1_interface_1_1_aggiunta_contatto_controller_1a2fa1b98fc7cd3898ea385a1b5f98968a" kind="variable"><name>rubrica</name></member>
    <member refid="classcom_1_1francesco_1_1rubrica_1_1_interface_1_1_aggiunta_contatto_controller_1a3c88a5f074c3def100ecb7fcac83865d" kind="function"><name>setRubrica</name></member>
    <member refid="classcom_1_1francesco_1_1rubrica_1_1_interface_1_1_aggiunta_contatto_controller_1adb9b9114d633d2b26dd8ee92613023c9" kind="function"><name>initialize</name></member>
    <member refid="classcom_1_1francesco_1_1rubrica_1_1_interface_1_1_aggiunta_contatto_controller_1acd18021d53cbadeff8f74938f45ef372" kind="function"><name>aggiungiContatto</name></member>
    <member refid="classcom_1_1francesco_1_1rubrica_1_1_interface_1_1_aggiunta_contatto_controller_1ac174eafe7a863fd433a3a23b61bef77f" kind="function"><name>annulla</name></member>
    <member refid="classcom_1_1francesco_1_1rubrica_1_1_interface_1_1_aggiunta_contatto_controller_1abc4065fb23545c25d604c404533bb436" kind="function"><name>pulisciCampi</name></member>
  </compound>
  <compound refid="classcom_1_1francesco_1_1rubrica_1_1_main_1_1_app" kind="class"><name>com::francesco::rubrica::Main::App</name>
    <member refid="classcom_1_1francesco_1_1rubrica_1_1_main_1_1_app_1ab4b7d93192331efe8d1b0242b8ede1fd" kind="variable"><name>scene</name></member>
    <member refid="classcom_1_1francesco_1_1rubrica_1_1_main_1_1_app_1a7226f142de6ddd9149b1ddb7f24ae4e0" kind="variable"><name>rubricaCondivisa</name></member>
    <member refid="classcom_1_1francesco_1_1rubrica_1_1_main_1_1_app_1ae0d93e36de3e553d96846f5cb0b376d2" kind="function"><name>start</name></member>
    <member refid="classcom_1_1francesco_1_1rubrica_1_1_main_1_1_app_1a9691e44f528ca14d15904ba494983119" kind="function"><name>getRubricaCondivisa</name></member>
    <member refid="classcom_1_1francesco_1_1rubrica_1_1_main_1_1_app_1ad4c5bd9c9275dd0f69cb53ea62b41bfc" kind="function"><name>main</name></member>
  </compound>
  <compound refid="classcom_1_1francesco_1_1rubrica_1_1_data_1_1_contatto" kind="class"><name>com::francesco::rubrica::Data::Contatto</name>
    <member refid="classcom_1_1francesco_1_1rubrica_1_1_data_1_1_contatto_1a42c1ae9ba4985ac8a3287dbb009ce898" kind="variable"><name>nome</name></member>
    <member refid="classcom_1_1francesco_1_1rubrica_1_1_data_1_1_contatto_1a36b879672c0eed8579eb2bece2d9d046" kind="variable"><name>cognome</name></member>
    <member refid="classcom_1_1francesco_1_1rubrica_1_1_data_1_1_contatto_1a19b0ae8bca5ee75b19957dce5d18459c" kind="variable"><name>telefono1</name></member>
    <member refid="classcom_1_1francesco_1_1rubrica_1_1_data_1_1_contatto_1a994db6a9660e85bb847cf05c5799a5e4" kind="variable"><name>telefono2</name></member>
    <member refid="classcom_1_1francesco_1_1rubrica_1_1_data_1_1_contatto_1a75fc9e86b88d16471f0746efb0d34b59" kind="variable"><name>telefono3</name></member>
    <member refid="classcom_1_1francesco_1_1rubrica_1_1_data_1_1_contatto_1ad76e187f169706031286b0a9285ffaad" kind="variable"><name>email1</name></member>
    <member refid="classcom_1_1francesco_1_1rubrica_1_1_data_1_1_contatto_1a67b14ac983a4ccefe855b4b691e173df" kind="variable"><name>email2</name></member>
    <member refid="classcom_1_1francesco_1_1rubrica_1_1_data_1_1_contatto_1a528bffcbae5706f15a3daae8900c9738" kind="variable"><name>email3</name></member>
    <member refid="classcom_1_1francesco_1_1rubrica_1_1_data_1_1_contatto_1acae0c2e14e697cb290d813ac15f2ba36" kind="variable"><name>società</name></member>
    <member refid="classcom_1_1francesco_1_1rubrica_1_1_data_1_1_contatto_1a37a2ecad1cb6f044bfc82575816db592" kind="variable"><name>indirizzo</name></member>
    <member refid="classcom_1_1francesco_1_1rubrica_1_1_data_1_1_contatto_1a1362156e340b84da5e8828b18e4803af" kind="variable"><name>compleanno</name></member>
    <member refid="classcom_1_1francesco_1_1rubrica_1_1_data_1_1_contatto_1aef9f87cff72afc38e2bfb5bceb810476" kind="function"><name>Contatto</name></member>
    <member refid="classcom_1_1francesco_1_1rubrica_1_1_data_1_1_contatto_1a6fa0767a7ddf0b681a162902aa27b909" kind="function"><name>Contatto</name></member>
    <member refid="classcom_1_1francesco_1_1rubrica_1_1_data_1_1_contatto_1afc016576b53db112129de1bbebcd926e" kind="function"><name>getTelefono1</name></member>
    <member refid="classcom_1_1francesco_1_1rubrica_1_1_data_1_1_contatto_1ac2b5fcb133390aa7217f7737232dbcee" kind="function"><name>getCognome</name></member>
    <member refid="classcom_1_1francesco_1_1rubrica_1_1_data_1_1_contatto_1a8f7c6737ae615030cac8ed0fb18fcd27" kind="function"><name>getTelefono2</name></member>
    <member refid="classcom_1_1francesco_1_1rubrica_1_1_data_1_1_contatto_1a229ff72a6893429e689f2a33e516b55d" kind="function"><name>getTelefono3</name></member>
    <member refid="classcom_1_1francesco_1_1rubrica_1_1_data_1_1_contatto_1a71a7b8f2570c594d6c19ccbf32e017c5" kind="function"><name>getEmail1</name></member>
    <member refid="classcom_1_1francesco_1_1rubrica_1_1_data_1_1_contatto_1adbe46cf9dfcee8aa8738df276dafaf86" kind="function"><name>getEmail2</name></member>
    <member refid="classcom_1_1francesco_1_1rubrica_1_1_data_1_1_contatto_1abc45fceef8957d3ead42489c8811c89c" kind="function"><name>getEmail3</name></member>
    <member refid="classcom_1_1francesco_1_1rubrica_1_1_data_1_1_contatto_1a225bce7bfa3c0312efefec7ca733b7d8" kind="function"><name>getSocietà</name></member>
    <member refid="classcom_1_1francesco_1_1rubrica_1_1_data_1_1_contatto_1a0b3f0e26af95298df85d747edae5020b" kind="function"><name>getIndirizzo</name></member>
    <member refid="classcom_1_1francesco_1_1rubrica_1_1_data_1_1_contatto_1a0c6cfc79865cbb7c1569e6f3f16d8da8" kind="function"><name>setCognome</name></member>
    <member refid="classcom_1_1francesco_1_1rubrica_1_1_data_1_1_contatto_1a9c82e63d5220e0225fc416afac294f84" kind="function"><name>setTelefono1</name></member>
    <member refid="classcom_1_1francesco_1_1rubrica_1_1_data_1_1_contatto_1a6d956d88bf96981712cb9118ac085943" kind="function"><name>setTelefono2</name></member>
    <member refid="classcom_1_1francesco_1_1rubrica_1_1_data_1_1_contatto_1ae7adc03806ee3fea17ecf0c3b8521d46" kind="function"><name>setTelefono3</name></member>
    <member refid="classcom_1_1francesco_1_1rubrica_1_1_data_1_1_contatto_1acebaa4e103aa15be9751d4c6db83e9f0" kind="function"><name>setEmail1</name></member>
    <member refid="classcom_1_1francesco_1_1rubrica_1_1_data_1_1_contatto_1a74536a2c5771b103c3a4d76d66d3076b" kind="function"><name>setEmail2</name></member>
    <member refid="classcom_1_1francesco_1_1rubrica_1_1_data_1_1_contatto_1a2386462d5235c6fc139aaf0cf314ee50" kind="function"><name>setEmail3</name></member>
    <member refid="classcom_1_1francesco_1_1rubrica_1_1_data_1_1_contatto_1aa681229afe412225d03979230f40a7f1" kind="function"><name>setSocietà</name></member>
    <member refid="classcom_1_1francesco_1_1rubrica_1_1_data_1_1_contatto_1a0c5fad3b939ba0b34fb9acbb3a3abdfe" kind="function"><name>setIndirizzo</name></member>
    <member refid="classcom_1_1francesco_1_1rubrica_1_1_data_1_1_contatto_1afb9b396e0c4b253e7e198cceb4fb32c1" kind="function"><name>getNome</name></member>
    <member refid="classcom_1_1francesco_1_1rubrica_1_1_data_1_1_contatto_1a18be03cff3e4281397dca0b5a0eeefa6" kind="function"><name>setNome</name></member>
    <member refid="classcom_1_1francesco_1_1rubrica_1_1_data_1_1_contatto_1a5a93e2dcde3e84cda6155e65b053b92c" kind="function"><name>getCompleanno</name></member>
    <member refid="classcom_1_1francesco_1_1rubrica_1_1_data_1_1_contatto_1a8de45b1da0fad344ebe9f980e504ba89" kind="function"><name>setCompleanno</name></member>
    <member refid="classcom_1_1francesco_1_1rubrica_1_1_data_1_1_contatto_1a875cda9bfde691b5f49b5975ddde4a5d" kind="function"><name>compareTo</name></member>
    <member refid="classcom_1_1francesco_1_1rubrica_1_1_data_1_1_contatto_1ab7381bc683c3fcf59ab670401a674ca6" kind="function"><name>isValidEmail</name></member>
    <member refid="classcom_1_1francesco_1_1rubrica_1_1_data_1_1_contatto_1abdc1bb18f1a33e1e752c66c8076c92a8" kind="function"><name>isValidPhoneNumber</name></member>
  </compound>
  <compound refid="classcom_1_1francesco_1_1rubrica_1_1_interface_1_1_main_interface_controller" kind="class"><name>com::francesco::rubrica::Interface::MainInterfaceController</name>
    <member refid="classcom_1_1francesco_1_1rubrica_1_1_interface_1_1_main_interface_controller_1a2b09e982a4ea0c88283da4827f45cd8b" kind="variable"><name>researchField</name></member>
    <member refid="classcom_1_1francesco_1_1rubrica_1_1_interface_1_1_main_interface_controller_1aa548b310d66715f2b997afebac60ce24" kind="variable"><name>addContact</name></member>
    <member refid="classcom_1_1francesco_1_1rubrica_1_1_interface_1_1_main_interface_controller_1a1117e4a573a47891a406c03317587846" kind="variable"><name>exportContact</name></member>
    <member refid="classcom_1_1francesco_1_1rubrica_1_1_interface_1_1_main_interface_controller_1a704ebaabec81d39adb4dd2485a7a8d3a" kind="variable"><name>importContact</name></member>
    <member refid="classcom_1_1francesco_1_1rubrica_1_1_interface_1_1_main_interface_controller_1a164d38c4a58e45054585a26091c3ef90" kind="variable"><name>rubrica</name></member>
    <member refid="classcom_1_1francesco_1_1rubrica_1_1_interface_1_1_main_interface_controller_1a1a1234f426c6f45dd0d406a2c2e9a746" kind="variable"><name>nameClm</name></member>
    <member refid="classcom_1_1francesco_1_1rubrica_1_1_interface_1_1_main_interface_controller_1a758547d0130ed337d75b70da8762b2b4" kind="variable"><name>surnameClm</name></member>
    <member refid="classcom_1_1francesco_1_1rubrica_1_1_interface_1_1_main_interface_controller_1af4f415c72036636d34347a82beca64e3" kind="variable"><name>contatti</name></member>
    <member refid="classcom_1_1francesco_1_1rubrica_1_1_interface_1_1_main_interface_controller_1af540eca542ebd64aa31817db9906ee0c" kind="function"><name>initialize</name></member>
    <member refid="classcom_1_1francesco_1_1rubrica_1_1_interface_1_1_main_interface_controller_1aaf1df3e1afeab6ddf31523eaeb38bb52" kind="function"><name>setRubrica</name></member>
    <member refid="classcom_1_1francesco_1_1rubrica_1_1_interface_1_1_main_interface_controller_1a4cda96ec0787d1c190daa44c58c97e5b" kind="function"><name>esportaContatto</name></member>
    <member refid="classcom_1_1francesco_1_1rubrica_1_1_interface_1_1_main_interface_controller_1af7610dc098f0c406fb189d4f5fb1e34d" kind="function"><name>importaContatto</name></member>
    <member refid="classcom_1_1francesco_1_1rubrica_1_1_interface_1_1_main_interface_controller_1a1ad5eb6cb85b3004947d85f8ea6a18d5" kind="function"><name>displayAggiungiContatto</name></member>
    <member refid="classcom_1_1francesco_1_1rubrica_1_1_interface_1_1_main_interface_controller_1a58ff067dc850d1d8d722d508f3c253a7" kind="function"><name>aggiornaTabella</name></member>
    <member refid="classcom_1_1francesco_1_1rubrica_1_1_interface_1_1_main_interface_controller_1a0147a2df7cf33ae591da622b7d5e2992" kind="function"><name>setupTableDoubleClickListener</name></member>
  </compound>
  <compound refid="classcom_1_1francesco_1_1rubrica_1_1_interface_1_1_modifica_contatto_controller" kind="class"><name>com::francesco::rubrica::Interface::ModificaContattoController</name>
    <member refid="classcom_1_1francesco_1_1rubrica_1_1_interface_1_1_modifica_contatto_controller_1acf233eee56d041b5d7a4fbb39ff96c32" kind="variable"><name>nameField</name></member>
    <member refid="classcom_1_1francesco_1_1rubrica_1_1_interface_1_1_modifica_contatto_controller_1ab1173e937b21296c75eb4d20fd62b29d" kind="variable"><name>surnameField</name></member>
    <member refid="classcom_1_1francesco_1_1rubrica_1_1_interface_1_1_modifica_contatto_controller_1ac75d4b9a79751747af1cf99cb0971b2e" kind="variable"><name>birthdayField</name></member>
    <member refid="classcom_1_1francesco_1_1rubrica_1_1_interface_1_1_modifica_contatto_controller_1a0d6236c9d06a794de052bfe9f02d8540" kind="variable"><name>companyField</name></member>
    <member refid="classcom_1_1francesco_1_1rubrica_1_1_interface_1_1_modifica_contatto_controller_1a9301a0198f10780da07cb59de8016981" kind="variable"><name>numberField1</name></member>
    <member refid="classcom_1_1francesco_1_1rubrica_1_1_interface_1_1_modifica_contatto_controller_1a6af5e8bd86c2a9b035eeadc38a487e35" kind="variable"><name>numberField2</name></member>
    <member refid="classcom_1_1francesco_1_1rubrica_1_1_interface_1_1_modifica_contatto_controller_1a5d6f7fed352c99c2ba254ad0f969b74a" kind="variable"><name>numberField3</name></member>
    <member refid="classcom_1_1francesco_1_1rubrica_1_1_interface_1_1_modifica_contatto_controller_1abca679fbd58a642168535259c810cbfb" kind="variable"><name>emailField1</name></member>
    <member refid="classcom_1_1francesco_1_1rubrica_1_1_interface_1_1_modifica_contatto_controller_1aeefc6f581814b08f68ccf0f5e32a0729" kind="variable"><name>emailField2</name></member>
    <member refid="classcom_1_1francesco_1_1rubrica_1_1_interface_1_1_modifica_contatto_controller_1ab321dd7becd654aea2614f24ae6ab091" kind="variable"><name>emailField3</name></member>
    <member refid="classcom_1_1francesco_1_1rubrica_1_1_interface_1_1_modifica_contatto_controller_1a315ca1ce9e10782cb0ab211bfc01e408" kind="variable"><name>addressField</name></member>
    <member refid="classcom_1_1francesco_1_1rubrica_1_1_interface_1_1_modifica_contatto_controller_1a9662232a64bce3a93021113092ecb33b" kind="variable"><name>modifyButton</name></member>
    <member refid="classcom_1_1francesco_1_1rubrica_1_1_interface_1_1_modifica_contatto_controller_1a7a3583a8c120d9417d7aad1b725b318b" kind="variable"><name>delButton</name></member>
    <member refid="classcom_1_1francesco_1_1rubrica_1_1_interface_1_1_modifica_contatto_controller_1ad044ec400c366cd4795184e22e88e2bc" kind="variable"><name>contatto</name></member>
    <member refid="classcom_1_1francesco_1_1rubrica_1_1_interface_1_1_modifica_contatto_controller_1ac2d3b4d58aaf7c8a576c5e5e41311040" kind="function"><name>initialize</name></member>
    <member refid="classcom_1_1francesco_1_1rubrica_1_1_interface_1_1_modifica_contatto_controller_1a83047eb1c0137b3150c3e7ae5e31f9d7" kind="function"><name>setContatto</name></member>
    <member refid="classcom_1_1francesco_1_1rubrica_1_1_interface_1_1_modifica_contatto_controller_1a0e906f73ef46087c83a47dff8946bdd3" kind="function"><name>annulla</name></member>
    <member refid="classcom_1_1francesco_1_1rubrica_1_1_interface_1_1_modifica_contatto_controller_1a70023154ac6bacae25e972343c9be466" kind="function"><name>modificaContatto</name></member>
  </compound>
  <compound refid="classcom_1_1francesco_1_1rubrica_1_1_data_1_1_rubrica" kind="class"><name>com::francesco::rubrica::Data::Rubrica</name>
    <member refid="classcom_1_1francesco_1_1rubrica_1_1_data_1_1_rubrica_1aa01fca83feb9c7a0cc63c9c15c9446e4" kind="variable"><name>contatti</name></member>
    <member refid="classcom_1_1francesco_1_1rubrica_1_1_data_1_1_rubrica_1accc8e4a1a22890599b85a84ec9420e84" kind="function"><name>Rubrica</name></member>
    <member refid="classcom_1_1francesco_1_1rubrica_1_1_data_1_1_rubrica_1a29dcf7eea2f15dcd81c0b71c9b55341f" kind="function"><name>getContatti</name></member>
    <member refid="classcom_1_1francesco_1_1rubrica_1_1_data_1_1_rubrica_1aba012557630ba3d05df4ae0c9298abd3" kind="function"><name>aggiungiContatto</name></member>
    <member refid="classcom_1_1francesco_1_1rubrica_1_1_data_1_1_rubrica_1a5a1f977b8f298ff4ac73baec25a13ea1" kind="function"><name>ricercaContatto</name></member>
    <member refid="classcom_1_1francesco_1_1rubrica_1_1_data_1_1_rubrica_1a11ed4da93ae8a97714c9951f4fbc7a15" kind="function"><name>esportaContatto</name></member>
    <member refid="classcom_1_1francesco_1_1rubrica_1_1_data_1_1_rubrica_1a9a3103df25d1a933457ae172257c500d" kind="function"><name>importaContatto</name></member>
    <member refid="classcom_1_1francesco_1_1rubrica_1_1_data_1_1_rubrica_1a660195890ce6f9f27811b497266c499d" kind="function"><name>eliminaContatto</name></member>
    <member refid="classcom_1_1francesco_1_1rubrica_1_1_data_1_1_rubrica_1accca283e46426e17742aae366770bf87" kind="function"><name>modificaContatto</name></member>
    <member refid="classcom_1_1francesco_1_1rubrica_1_1_data_1_1_rubrica_1acaae9ecf20a5bde071141a7dc77271c5" kind="function"><name>ordina</name></member>
  </compound>
  <compound refid="classcom_1_1francesco_1_1rubrica_1_1_interface_1_1_main_interface_controller_1_1table_click" kind="class"><name>com::francesco::rubrica::Interface::MainInterfaceController::tableClick</name>
    <member refid="classcom_1_1francesco_1_1rubrica_1_1_interface_1_1_main_interface_controller_1_1table_click_1af3b2b282a1e55bcd02fd639edfa80ff0" kind="function"><name>handle</name></member>
  </compound>
  <compound refid="classcom_1_1francesco_1_1rubrica_1_1_interface_1_1_visualizza_singolo_contatto_controller" kind="class"><name>com::francesco::rubrica::Interface::VisualizzaSingoloContattoController</name>
    <member refid="classcom_1_1francesco_1_1rubrica_1_1_interface_1_1_visualizza_singolo_contatto_controller_1a0f685e0e04e5703acbb523296a7ae039" kind="variable"><name>nameContent</name></member>
    <member refid="classcom_1_1francesco_1_1rubrica_1_1_interface_1_1_visualizza_singolo_contatto_controller_1aab2053cf7f98ddba661af114f8a2cf69" kind="variable"><name>surnameContent</name></member>
    <member refid="classcom_1_1francesco_1_1rubrica_1_1_interface_1_1_visualizza_singolo_contatto_controller_1a7231392833d408ad569acd2ee2c1d7f2" kind="variable"><name>birthdayContent</name></member>
    <member refid="classcom_1_1francesco_1_1rubrica_1_1_interface_1_1_visualizza_singolo_contatto_controller_1a3b8e9f284510e53cd6cff5c72abe8a59" kind="variable"><name>companyContent</name></member>
    <member refid="classcom_1_1francesco_1_1rubrica_1_1_interface_1_1_visualizza_singolo_contatto_controller_1a66a7ebc9dfbd37c14c41ceba9bb16fd7" kind="variable"><name>numberContent1</name></member>
    <member refid="classcom_1_1francesco_1_1rubrica_1_1_interface_1_1_visualizza_singolo_contatto_controller_1ac66311e1eebde3ad0dddb3f0703813d3" kind="variable"><name>numberContent2</name></member>
    <member refid="classcom_1_1francesco_1_1rubrica_1_1_interface_1_1_visualizza_singolo_contatto_controller_1a9a6c14a1de7924959de6c0f5874cac24" kind="variable"><name>numberContent3</name></member>
    <member refid="classcom_1_1francesco_1_1rubrica_1_1_interface_1_1_visualizza_singolo_contatto_controller_1a5ea5b77494bc695cd43d0200ba58e131" kind="variable"><name>emailContent1</name></member>
    <member refid="classcom_1_1francesco_1_1rubrica_1_1_interface_1_1_visualizza_singolo_contatto_controller_1af25c2f551e6418f278e10dfba402da30" kind="variable"><name>emailContent2</name></member>
    <member refid="classcom_1_1francesco_1_1rubrica_1_1_interface_1_1_visualizza_singolo_contatto_controller_1abad902bcaa48164c6c6c05ef269f3592" kind="variable"><name>emailContent3</name></member>
    <member refid="classcom_1_1francesco_1_1rubrica_1_1_interface_1_1_visualizza_singolo_contatto_controller_1a5f03ab9f3969b9d1f1e57ae00aa26049" kind="variable"><name>addressContent</name></member>
    <member refid="classcom_1_1francesco_1_1rubrica_1_1_interface_1_1_visualizza_singolo_contatto_controller_1a5158d69777261cf23004f371030f13e5" kind="variable"><name>modifyButton</name></member>
    <member refid="classcom_1_1francesco_1_1rubrica_1_1_interface_1_1_visualizza_singolo_contatto_controller_1a459f4cbb7a73b41320d7d19121af9475" kind="variable"><name>deleteButton</name></member>
    <member refid="classcom_1_1francesco_1_1rubrica_1_1_interface_1_1_visualizza_singolo_contatto_controller_1ac39aeea7aa9d0e2a38418e2c07aa1b05" kind="variable"><name>returnButton</name></member>
    <member refid="classcom_1_1francesco_1_1rubrica_1_1_interface_1_1_visualizza_singolo_contatto_controller_1aeb721d05cfef0db8793c4003a8525cfc" kind="variable"><name>contatto</name></member>
    <member refid="classcom_1_1francesco_1_1rubrica_1_1_interface_1_1_visualizza_singolo_contatto_controller_1ad8b9ffb3d5cfdc2b49aa75186e9d7360" kind="function"><name>initialize</name></member>
    <member refid="classcom_1_1francesco_1_1rubrica_1_1_interface_1_1_visualizza_singolo_contatto_controller_1a18c6b290a12db5e14f40f2aed9237e83" kind="function"><name>setContatto</name></member>
    <member refid="classcom_1_1francesco_1_1rubrica_1_1_interface_1_1_visualizza_singolo_contatto_controller_1ace5de023a9087357be1bab627c5c163e" kind="function"><name>aggiornaDatiContatto</name></member>
    <member refid="classcom_1_1francesco_1_1rubrica_1_1_interface_1_1_visualizza_singolo_contatto_controller_1a77fead035d90d5ae923701e23c672b6e" kind="function"><name>displayModificaContatto</name></member>
    <member refid="classcom_1_1francesco_1_1rubrica_1_1_interface_1_1_visualizza_singolo_contatto_controller_1a0b8e5657281561eef1b4cc88d3caf610" kind="function"><name>eliminaContatto</name></member>
    <member refid="classcom_1_1francesco_1_1rubrica_1_1_interface_1_1_visualizza_singolo_contatto_controller_1aea171862642f2c3aa4e5944f6a78d9cd" kind="function"><name>displayMainInterface</name></member>
  </compound>
  <compound refid="namespacecom" kind="namespace"><name>com</name>
  </compound>
  <compound refid="namespacecom_1_1francesco" kind="namespace"><name>com::francesco</name>
  </compound>
  <compound refid="namespacecom_1_1francesco_1_1rubrica" kind="namespace"><name>com::francesco::rubrica</name>
  </compound>
  <compound refid="namespacecom_1_1francesco_1_1rubrica_1_1_data" kind="namespace"><name>com::francesco::rubrica::Data</name>
  </compound>
  <compound refid="namespacecom_1_1francesco_1_1rubrica_1_1_interface" kind="namespace"><name>com::francesco::rubrica::Interface</name>
  </compound>
  <compound refid="namespacecom_1_1francesco_1_1rubrica_1_1_main" kind="namespace"><name>com::francesco::rubrica::Main</name>
  </compound>
  <compound refid="namespacejava_1_1io" kind="namespace"><name>java::io</name>
  </compound>
  <compound refid="namespacejava_1_1lang" kind="namespace"><name>java::lang</name>
  </compound>
  <compound refid="namespacejavafx" kind="namespace"><name>javafx</name>
  </compound>
  <compound refid="namespacejavafx_1_1event" kind="namespace"><name>javafx::event</name>
  </compound>
  <compound refid="_aggiunta_contatto_controller_8java" kind="file"><name>AggiuntaContattoController.java</name>
  </compound>
  <compound refid="_app_8java" kind="file"><name>App.java</name>
  </compound>
  <compound refid="_contatto_8java" kind="file"><name>Contatto.java</name>
  </compound>
  <compound refid="_main_interface_controller_8java" kind="file"><name>MainInterfaceController.java</name>
  </compound>
  <compound refid="_modifica_contatto_controller_8java" kind="file"><name>ModificaContattoController.java</name>
  </compound>
  <compound refid="_rubrica_8java" kind="file"><name>Rubrica.java</name>
  </compound>
  <compound refid="_visualizza_singolo_contatto_controller_8java" kind="file"><name>VisualizzaSingoloContattoController.java</name>
  </compound>
</doxygenindex>
