<?xml version='1.0' encoding='UTF-8' standalone='no'?>
<doxygen xmlns:xsi="http://www.w3.org/2001/XMLSchema-instance" xsi:noNamespaceSchemaLocation="compound.xsd" version="1.12.0" xml:lang="it">
  <compounddef id="namespacecom_1_1francesco_1_1rubrica_1_1_main" kind="namespace" language="Java">
    <compoundname>com::francesco::rubrica::Main</compoundname>
    <innerclass refid="classcom_1_1francesco_1_1rubrica_1_1_main_1_1_app" prot="public">com::francesco::rubrica::Main::App</innerclass>
    <briefdescription>
    </briefdescription>
    <detaileddescription>
    </detaileddescription>
    <location file="Main/App.java" line="1" column="15"/>
  </compounddef>
</doxygen>
