<?xml version='1.0' encoding='UTF-8' standalone='no'?>
<doxygen xmlns:xsi="http://www.w3.org/2001/XMLSchema-instance" xsi:noNamespaceSchemaLocation="compound.xsd" version="1.12.0" xml:lang="it">
  <compounddef id="namespacecom_1_1francesco_1_1rubrica" kind="namespace" language="Java">
    <compoundname>com::francesco::rubrica</compoundname>
    <innernamespace refid="namespacecom_1_1francesco_1_1rubrica_1_1_data">com::francesco::rubrica::Data</innernamespace>
    <innernamespace refid="namespacecom_1_1francesco_1_1rubrica_1_1_interface">com::francesco::rubrica::Interface</innernamespace>
    <innernamespace refid="namespacecom_1_1francesco_1_1rubrica_1_1_main">com::francesco::rubrica::Main</innernamespace>
    <briefdescription>
    </briefdescription>
    <detaileddescription>
    </detaileddescription>
    <location file="[generated]" line="1" column="1"/>
  </compounddef>
</doxygen>
