<?xml version='1.0' encoding='UTF-8' standalone='no'?>
<doxygen xmlns:xsi="http://www.w3.org/2001/XMLSchema-instance" xsi:noNamespaceSchemaLocation="compound.xsd" version="1.12.0" xml:lang="it">
  <compounddef id="namespacecom_1_1francesco_1_1rubrica_1_1_data_1_1_contatto" kind="namespace" language="Java">
    <compoundname>com::francesco::rubrica::Data::Contatto</compoundname>
    <briefdescription>
    </briefdescription>
    <detaileddescription>
    </detaileddescription>
    <location file="Interface/AggiuntaContattoController.java" line="1" column="1"/>
  </compounddef>
</doxygen>
