<?xml version='1.0' encoding='UTF-8' standalone='no'?>
<doxygen xmlns:xsi="http://www.w3.org/2001/XMLSchema-instance" xsi:noNamespaceSchemaLocation="compound.xsd" version="1.12.0" xml:lang="it">
  <compounddef id="namespacecom_1_1francesco_1_1rubrica_1_1_interface" kind="namespace" language="Java">
    <compoundname>com::francesco::rubrica::Interface</compoundname>
    <innerclass refid="classcom_1_1francesco_1_1rubrica_1_1_interface_1_1_aggiunta_contatto_controller" prot="public">com::francesco::rubrica::Interface::AggiuntaContattoController</innerclass>
    <innerclass refid="classcom_1_1francesco_1_1rubrica_1_1_interface_1_1_main_interface_controller" prot="public">com::francesco::rubrica::Interface::MainInterfaceController</innerclass>
    <innerclass refid="classcom_1_1francesco_1_1rubrica_1_1_interface_1_1_modifica_contatto_controller" prot="public">com::francesco::rubrica::Interface::ModificaContattoController</innerclass>
    <innerclass refid="classcom_1_1francesco_1_1rubrica_1_1_interface_1_1_visualizza_singolo_contatto_controller" prot="public">com::francesco::rubrica::Interface::VisualizzaSingoloContattoController</innerclass>
    <briefdescription>
    </briefdescription>
    <detaileddescription>
    </detaileddescription>
    <location file="AggiuntaContattoController.java" line="6" column="15"/>
  </compounddef>
</doxygen>
