<?xml version='1.0' encoding='UTF-8' standalone='no'?>
<doxygen xmlns:xsi="http://www.w3.org/2001/XMLSchema-instance" xsi:noNamespaceSchemaLocation="compound.xsd" version="1.12.0" xml:lang="en-US">
  <compounddef id="_annulla_operazione_8java" kind="file" language="Java">
    <compoundname>AnnullaOperazione.java</compoundname>
    <includes local="no">data.Contatto</includes>
    <incdepgraph>
      <node id="1">
        <label>AnnullaOperazione.java</label>
        <link refid="_annulla_operazione_8java"/>
        <childnode refid="2" relation="include">
        </childnode>
      </node>
      <node id="2">
        <label>data.Contatto</label>
      </node>
    </incdepgraph>
    <innerclass refid="classannullaoperazione_1_1_annulla_operazione" prot="public">annullaoperazione::AnnullaOperazione</innerclass>
    <innernamespace refid="namespaceannullaoperazione">annullaoperazione</innernamespace>
    <briefdescription>
    </briefdescription>
    <detaileddescription>
    </detaileddescription>
    <programlisting>
<codeline lineno="1"><highlight class="comment">/*</highlight></codeline>
<codeline lineno="2"><highlight class="comment"><sp/>*<sp/>To<sp/>change<sp/>this<sp/>license<sp/>header,<sp/>choose<sp/>License<sp/>Headers<sp/>in<sp/>Project<sp/>Properties.</highlight></codeline>
<codeline lineno="3"><highlight class="comment"><sp/>*<sp/>To<sp/>change<sp/>this<sp/>template<sp/>file,<sp/>choose<sp/>Tools<sp/>|<sp/>Templates</highlight></codeline>
<codeline lineno="4"><highlight class="comment"><sp/>*<sp/>and<sp/>open<sp/>the<sp/>template<sp/>in<sp/>the<sp/>editor.</highlight></codeline>
<codeline lineno="5"><highlight class="comment"><sp/>*/</highlight><highlight class="normal"></highlight></codeline>
<codeline lineno="6"><highlight class="normal"></highlight><highlight class="keyword">package<sp/></highlight><highlight class="normal">annullaoperazione;</highlight></codeline>
<codeline lineno="7"><highlight class="normal"></highlight></codeline>
<codeline lineno="12"><highlight class="normal"></highlight><highlight class="keyword">import</highlight><highlight class="normal"><sp/>data.Contatto;</highlight></codeline>
<codeline lineno="13"><highlight class="normal"></highlight><highlight class="keyword">import</highlight><highlight class="normal"><sp/>java.util.ArrayList;</highlight></codeline>
<codeline lineno="14"><highlight class="normal"></highlight><highlight class="keyword">import</highlight><highlight class="normal"><sp/>java.util.List;</highlight></codeline>
<codeline lineno="15"><highlight class="normal"></highlight></codeline>
<codeline lineno="25" refid="classannullaoperazione_1_1_annulla_operazione" refkind="compound"><highlight class="normal"></highlight><highlight class="keyword">public</highlight><highlight class="normal"><sp/></highlight><highlight class="keyword">class<sp/></highlight><highlight class="normal"><ref refid="classannullaoperazione_1_1_annulla_operazione" kindref="compound">AnnullaOperazione</ref><sp/>{</highlight></codeline>
<codeline lineno="30"><highlight class="normal"><sp/><sp/><sp/><sp/></highlight><highlight class="keyword">private</highlight><highlight class="normal"><sp/>List&lt;Contatto&gt;<sp/>statiPrecedenti;</highlight></codeline>
<codeline lineno="31"><highlight class="normal"></highlight></codeline>
<codeline lineno="37"><highlight class="normal"><sp/><sp/><sp/><sp/></highlight><highlight class="keyword">public</highlight><highlight class="normal"><sp/><ref refid="classannullaoperazione_1_1_annulla_operazione_1ade1529fe9abf4edff4c941b393f24ee1" kindref="member">AnnullaOperazione</ref>()<sp/>{</highlight></codeline>
<codeline lineno="38"><highlight class="normal"><sp/><sp/><sp/><sp/><sp/><sp/><sp/><sp/>statiPrecedenti<sp/>=<sp/></highlight><highlight class="keyword">new</highlight><highlight class="normal"><sp/>ArrayList&lt;&gt;();</highlight></codeline>
<codeline lineno="39"><highlight class="normal"><sp/><sp/><sp/><sp/>}</highlight></codeline>
<codeline lineno="40"><highlight class="normal"></highlight></codeline>
<codeline lineno="48"><highlight class="normal"><sp/><sp/><sp/><sp/></highlight><highlight class="keyword">public</highlight><highlight class="normal"><sp/></highlight><highlight class="keywordtype">void</highlight><highlight class="normal"><sp/><ref refid="classannullaoperazione_1_1_annulla_operazione_1ad0af26ad0c559a56b7ecf22cd5126724" kindref="member">salvaStato</ref>(List&lt;Contatto&gt;<sp/>statoCorrente)<sp/>{</highlight></codeline>
<codeline lineno="49"><highlight class="normal"><sp/><sp/><sp/><sp/><sp/><sp/><sp/><sp/></highlight></codeline>
<codeline lineno="50"><highlight class="normal"><sp/><sp/><sp/><sp/>}</highlight></codeline>
<codeline lineno="51"><highlight class="normal"></highlight></codeline>
<codeline lineno="62"><highlight class="normal"><sp/><sp/><sp/><sp/></highlight><highlight class="keyword">public</highlight><highlight class="normal"><sp/>List&lt;Contatto&gt;<sp/><ref refid="classannullaoperazione_1_1_annulla_operazione_1a99386be72c44362311bd11defe6e6d86" kindref="member">annulla</ref>()<sp/>{</highlight></codeline>
<codeline lineno="63"><highlight class="normal"><sp/><sp/><sp/><sp/><sp/><sp/></highlight><highlight class="keywordflow">return</highlight><highlight class="normal"><sp/>statiPrecedenti;</highlight></codeline>
<codeline lineno="64"><highlight class="normal">}</highlight></codeline>
<codeline lineno="65"><highlight class="normal">}</highlight></codeline>
    </programlisting>
    <location file="AnnullaOperazione.java"/>
  </compounddef>
</doxygen>
