<?xml version='1.0' encoding='UTF-8' standalone='no'?>
<doxygen xmlns:xsi="http://www.w3.org/2001/XMLSchema-instance" xsi:noNamespaceSchemaLocation="compound.xsd" version="1.12.0" xml:lang="en-US">
  <compounddef id="classdata_1_1_contatto" kind="class" language="Java" prot="public">
    <compoundname>data::Contatto</compoundname>
    <sectiondef kind="private-attrib">
      <memberdef kind="variable" id="classdata_1_1_contatto_1a1a97fef653d8fc3c36b176a8ec20bafc" prot="private" static="no" mutable="no">
        <type>String</type>
        <definition>String data.Contatto.nome</definition>
        <argsstring></argsstring>
        <name>nome</name>
        <qualifiedname>data.Contatto.nome</qualifiedname>
        <briefdescription>
<para>Nome del contatto. </para>
        </briefdescription>
        <detaileddescription>
<para><simplesect kind="invariant"><para>Il nome non può essere null o vuoto. </para>
</simplesect>
</para>
        </detaileddescription>
        <inbodydescription>
        </inbodydescription>
        <location file="Contatto.java" line="37" column="20" bodyfile="Contatto.java" bodystart="37" bodyend="-1"/>
      </memberdef>
      <memberdef kind="variable" id="classdata_1_1_contatto_1a0422edacc7d4199a7c58101dde4dff04" prot="private" static="no" mutable="no">
        <type>String</type>
        <definition>String data.Contatto.cognome</definition>
        <argsstring></argsstring>
        <name>cognome</name>
        <qualifiedname>data.Contatto.cognome</qualifiedname>
        <briefdescription>
<para>Cognome del contatto. </para>
        </briefdescription>
        <detaileddescription>
<para><simplesect kind="invariant"><para>Il cognome non può essere null o vuoto. </para>
</simplesect>
</para>
        </detaileddescription>
        <inbodydescription>
        </inbodydescription>
        <location file="Contatto.java" line="43" column="20" bodyfile="Contatto.java" bodystart="43" bodyend="-1"/>
      </memberdef>
      <memberdef kind="variable" id="classdata_1_1_contatto_1a624b100c25eea4e30cca003cb0102d0c" prot="private" static="no" mutable="no">
        <type>String</type>
        <definition>String data.Contatto.telefono1</definition>
        <argsstring></argsstring>
        <name>telefono1</name>
        <qualifiedname>data.Contatto.telefono1</qualifiedname>
        <briefdescription>
<para>Primo numero di telefono del contatto. </para>
        </briefdescription>
        <detaileddescription>
        </detaileddescription>
        <inbodydescription>
        </inbodydescription>
        <location file="Contatto.java" line="48" column="20" bodyfile="Contatto.java" bodystart="48" bodyend="-1"/>
      </memberdef>
      <memberdef kind="variable" id="classdata_1_1_contatto_1a086a328cb117c01942f6322357876a19" prot="private" static="no" mutable="no">
        <type>String</type>
        <definition>String data.Contatto.telefono2</definition>
        <argsstring></argsstring>
        <name>telefono2</name>
        <qualifiedname>data.Contatto.telefono2</qualifiedname>
        <briefdescription>
<para>Secondo numero di telefono del contatto. </para>
        </briefdescription>
        <detaileddescription>
        </detaileddescription>
        <inbodydescription>
        </inbodydescription>
        <location file="Contatto.java" line="53" column="20" bodyfile="Contatto.java" bodystart="53" bodyend="-1"/>
      </memberdef>
      <memberdef kind="variable" id="classdata_1_1_contatto_1acb0a442513aed2d26cb17ce706980bdc" prot="private" static="no" mutable="no">
        <type>String</type>
        <definition>String data.Contatto.telefono3</definition>
        <argsstring></argsstring>
        <name>telefono3</name>
        <qualifiedname>data.Contatto.telefono3</qualifiedname>
        <briefdescription>
<para>Terzo numero di telefono del contatto. </para>
        </briefdescription>
        <detaileddescription>
        </detaileddescription>
        <inbodydescription>
        </inbodydescription>
        <location file="Contatto.java" line="58" column="20" bodyfile="Contatto.java" bodystart="58" bodyend="-1"/>
      </memberdef>
      <memberdef kind="variable" id="classdata_1_1_contatto_1a0d9a4d12fae470d34276b9bc1ed94695" prot="private" static="no" mutable="no">
        <type>String</type>
        <definition>String data.Contatto.email1</definition>
        <argsstring></argsstring>
        <name>email1</name>
        <qualifiedname>data.Contatto.email1</qualifiedname>
        <briefdescription>
<para>Prima email del contatto. </para>
        </briefdescription>
        <detaileddescription>
<para><simplesect kind="invariant"><para>Se non null, deve essere un indirizzo email valido </para>
</simplesect>
</para>
        </detaileddescription>
        <inbodydescription>
        </inbodydescription>
        <location file="Contatto.java" line="64" column="20" bodyfile="Contatto.java" bodystart="64" bodyend="-1"/>
      </memberdef>
      <memberdef kind="variable" id="classdata_1_1_contatto_1a14a2f0ee84583bf6ad0c92c73d6f581b" prot="private" static="no" mutable="no">
        <type>String</type>
        <definition>String data.Contatto.email2</definition>
        <argsstring></argsstring>
        <name>email2</name>
        <qualifiedname>data.Contatto.email2</qualifiedname>
        <briefdescription>
<para>Seconda email del contatto. </para>
        </briefdescription>
        <detaileddescription>
<para><simplesect kind="invariant"><para>Se non null, deve essere un indirizzo email valido </para>
</simplesect>
</para>
        </detaileddescription>
        <inbodydescription>
        </inbodydescription>
        <location file="Contatto.java" line="70" column="20" bodyfile="Contatto.java" bodystart="70" bodyend="-1"/>
      </memberdef>
      <memberdef kind="variable" id="classdata_1_1_contatto_1a63dab8a9d4f7ba777b4cca10360e70be" prot="private" static="no" mutable="no">
        <type>String</type>
        <definition>String data.Contatto.email3</definition>
        <argsstring></argsstring>
        <name>email3</name>
        <qualifiedname>data.Contatto.email3</qualifiedname>
        <briefdescription>
<para>Terza email del contatto. </para>
        </briefdescription>
        <detaileddescription>
<para><simplesect kind="invariant"><para>Se non null, deve essere un indirizzo email valido </para>
</simplesect>
</para>
        </detaileddescription>
        <inbodydescription>
        </inbodydescription>
        <location file="Contatto.java" line="76" column="20" bodyfile="Contatto.java" bodystart="76" bodyend="-1"/>
      </memberdef>
      <memberdef kind="variable" id="classdata_1_1_contatto_1ade82bdf0dc50ff171df823c95ca5d254" prot="private" static="no" mutable="no">
        <type>String</type>
        <definition>String data.Contatto.società</definition>
        <argsstring></argsstring>
        <name>società</name>
        <qualifiedname>data.Contatto.società</qualifiedname>
        <briefdescription>
<para>Nome dell&apos;azienda associata al contatto. </para>
        </briefdescription>
        <detaileddescription>
        </detaileddescription>
        <inbodydescription>
        </inbodydescription>
        <location file="Contatto.java" line="81" column="20" bodyfile="Contatto.java" bodystart="81" bodyend="-1"/>
      </memberdef>
      <memberdef kind="variable" id="classdata_1_1_contatto_1a7077ac412dcfe4cf0ba97b510ad6d272" prot="private" static="no" mutable="no">
        <type>String</type>
        <definition>String data.Contatto.indirizzo</definition>
        <argsstring></argsstring>
        <name>indirizzo</name>
        <qualifiedname>data.Contatto.indirizzo</qualifiedname>
        <briefdescription>
<para>Indirizzo del contatto. </para>
        </briefdescription>
        <detaileddescription>
        </detaileddescription>
        <inbodydescription>
        </inbodydescription>
        <location file="Contatto.java" line="86" column="20" bodyfile="Contatto.java" bodystart="86" bodyend="-1"/>
      </memberdef>
      <memberdef kind="variable" id="classdata_1_1_contatto_1a60a253c0589ebfcb86cba3c58c8359e0" prot="private" static="no" mutable="no">
        <type>LocalDate</type>
        <definition>LocalDate data.Contatto.compleanno</definition>
        <argsstring></argsstring>
        <name>compleanno</name>
        <qualifiedname>data.Contatto.compleanno</qualifiedname>
        <briefdescription>
<para>Data di compleanno del contatto. </para>
        </briefdescription>
        <detaileddescription>
<para><simplesect kind="invariant"><para>Se specificata, deve essere una data valida. </para>
</simplesect>
</para>
        </detaileddescription>
        <inbodydescription>
        </inbodydescription>
        <location file="Contatto.java" line="92" column="23" bodyfile="Contatto.java" bodystart="92" bodyend="-1"/>
      </memberdef>
    </sectiondef>
    <sectiondef kind="public-func">
      <memberdef kind="function" id="classdata_1_1_contatto_1a091da99d2def84bba912873149b9f225" prot="public" static="no" const="no" explicit="no" inline="yes" virt="non-virtual">
        <type></type>
        <definition>data.Contatto.Contatto</definition>
        <argsstring>(String nome, String cognome, String telefono1, String telefono2, String telefono3, String email1, String email2, String email3, String società, String indirizzo, LocalDate compleanno)</argsstring>
        <name>Contatto</name>
        <qualifiedname>data.Contatto.Contatto</qualifiedname>
        <param>
          <type>String</type>
          <declname>nome</declname>
        </param>
        <param>
          <type>String</type>
          <declname>cognome</declname>
        </param>
        <param>
          <type>String</type>
          <declname>telefono1</declname>
        </param>
        <param>
          <type>String</type>
          <declname>telefono2</declname>
        </param>
        <param>
          <type>String</type>
          <declname>telefono3</declname>
        </param>
        <param>
          <type>String</type>
          <declname>email1</declname>
        </param>
        <param>
          <type>String</type>
          <declname>email2</declname>
        </param>
        <param>
          <type>String</type>
          <declname>email3</declname>
        </param>
        <param>
          <type>String</type>
          <declname>società</declname>
        </param>
        <param>
          <type>String</type>
          <declname>indirizzo</declname>
        </param>
        <param>
          <type>LocalDate</type>
          <declname>compleanno</declname>
        </param>
        <briefdescription>
<para>Costruttore per creare un contatto con dettagli completi. </para>
        </briefdescription>
        <detaileddescription>
<para><parameterlist kind="param"><parameteritem>
<parameternamelist>
<parametername>nome</parametername>
</parameternamelist>
<parameterdescription>
<para>Nome del contatto. </para>
</parameterdescription>
</parameteritem>
<parameteritem>
<parameternamelist>
<parametername>cognome</parametername>
</parameternamelist>
<parameterdescription>
<para>Cognome del contatto. </para>
</parameterdescription>
</parameteritem>
<parameteritem>
<parameternamelist>
<parametername>telefono1</parametername>
</parameternamelist>
<parameterdescription>
<para>Primo numero di telefono. </para>
</parameterdescription>
</parameteritem>
<parameteritem>
<parameternamelist>
<parametername>telefono2</parametername>
</parameternamelist>
<parameterdescription>
<para>Secondo numero di telefono. </para>
</parameterdescription>
</parameteritem>
<parameteritem>
<parameternamelist>
<parametername>telefono3</parametername>
</parameternamelist>
<parameterdescription>
<para>Terzo numero di telefono. </para>
</parameterdescription>
</parameteritem>
<parameteritem>
<parameternamelist>
<parametername>email1</parametername>
</parameternamelist>
<parameterdescription>
<para>Prima email del contatto. </para>
</parameterdescription>
</parameteritem>
<parameteritem>
<parameternamelist>
<parametername>email2</parametername>
</parameternamelist>
<parameterdescription>
<para>Seconda email del contatto. </para>
</parameterdescription>
</parameteritem>
<parameteritem>
<parameternamelist>
<parametername>email3</parametername>
</parameternamelist>
<parameterdescription>
<para>Terza email del contatto. </para>
</parameterdescription>
</parameteritem>
<parameteritem>
<parameternamelist>
<parametername>societa</parametername>
</parameternamelist>
<parameterdescription>
<para>Nome dell&apos;azienda. </para>
</parameterdescription>
</parameteritem>
<parameteritem>
<parameternamelist>
<parametername>indirizzo</parametername>
</parameternamelist>
<parameterdescription>
<para>Indirizzo del contatto. </para>
</parameterdescription>
</parameteritem>
<parameteritem>
<parameternamelist>
<parametername>compleanno</parametername>
</parameternamelist>
<parameterdescription>
<para>Data di compleanno del contatto. </para>
</parameterdescription>
</parameteritem>
</parameterlist>
</para>
        </detaileddescription>
        <inbodydescription>
        </inbodydescription>
        <location file="Contatto.java" line="108" column="12" bodyfile="Contatto.java" bodystart="108" bodyend="122"/>
      </memberdef>
      <memberdef kind="function" id="classdata_1_1_contatto_1a50b37b4972e79922220c69158eff0402" prot="public" static="no" const="no" explicit="no" inline="yes" virt="non-virtual">
        <type>String</type>
        <definition>String data.Contatto.getTelefono1</definition>
        <argsstring>()</argsstring>
        <name>getTelefono1</name>
        <qualifiedname>data.Contatto.getTelefono1</qualifiedname>
        <briefdescription>
<para>Restituisce il primo numero di telefono. </para>
        </briefdescription>
        <detaileddescription>
<para><simplesect kind="return"><para>Stringa contenente il primo numero di telefono. </para>
</simplesect>
</para>
        </detaileddescription>
        <inbodydescription>
        </inbodydescription>
        <location file="Contatto.java" line="130" column="19" bodyfile="Contatto.java" bodystart="130" bodyend="132"/>
      </memberdef>
      <memberdef kind="function" id="classdata_1_1_contatto_1a26fbdc3db443e2948c3ad2da047fc6eb" prot="public" static="no" const="no" explicit="no" inline="yes" virt="non-virtual">
        <type>void</type>
        <definition>void data.Contatto.setTelefono1</definition>
        <argsstring>(String telefono1)</argsstring>
        <name>setTelefono1</name>
        <qualifiedname>data.Contatto.setTelefono1</qualifiedname>
        <param>
          <type>String</type>
          <declname>telefono1</declname>
        </param>
        <briefdescription>
<para>Imposta il primo numero di telefono. </para>
        </briefdescription>
        <detaileddescription>
<para><parameterlist kind="param"><parameteritem>
<parameternamelist>
<parametername>telefono1</parametername>
</parameternamelist>
<parameterdescription>
<para>Primo numero di telefono da impostare. </para>
</parameterdescription>
</parameteritem>
</parameterlist>
</para>
        </detaileddescription>
        <inbodydescription>
        </inbodydescription>
        <location file="Contatto.java" line="138" column="17" bodyfile="Contatto.java" bodystart="138" bodyend="140"/>
      </memberdef>
      <memberdef kind="function" id="classdata_1_1_contatto_1ab25735d38a471a1da03d1b09fc6398ca" prot="public" static="no" const="no" explicit="no" inline="yes" virt="non-virtual">
        <type>String</type>
        <definition>String data.Contatto.getCognome</definition>
        <argsstring>()</argsstring>
        <name>getCognome</name>
        <qualifiedname>data.Contatto.getCognome</qualifiedname>
        <briefdescription>
<para>Restituisce il cognome del contatto. </para>
        </briefdescription>
        <detaileddescription>
<para><simplesect kind="return"><para>Stringa contenente il cognome. </para>
</simplesect>
</para>
        </detaileddescription>
        <inbodydescription>
        </inbodydescription>
        <location file="Contatto.java" line="145" column="19" bodyfile="Contatto.java" bodystart="145" bodyend="147"/>
      </memberdef>
      <memberdef kind="function" id="classdata_1_1_contatto_1a7d77b502c70b11d2639f0060d3e65f3b" prot="public" static="no" const="no" explicit="no" inline="yes" virt="non-virtual">
        <type>String</type>
        <definition>String data.Contatto.getTelefono2</definition>
        <argsstring>()</argsstring>
        <name>getTelefono2</name>
        <qualifiedname>data.Contatto.getTelefono2</qualifiedname>
        <briefdescription>
<para>Restituisce il secondo numero di telefono. </para>
        </briefdescription>
        <detaileddescription>
<para><simplesect kind="return"><para>Stringa contenente il secondo numero di telefono. </para>
</simplesect>
</para>
        </detaileddescription>
        <inbodydescription>
        </inbodydescription>
        <location file="Contatto.java" line="152" column="19" bodyfile="Contatto.java" bodystart="152" bodyend="154"/>
      </memberdef>
      <memberdef kind="function" id="classdata_1_1_contatto_1a89b7b03b6f73f333ca3c1bec118cd024" prot="public" static="no" const="no" explicit="no" inline="yes" virt="non-virtual">
        <type>String</type>
        <definition>String data.Contatto.getTelefono3</definition>
        <argsstring>()</argsstring>
        <name>getTelefono3</name>
        <qualifiedname>data.Contatto.getTelefono3</qualifiedname>
        <briefdescription>
<para>Restituisce il terzo numero di telefono. </para>
        </briefdescription>
        <detaileddescription>
<para><simplesect kind="return"><para>Stringa contenente il terzo numero di telefono. </para>
</simplesect>
</para>
        </detaileddescription>
        <inbodydescription>
        </inbodydescription>
        <location file="Contatto.java" line="159" column="19" bodyfile="Contatto.java" bodystart="159" bodyend="161"/>
      </memberdef>
      <memberdef kind="function" id="classdata_1_1_contatto_1aa75ef4b2b2eee54227d979fc42092ccf" prot="public" static="no" const="no" explicit="no" inline="yes" virt="non-virtual">
        <type>String</type>
        <definition>String data.Contatto.getEmail1</definition>
        <argsstring>()</argsstring>
        <name>getEmail1</name>
        <qualifiedname>data.Contatto.getEmail1</qualifiedname>
        <briefdescription>
<para>Restituisce la prima mail del contatto. </para>
        </briefdescription>
        <detaileddescription>
<para><simplesect kind="return"><para>Stringa contenente la prima mail del contatto. </para>
</simplesect>
</para>
        </detaileddescription>
        <inbodydescription>
        </inbodydescription>
        <location file="Contatto.java" line="166" column="19" bodyfile="Contatto.java" bodystart="166" bodyend="168"/>
      </memberdef>
      <memberdef kind="function" id="classdata_1_1_contatto_1a020186d179dddf41807df91e34dd2498" prot="public" static="no" const="no" explicit="no" inline="yes" virt="non-virtual">
        <type>String</type>
        <definition>String data.Contatto.getEmail2</definition>
        <argsstring>()</argsstring>
        <name>getEmail2</name>
        <qualifiedname>data.Contatto.getEmail2</qualifiedname>
        <briefdescription>
<para>Restituisce la seconda mail del contatto. </para>
        </briefdescription>
        <detaileddescription>
<para><simplesect kind="return"><para>Stringa contenente la seconda mail del contatto. </para>
</simplesect>
</para>
        </detaileddescription>
        <inbodydescription>
        </inbodydescription>
        <location file="Contatto.java" line="173" column="19" bodyfile="Contatto.java" bodystart="173" bodyend="175"/>
      </memberdef>
      <memberdef kind="function" id="classdata_1_1_contatto_1a566a10ca79ed9b289b9741fbd4f63656" prot="public" static="no" const="no" explicit="no" inline="yes" virt="non-virtual">
        <type>String</type>
        <definition>String data.Contatto.getEmail3</definition>
        <argsstring>()</argsstring>
        <name>getEmail3</name>
        <qualifiedname>data.Contatto.getEmail3</qualifiedname>
        <briefdescription>
<para>Restituisce la tera mail del contatto. </para>
        </briefdescription>
        <detaileddescription>
<para><simplesect kind="return"><para>Stringa contenente la terza mail del contatto. </para>
</simplesect>
</para>
        </detaileddescription>
        <inbodydescription>
        </inbodydescription>
        <location file="Contatto.java" line="180" column="19" bodyfile="Contatto.java" bodystart="180" bodyend="182"/>
      </memberdef>
      <memberdef kind="function" id="classdata_1_1_contatto_1a78ae469a565e6114fedc2284f47c69b8" prot="public" static="no" const="no" explicit="no" inline="yes" virt="non-virtual">
        <type>String</type>
        <definition>String data.Contatto.getSocietà</definition>
        <argsstring>()</argsstring>
        <name>getSocietà</name>
        <qualifiedname>data.Contatto.getSocietà</qualifiedname>
        <briefdescription>
<para>Restituisce la società del contatto. </para>
        </briefdescription>
        <detaileddescription>
<para><simplesect kind="return"><para>Stringa contenente la società del contatto. </para>
</simplesect>
</para>
        </detaileddescription>
        <inbodydescription>
        </inbodydescription>
        <location file="Contatto.java" line="187" column="19" bodyfile="Contatto.java" bodystart="187" bodyend="189"/>
      </memberdef>
      <memberdef kind="function" id="classdata_1_1_contatto_1a7d1f8a6099705ecdd98010ff21f899af" prot="public" static="no" const="no" explicit="no" inline="yes" virt="non-virtual">
        <type>String</type>
        <definition>String data.Contatto.getIndirizzo</definition>
        <argsstring>()</argsstring>
        <name>getIndirizzo</name>
        <qualifiedname>data.Contatto.getIndirizzo</qualifiedname>
        <briefdescription>
<para>Restituisce l&apos;indirizzo del contatto. </para>
        </briefdescription>
        <detaileddescription>
<para><simplesect kind="return"><para>Stringa contenente l&apos;indirizzo del contatto. </para>
</simplesect>
</para>
        </detaileddescription>
        <inbodydescription>
        </inbodydescription>
        <location file="Contatto.java" line="194" column="19" bodyfile="Contatto.java" bodystart="194" bodyend="196"/>
      </memberdef>
      <memberdef kind="function" id="classdata_1_1_contatto_1a39800ceb646397c7980e8163ac8d9955" prot="public" static="no" const="no" explicit="no" inline="yes" virt="non-virtual">
        <type>void</type>
        <definition>void data.Contatto.setCognome</definition>
        <argsstring>(String cognome)</argsstring>
        <name>setCognome</name>
        <qualifiedname>data.Contatto.setCognome</qualifiedname>
        <param>
          <type>String</type>
          <declname>cognome</declname>
        </param>
        <briefdescription>
<para>Imposta il cognome del contatto. </para>
        </briefdescription>
        <detaileddescription>
<para><parameterlist kind="param"><parameteritem>
<parameternamelist>
<parametername>cognome</parametername>
</parameternamelist>
<parameterdescription>
<para>Cognome del contatto da impostare. </para>
</parameterdescription>
</parameteritem>
</parameterlist>
</para>
        </detaileddescription>
        <inbodydescription>
        </inbodydescription>
        <location file="Contatto.java" line="201" column="17" bodyfile="Contatto.java" bodystart="201" bodyend="203"/>
      </memberdef>
      <memberdef kind="function" id="classdata_1_1_contatto_1a2ea46e77f2707208c87431c66ec1211c" prot="public" static="no" const="no" explicit="no" inline="yes" virt="non-virtual">
        <type>void</type>
        <definition>void data.Contatto.setTelefono2</definition>
        <argsstring>(String telefono2)</argsstring>
        <name>setTelefono2</name>
        <qualifiedname>data.Contatto.setTelefono2</qualifiedname>
        <param>
          <type>String</type>
          <declname>telefono2</declname>
        </param>
        <briefdescription>
<para>Imposta il secondo numero di telefono. </para>
        </briefdescription>
        <detaileddescription>
<para><parameterlist kind="param"><parameteritem>
<parameternamelist>
<parametername>telefono2</parametername>
</parameternamelist>
<parameterdescription>
<para>Secondo numero di telefono da impostare. </para>
</parameterdescription>
</parameteritem>
</parameterlist>
</para>
        </detaileddescription>
        <inbodydescription>
        </inbodydescription>
        <location file="Contatto.java" line="208" column="17" bodyfile="Contatto.java" bodystart="208" bodyend="210"/>
      </memberdef>
      <memberdef kind="function" id="classdata_1_1_contatto_1a081782764a348efd2ff9fe149570b896" prot="public" static="no" const="no" explicit="no" inline="yes" virt="non-virtual">
        <type>void</type>
        <definition>void data.Contatto.setTelefono3</definition>
        <argsstring>(String telefono3)</argsstring>
        <name>setTelefono3</name>
        <qualifiedname>data.Contatto.setTelefono3</qualifiedname>
        <param>
          <type>String</type>
          <declname>telefono3</declname>
        </param>
        <briefdescription>
<para>Imposta il terzo numero di telefono. </para>
        </briefdescription>
        <detaileddescription>
<para><parameterlist kind="param"><parameteritem>
<parameternamelist>
<parametername>telefono3</parametername>
</parameternamelist>
<parameterdescription>
<para>Terzo numero di telefono da impostare. </para>
</parameterdescription>
</parameteritem>
</parameterlist>
</para>
        </detaileddescription>
        <inbodydescription>
        </inbodydescription>
        <location file="Contatto.java" line="215" column="17" bodyfile="Contatto.java" bodystart="215" bodyend="217"/>
      </memberdef>
      <memberdef kind="function" id="classdata_1_1_contatto_1a1483d77d5d5089673ec8d2f4000ce9b7" prot="public" static="no" const="no" explicit="no" inline="yes" virt="non-virtual">
        <type>void</type>
        <definition>void data.Contatto.setEmail1</definition>
        <argsstring>(String email1)</argsstring>
        <name>setEmail1</name>
        <qualifiedname>data.Contatto.setEmail1</qualifiedname>
        <param>
          <type>String</type>
          <declname>email1</declname>
        </param>
        <briefdescription>
<para>Imposta la prima mail del contatto. </para>
        </briefdescription>
        <detaileddescription>
<para><parameterlist kind="param"><parameteritem>
<parameternamelist>
<parametername>email1</parametername>
</parameternamelist>
<parameterdescription>
<para>Prima mail del contatto da impostare. </para>
</parameterdescription>
</parameteritem>
</parameterlist>
</para>
        </detaileddescription>
        <inbodydescription>
        </inbodydescription>
        <location file="Contatto.java" line="222" column="17" bodyfile="Contatto.java" bodystart="222" bodyend="224"/>
      </memberdef>
      <memberdef kind="function" id="classdata_1_1_contatto_1a73b1e2a21feba9ff0a50382b7340f9dc" prot="public" static="no" const="no" explicit="no" inline="yes" virt="non-virtual">
        <type>void</type>
        <definition>void data.Contatto.setEmail2</definition>
        <argsstring>(String email2)</argsstring>
        <name>setEmail2</name>
        <qualifiedname>data.Contatto.setEmail2</qualifiedname>
        <param>
          <type>String</type>
          <declname>email2</declname>
        </param>
        <briefdescription>
<para>Imposta la seconda mail del contatto. </para>
        </briefdescription>
        <detaileddescription>
<para><parameterlist kind="param"><parameteritem>
<parameternamelist>
<parametername>email2</parametername>
</parameternamelist>
<parameterdescription>
<para>Seconda mail del contatto da impostare. </para>
</parameterdescription>
</parameteritem>
</parameterlist>
</para>
        </detaileddescription>
        <inbodydescription>
        </inbodydescription>
        <location file="Contatto.java" line="229" column="17" bodyfile="Contatto.java" bodystart="229" bodyend="231"/>
      </memberdef>
      <memberdef kind="function" id="classdata_1_1_contatto_1a2c53463f1f0d62ac7eebaa6effa36a28" prot="public" static="no" const="no" explicit="no" inline="yes" virt="non-virtual">
        <type>void</type>
        <definition>void data.Contatto.setEmail3</definition>
        <argsstring>(String email3)</argsstring>
        <name>setEmail3</name>
        <qualifiedname>data.Contatto.setEmail3</qualifiedname>
        <param>
          <type>String</type>
          <declname>email3</declname>
        </param>
        <briefdescription>
<para>Imposta la terza mail del contatto. </para>
        </briefdescription>
        <detaileddescription>
<para><parameterlist kind="param"><parameteritem>
<parameternamelist>
<parametername>email3</parametername>
</parameternamelist>
<parameterdescription>
<para>terza mail del contatto da impostare. </para>
</parameterdescription>
</parameteritem>
</parameterlist>
</para>
        </detaileddescription>
        <inbodydescription>
        </inbodydescription>
        <location file="Contatto.java" line="236" column="17" bodyfile="Contatto.java" bodystart="236" bodyend="238"/>
      </memberdef>
      <memberdef kind="function" id="classdata_1_1_contatto_1a178ede55ee6c88cf6ba1d7e5b4eb3a74" prot="public" static="no" const="no" explicit="no" inline="yes" virt="non-virtual">
        <type>void</type>
        <definition>void data.Contatto.setSocietà</definition>
        <argsstring>(String società)</argsstring>
        <name>setSocietà</name>
        <qualifiedname>data.Contatto.setSocietà</qualifiedname>
        <param>
          <type>String</type>
          <declname>società</declname>
        </param>
        <briefdescription>
<para>Imposta la società del contatto. </para>
        </briefdescription>
        <detaileddescription>
<para><parameterlist kind="param"><parameteritem>
<parameternamelist>
<parametername>società</parametername>
</parameternamelist>
<parameterdescription>
<para>Società del contatto da impostare. </para>
</parameterdescription>
</parameteritem>
</parameterlist>
</para>
        </detaileddescription>
        <inbodydescription>
        </inbodydescription>
        <location file="Contatto.java" line="243" column="17" bodyfile="Contatto.java" bodystart="243" bodyend="245"/>
      </memberdef>
      <memberdef kind="function" id="classdata_1_1_contatto_1a21d00c42fd957dfa5ee1aa880115d02d" prot="public" static="no" const="no" explicit="no" inline="yes" virt="non-virtual">
        <type>void</type>
        <definition>void data.Contatto.setIndirizzo</definition>
        <argsstring>(String indirizzo)</argsstring>
        <name>setIndirizzo</name>
        <qualifiedname>data.Contatto.setIndirizzo</qualifiedname>
        <param>
          <type>String</type>
          <declname>indirizzo</declname>
        </param>
        <briefdescription>
<para>Imposta l&apos;indirizzo del contatto. </para>
        </briefdescription>
        <detaileddescription>
<para><parameterlist kind="param"><parameteritem>
<parameternamelist>
<parametername>indirizzo</parametername>
</parameternamelist>
<parameterdescription>
<para>Indirizzo del contatto da impostare. </para>
</parameterdescription>
</parameteritem>
</parameterlist>
</para>
        </detaileddescription>
        <inbodydescription>
        </inbodydescription>
        <location file="Contatto.java" line="250" column="17" bodyfile="Contatto.java" bodystart="250" bodyend="252"/>
      </memberdef>
      <memberdef kind="function" id="classdata_1_1_contatto_1a01ad87419442ba7699c6c3fecc67a2a9" prot="public" static="no" const="no" explicit="no" inline="yes" virt="non-virtual">
        <type>String</type>
        <definition>String data.Contatto.getNome</definition>
        <argsstring>()</argsstring>
        <name>getNome</name>
        <qualifiedname>data.Contatto.getNome</qualifiedname>
        <briefdescription>
<para>Restituisce il nome del contatto. </para>
        </briefdescription>
        <detaileddescription>
<para><simplesect kind="return"><para>Stringa contenente il nome. </para>
</simplesect>
</para>
        </detaileddescription>
        <inbodydescription>
        </inbodydescription>
        <location file="Contatto.java" line="260" column="19" bodyfile="Contatto.java" bodystart="260" bodyend="262"/>
      </memberdef>
      <memberdef kind="function" id="classdata_1_1_contatto_1ac0fec2133826e6b6622730f6be91b4e4" prot="public" static="no" const="no" explicit="no" inline="yes" virt="non-virtual">
        <type>void</type>
        <definition>void data.Contatto.setNome</definition>
        <argsstring>(String nome)</argsstring>
        <name>setNome</name>
        <qualifiedname>data.Contatto.setNome</qualifiedname>
        <param>
          <type>String</type>
          <declname>nome</declname>
        </param>
        <briefdescription>
<para>Imposta il nome del contatto. </para>
        </briefdescription>
        <detaileddescription>
<para><parameterlist kind="param"><parameteritem>
<parameternamelist>
<parametername>nome</parametername>
</parameternamelist>
<parameterdescription>
<para>Nome da impostare. </para>
</parameterdescription>
</parameteritem>
</parameterlist>
</para>
        </detaileddescription>
        <inbodydescription>
        </inbodydescription>
        <location file="Contatto.java" line="268" column="17" bodyfile="Contatto.java" bodystart="268" bodyend="270"/>
      </memberdef>
      <memberdef kind="function" id="classdata_1_1_contatto_1a719e7a6eb8ab7adc970d2c76f7037616" prot="public" static="no" const="no" explicit="no" inline="yes" virt="non-virtual">
        <type>LocalDate</type>
        <definition>LocalDate data.Contatto.getCompleanno</definition>
        <argsstring>()</argsstring>
        <name>getCompleanno</name>
        <qualifiedname>data.Contatto.getCompleanno</qualifiedname>
        <briefdescription>
<para>Restituisce la data di compleanno. </para>
        </briefdescription>
        <detaileddescription>
<para><simplesect kind="return"><para>Data di compleanno del contatto come <computeroutput>LocalDate</computeroutput>. </para>
</simplesect>
</para>
        </detaileddescription>
        <inbodydescription>
        </inbodydescription>
        <location file="Contatto.java" line="276" column="22" bodyfile="Contatto.java" bodystart="276" bodyend="278"/>
      </memberdef>
      <memberdef kind="function" id="classdata_1_1_contatto_1a16f3364cfa6259c5e9ca232db210218f" prot="public" static="no" const="no" explicit="no" inline="yes" virt="non-virtual">
        <type>void</type>
        <definition>void data.Contatto.setCompleanno</definition>
        <argsstring>(LocalDate compleanno)</argsstring>
        <name>setCompleanno</name>
        <qualifiedname>data.Contatto.setCompleanno</qualifiedname>
        <param>
          <type>LocalDate</type>
          <declname>compleanno</declname>
        </param>
        <briefdescription>
<para>Imposta la data di compleanno del contatto. </para>
        </briefdescription>
        <detaileddescription>
<para><parameterlist kind="param"><parameteritem>
<parameternamelist>
<parametername>compleanno</parametername>
</parameternamelist>
<parameterdescription>
<para>Data di compleanno da impostare. </para>
</parameterdescription>
</parameteritem>
</parameterlist>
</para>
        </detaileddescription>
        <inbodydescription>
        </inbodydescription>
        <location file="Contatto.java" line="284" column="17" bodyfile="Contatto.java" bodystart="284" bodyend="286"/>
      </memberdef>
    </sectiondef>
    <briefdescription>
<para>Classe che rappresenta un contatto con i relativi dettagli. </para>
    </briefdescription>
    <detaileddescription>
<para><simplesect kind="invariant"><para>Il nome o il cognome del contatto non possono essere null o vuoti. </para>
</simplesect>
<simplesect kind="invariant"><para>Tutte le email (email1, email2, email3) devono essere valide se specificate. </para>
</simplesect>
<simplesect kind="invariant"><para>La data di compleanno, se presente, deve essere una data valida. Questa classe fornisce metodi per accedere e modificare le informazioni personali di un contatto, tra cui nome, cognome, numeri di telefono, email, azienda, indirizzo e data di compleanno. </para>
</simplesect>
</para>
    </detaileddescription>
    <location file="Contatto.java" line="32" column="7" bodyfile="Contatto.java" bodystart="32" bodyend="287"/>
    <listofallmembers>
      <member refid="classdata_1_1_contatto_1a0422edacc7d4199a7c58101dde4dff04" prot="private" virt="non-virtual"><scope>data::Contatto</scope><name>cognome</name></member>
      <member refid="classdata_1_1_contatto_1a60a253c0589ebfcb86cba3c58c8359e0" prot="private" virt="non-virtual"><scope>data::Contatto</scope><name>compleanno</name></member>
      <member refid="classdata_1_1_contatto_1a091da99d2def84bba912873149b9f225" prot="public" virt="non-virtual"><scope>data::Contatto</scope><name>Contatto</name></member>
      <member refid="classdata_1_1_contatto_1a0d9a4d12fae470d34276b9bc1ed94695" prot="private" virt="non-virtual"><scope>data::Contatto</scope><name>email1</name></member>
      <member refid="classdata_1_1_contatto_1a14a2f0ee84583bf6ad0c92c73d6f581b" prot="private" virt="non-virtual"><scope>data::Contatto</scope><name>email2</name></member>
      <member refid="classdata_1_1_contatto_1a63dab8a9d4f7ba777b4cca10360e70be" prot="private" virt="non-virtual"><scope>data::Contatto</scope><name>email3</name></member>
      <member refid="classdata_1_1_contatto_1ab25735d38a471a1da03d1b09fc6398ca" prot="public" virt="non-virtual"><scope>data::Contatto</scope><name>getCognome</name></member>
      <member refid="classdata_1_1_contatto_1a719e7a6eb8ab7adc970d2c76f7037616" prot="public" virt="non-virtual"><scope>data::Contatto</scope><name>getCompleanno</name></member>
      <member refid="classdata_1_1_contatto_1aa75ef4b2b2eee54227d979fc42092ccf" prot="public" virt="non-virtual"><scope>data::Contatto</scope><name>getEmail1</name></member>
      <member refid="classdata_1_1_contatto_1a020186d179dddf41807df91e34dd2498" prot="public" virt="non-virtual"><scope>data::Contatto</scope><name>getEmail2</name></member>
      <member refid="classdata_1_1_contatto_1a566a10ca79ed9b289b9741fbd4f63656" prot="public" virt="non-virtual"><scope>data::Contatto</scope><name>getEmail3</name></member>
      <member refid="classdata_1_1_contatto_1a7d1f8a6099705ecdd98010ff21f899af" prot="public" virt="non-virtual"><scope>data::Contatto</scope><name>getIndirizzo</name></member>
      <member refid="classdata_1_1_contatto_1a01ad87419442ba7699c6c3fecc67a2a9" prot="public" virt="non-virtual"><scope>data::Contatto</scope><name>getNome</name></member>
      <member refid="classdata_1_1_contatto_1a78ae469a565e6114fedc2284f47c69b8" prot="public" virt="non-virtual"><scope>data::Contatto</scope><name>getSocietà</name></member>
      <member refid="classdata_1_1_contatto_1a50b37b4972e79922220c69158eff0402" prot="public" virt="non-virtual"><scope>data::Contatto</scope><name>getTelefono1</name></member>
      <member refid="classdata_1_1_contatto_1a7d77b502c70b11d2639f0060d3e65f3b" prot="public" virt="non-virtual"><scope>data::Contatto</scope><name>getTelefono2</name></member>
      <member refid="classdata_1_1_contatto_1a89b7b03b6f73f333ca3c1bec118cd024" prot="public" virt="non-virtual"><scope>data::Contatto</scope><name>getTelefono3</name></member>
      <member refid="classdata_1_1_contatto_1a7077ac412dcfe4cf0ba97b510ad6d272" prot="private" virt="non-virtual"><scope>data::Contatto</scope><name>indirizzo</name></member>
      <member refid="classdata_1_1_contatto_1a1a97fef653d8fc3c36b176a8ec20bafc" prot="private" virt="non-virtual"><scope>data::Contatto</scope><name>nome</name></member>
      <member refid="classdata_1_1_contatto_1a39800ceb646397c7980e8163ac8d9955" prot="public" virt="non-virtual"><scope>data::Contatto</scope><name>setCognome</name></member>
      <member refid="classdata_1_1_contatto_1a16f3364cfa6259c5e9ca232db210218f" prot="public" virt="non-virtual"><scope>data::Contatto</scope><name>setCompleanno</name></member>
      <member refid="classdata_1_1_contatto_1a1483d77d5d5089673ec8d2f4000ce9b7" prot="public" virt="non-virtual"><scope>data::Contatto</scope><name>setEmail1</name></member>
      <member refid="classdata_1_1_contatto_1a73b1e2a21feba9ff0a50382b7340f9dc" prot="public" virt="non-virtual"><scope>data::Contatto</scope><name>setEmail2</name></member>
      <member refid="classdata_1_1_contatto_1a2c53463f1f0d62ac7eebaa6effa36a28" prot="public" virt="non-virtual"><scope>data::Contatto</scope><name>setEmail3</name></member>
      <member refid="classdata_1_1_contatto_1a21d00c42fd957dfa5ee1aa880115d02d" prot="public" virt="non-virtual"><scope>data::Contatto</scope><name>setIndirizzo</name></member>
      <member refid="classdata_1_1_contatto_1ac0fec2133826e6b6622730f6be91b4e4" prot="public" virt="non-virtual"><scope>data::Contatto</scope><name>setNome</name></member>
      <member refid="classdata_1_1_contatto_1a178ede55ee6c88cf6ba1d7e5b4eb3a74" prot="public" virt="non-virtual"><scope>data::Contatto</scope><name>setSocietà</name></member>
      <member refid="classdata_1_1_contatto_1a26fbdc3db443e2948c3ad2da047fc6eb" prot="public" virt="non-virtual"><scope>data::Contatto</scope><name>setTelefono1</name></member>
      <member refid="classdata_1_1_contatto_1a2ea46e77f2707208c87431c66ec1211c" prot="public" virt="non-virtual"><scope>data::Contatto</scope><name>setTelefono2</name></member>
      <member refid="classdata_1_1_contatto_1a081782764a348efd2ff9fe149570b896" prot="public" virt="non-virtual"><scope>data::Contatto</scope><name>setTelefono3</name></member>
      <member refid="classdata_1_1_contatto_1ade82bdf0dc50ff171df823c95ca5d254" prot="private" virt="non-virtual"><scope>data::Contatto</scope><name>società</name></member>
      <member refid="classdata_1_1_contatto_1a624b100c25eea4e30cca003cb0102d0c" prot="private" virt="non-virtual"><scope>data::Contatto</scope><name>telefono1</name></member>
      <member refid="classdata_1_1_contatto_1a086a328cb117c01942f6322357876a19" prot="private" virt="non-virtual"><scope>data::Contatto</scope><name>telefono2</name></member>
      <member refid="classdata_1_1_contatto_1acb0a442513aed2d26cb17ce706980bdc" prot="private" virt="non-virtual"><scope>data::Contatto</scope><name>telefono3</name></member>
    </listofallmembers>
  </compounddef>
</doxygen>
