<?xml version='1.0' encoding='UTF-8' standalone='no'?>
<doxygen xmlns:xsi="http://www.w3.org/2001/XMLSchema-instance" xsi:noNamespaceSchemaLocation="compound.xsd" version="1.12.0" xml:lang="en-US">
  <compounddef id="class_interface_1_1controller_1_1_modifica_contatto_controller" kind="class" language="Java" prot="public">
    <compoundname>Interface::controller::ModificaContattoController</compoundname>
    <basecompoundref prot="public" virt="non-virtual">Initializable</basecompoundref>
    <sectiondef kind="private-attrib">
      <memberdef kind="variable" id="class_interface_1_1controller_1_1_modifica_contatto_controller_1a550a6d0792dab050c306884d52ffaaaf" prot="private" static="no" mutable="no">
        <type>TextField</type>
        <definition>TextField Interface.controller.ModificaContattoController.nameField</definition>
        <argsstring></argsstring>
        <name>nameField</name>
        <qualifiedname>Interface.controller.ModificaContattoController.nameField</qualifiedname>
        <briefdescription>
<para>Campo per modificare il nome del contatto. </para>
        </briefdescription>
        <detaileddescription>
        </detaileddescription>
        <inbodydescription>
        </inbodydescription>
        <location file="ModificaContattoController.java" line="41" column="23" bodyfile="ModificaContattoController.java" bodystart="41" bodyend="-1"/>
      </memberdef>
      <memberdef kind="variable" id="class_interface_1_1controller_1_1_modifica_contatto_controller_1aa52227e83435d7008bf6944ad36a1f6c" prot="private" static="no" mutable="no">
        <type>TextField</type>
        <definition>TextField Interface.controller.ModificaContattoController.surnameField</definition>
        <argsstring></argsstring>
        <name>surnameField</name>
        <qualifiedname>Interface.controller.ModificaContattoController.surnameField</qualifiedname>
        <briefdescription>
<para>Campo per modificare il cognome del contatto. </para>
        </briefdescription>
        <detaileddescription>
        </detaileddescription>
        <inbodydescription>
        </inbodydescription>
        <location file="ModificaContattoController.java" line="47" column="23" bodyfile="ModificaContattoController.java" bodystart="47" bodyend="-1"/>
      </memberdef>
      <memberdef kind="variable" id="class_interface_1_1controller_1_1_modifica_contatto_controller_1ae40f834394604b486ca62729213f7c84" prot="private" static="no" mutable="no">
        <type>DatePicker</type>
        <definition>DatePicker Interface.controller.ModificaContattoController.birthdayField</definition>
        <argsstring></argsstring>
        <name>birthdayField</name>
        <qualifiedname>Interface.controller.ModificaContattoController.birthdayField</qualifiedname>
        <briefdescription>
<para>Campo per modificare la data di nascita del contatto. </para>
        </briefdescription>
        <detaileddescription>
        </detaileddescription>
        <inbodydescription>
        </inbodydescription>
        <location file="ModificaContattoController.java" line="53" column="24" bodyfile="ModificaContattoController.java" bodystart="53" bodyend="-1"/>
      </memberdef>
      <memberdef kind="variable" id="class_interface_1_1controller_1_1_modifica_contatto_controller_1a1d700c1f2b27fa5f0f7e890f666c8425" prot="private" static="no" mutable="no">
        <type>TextField</type>
        <definition>TextField Interface.controller.ModificaContattoController.companyField</definition>
        <argsstring></argsstring>
        <name>companyField</name>
        <qualifiedname>Interface.controller.ModificaContattoController.companyField</qualifiedname>
        <briefdescription>
<para>Campo per modificare l&apos;azienda del contatto. </para>
        </briefdescription>
        <detaileddescription>
        </detaileddescription>
        <inbodydescription>
        </inbodydescription>
        <location file="ModificaContattoController.java" line="59" column="23" bodyfile="ModificaContattoController.java" bodystart="59" bodyend="-1"/>
      </memberdef>
      <memberdef kind="variable" id="class_interface_1_1controller_1_1_modifica_contatto_controller_1a70904734a97c8d5b27a8e9535aa613af" prot="private" static="no" mutable="no">
        <type>TextField</type>
        <definition>TextField Interface.controller.ModificaContattoController.numberField1</definition>
        <argsstring></argsstring>
        <name>numberField1</name>
        <qualifiedname>Interface.controller.ModificaContattoController.numberField1</qualifiedname>
        <briefdescription>
<para>Campo per modificare il primo numero di telefono. </para>
        </briefdescription>
        <detaileddescription>
        </detaileddescription>
        <inbodydescription>
        </inbodydescription>
        <location file="ModificaContattoController.java" line="65" column="23" bodyfile="ModificaContattoController.java" bodystart="65" bodyend="-1"/>
      </memberdef>
      <memberdef kind="variable" id="class_interface_1_1controller_1_1_modifica_contatto_controller_1ad49866d46286e788f070996412d2c203" prot="private" static="no" mutable="no">
        <type>TextField</type>
        <definition>TextField Interface.controller.ModificaContattoController.numberField2</definition>
        <argsstring></argsstring>
        <name>numberField2</name>
        <qualifiedname>Interface.controller.ModificaContattoController.numberField2</qualifiedname>
        <briefdescription>
<para>Campo per modificare il secondo numero di telefono. </para>
        </briefdescription>
        <detaileddescription>
        </detaileddescription>
        <inbodydescription>
        </inbodydescription>
        <location file="ModificaContattoController.java" line="71" column="23" bodyfile="ModificaContattoController.java" bodystart="71" bodyend="-1"/>
      </memberdef>
      <memberdef kind="variable" id="class_interface_1_1controller_1_1_modifica_contatto_controller_1a7304daa19f5da1442dd96272a3f93bf2" prot="private" static="no" mutable="no">
        <type>TextField</type>
        <definition>TextField Interface.controller.ModificaContattoController.numberField3</definition>
        <argsstring></argsstring>
        <name>numberField3</name>
        <qualifiedname>Interface.controller.ModificaContattoController.numberField3</qualifiedname>
        <briefdescription>
<para>Campo per modificare il terzo numero di telefono. </para>
        </briefdescription>
        <detaileddescription>
        </detaileddescription>
        <inbodydescription>
        </inbodydescription>
        <location file="ModificaContattoController.java" line="77" column="23" bodyfile="ModificaContattoController.java" bodystart="77" bodyend="-1"/>
      </memberdef>
      <memberdef kind="variable" id="class_interface_1_1controller_1_1_modifica_contatto_controller_1abe271cf04b8be416409d186fb6a84c71" prot="private" static="no" mutable="no">
        <type>TextField</type>
        <definition>TextField Interface.controller.ModificaContattoController.emailField1</definition>
        <argsstring></argsstring>
        <name>emailField1</name>
        <qualifiedname>Interface.controller.ModificaContattoController.emailField1</qualifiedname>
        <briefdescription>
<para>Campo per modificare la prima email del contatto. </para>
        </briefdescription>
        <detaileddescription>
        </detaileddescription>
        <inbodydescription>
        </inbodydescription>
        <location file="ModificaContattoController.java" line="83" column="23" bodyfile="ModificaContattoController.java" bodystart="83" bodyend="-1"/>
      </memberdef>
      <memberdef kind="variable" id="class_interface_1_1controller_1_1_modifica_contatto_controller_1aada70249395fee7c8851a66ffea8c022" prot="private" static="no" mutable="no">
        <type>TextField</type>
        <definition>TextField Interface.controller.ModificaContattoController.emailField2</definition>
        <argsstring></argsstring>
        <name>emailField2</name>
        <qualifiedname>Interface.controller.ModificaContattoController.emailField2</qualifiedname>
        <briefdescription>
<para>Campo per modificare la seconda email del contatto. </para>
        </briefdescription>
        <detaileddescription>
        </detaileddescription>
        <inbodydescription>
        </inbodydescription>
        <location file="ModificaContattoController.java" line="89" column="23" bodyfile="ModificaContattoController.java" bodystart="89" bodyend="-1"/>
      </memberdef>
      <memberdef kind="variable" id="class_interface_1_1controller_1_1_modifica_contatto_controller_1ad1b5ce3467fd783ca16a37a5df37da35" prot="private" static="no" mutable="no">
        <type>TextField</type>
        <definition>TextField Interface.controller.ModificaContattoController.emailField3</definition>
        <argsstring></argsstring>
        <name>emailField3</name>
        <qualifiedname>Interface.controller.ModificaContattoController.emailField3</qualifiedname>
        <briefdescription>
<para>Campo per modificare la terza email del contatto. </para>
        </briefdescription>
        <detaileddescription>
        </detaileddescription>
        <inbodydescription>
        </inbodydescription>
        <location file="ModificaContattoController.java" line="95" column="23" bodyfile="ModificaContattoController.java" bodystart="95" bodyend="-1"/>
      </memberdef>
      <memberdef kind="variable" id="class_interface_1_1controller_1_1_modifica_contatto_controller_1a4b543d1c819644967293ac3407961b88" prot="private" static="no" mutable="no">
        <type>TextField</type>
        <definition>TextField Interface.controller.ModificaContattoController.adressField</definition>
        <argsstring></argsstring>
        <name>adressField</name>
        <qualifiedname>Interface.controller.ModificaContattoController.adressField</qualifiedname>
        <briefdescription>
<para>Campo per modificare l&apos;indirizzo del contatto. </para>
        </briefdescription>
        <detaileddescription>
        </detaileddescription>
        <inbodydescription>
        </inbodydescription>
        <location file="ModificaContattoController.java" line="101" column="23" bodyfile="ModificaContattoController.java" bodystart="101" bodyend="-1"/>
      </memberdef>
      <memberdef kind="variable" id="class_interface_1_1controller_1_1_modifica_contatto_controller_1ab29e4f516c70bbf99d270a5e8bbe6012" prot="private" static="no" mutable="no">
        <type>Button</type>
        <definition>Button Interface.controller.ModificaContattoController.saveButton</definition>
        <argsstring></argsstring>
        <name>saveButton</name>
        <qualifiedname>Interface.controller.ModificaContattoController.saveButton</qualifiedname>
        <briefdescription>
<para>Pulsante per salvare le modifiche apportate al contatto. </para>
        </briefdescription>
        <detaileddescription>
        </detaileddescription>
        <inbodydescription>
        </inbodydescription>
        <location file="ModificaContattoController.java" line="107" column="20" bodyfile="ModificaContattoController.java" bodystart="107" bodyend="-1"/>
      </memberdef>
      <memberdef kind="variable" id="class_interface_1_1controller_1_1_modifica_contatto_controller_1a35249523291055d8c2fc37c0f2d8e09b" prot="private" static="no" mutable="no">
        <type>Button</type>
        <definition>Button Interface.controller.ModificaContattoController.delButton</definition>
        <argsstring></argsstring>
        <name>delButton</name>
        <qualifiedname>Interface.controller.ModificaContattoController.delButton</qualifiedname>
        <briefdescription>
<para>Pulsante per annullare la modifica di un contatto. </para>
        </briefdescription>
        <detaileddescription>
        </detaileddescription>
        <inbodydescription>
        </inbodydescription>
        <location file="ModificaContattoController.java" line="113" column="20" bodyfile="ModificaContattoController.java" bodystart="113" bodyend="-1"/>
      </memberdef>
      <memberdef kind="variable" id="class_interface_1_1controller_1_1_modifica_contatto_controller_1a4ab9ea675d8535fce9108dfa612d584d" prot="private" static="no" mutable="no">
        <type>ObservableList&lt; <ref refid="classdata_1_1_contatto" kindref="compound">Contatto</ref> &gt;</type>
        <definition>ObservableList&lt;Contatto&gt; Interface.controller.ModificaContattoController.Contacts</definition>
        <argsstring></argsstring>
        <name>Contacts</name>
        <qualifiedname>Interface.controller.ModificaContattoController.Contacts</qualifiedname>
        <briefdescription>
<para>Lista osservabile contenente i contatti. </para>
        </briefdescription>
        <detaileddescription>
        </detaileddescription>
        <inbodydescription>
        </inbodydescription>
        <location file="ModificaContattoController.java" line="119" column="28" bodyfile="ModificaContattoController.java" bodystart="119" bodyend="-1"/>
      </memberdef>
    </sectiondef>
    <sectiondef kind="public-func">
      <memberdef kind="function" id="class_interface_1_1controller_1_1_modifica_contatto_controller_1a5fc8de855a22692acb96a7d55af07c44" prot="public" static="no" const="no" explicit="no" inline="yes" virt="non-virtual">
        <type>void</type>
        <definition>void Interface.controller.ModificaContattoController.initialize</definition>
        <argsstring>(URL url, ResourceBundle rb)</argsstring>
        <name>initialize</name>
        <qualifiedname>Interface.controller.ModificaContattoController.initialize</qualifiedname>
        <param>
          <type>URL</type>
          <declname>url</declname>
        </param>
        <param>
          <type>ResourceBundle</type>
          <declname>rb</declname>
        </param>
        <briefdescription>
<para>Inizializza il Interface.fxml.controller. </para>
        </briefdescription>
        <detaileddescription>
<para><parameterlist kind="param"><parameteritem>
<parameternamelist>
<parametername>url</parametername>
</parameternamelist>
<parameterdescription>
<para>URL per l&apos;inizializzazione del Interface.fxml.controller. </para>
</parameterdescription>
</parameteritem>
<parameteritem>
<parameternamelist>
<parametername>rb</parametername>
</parameternamelist>
<parameterdescription>
<para>ResourceBundle per la localizzazione. </para>
</parameterdescription>
</parameteritem>
</parameterlist>
<simplesect kind="invariant"><para>Dopo l&apos;inizializzazione, tutti i campi FXML devono essere non null. Questo metodo viene chiamato automaticamente per inizializzare i componenti FXML al caricamento della scena. </para>
</simplesect>
</para>
        </detaileddescription>
        <inbodydescription>
        </inbodydescription>
        <location file="ModificaContattoController.java" line="130" column="17" bodyfile="ModificaContattoController.java" bodystart="130" bodyend="132"/>
      </memberdef>
      <memberdef kind="function" id="class_interface_1_1controller_1_1_modifica_contatto_controller_1aa44f6bd092d44b74bcbbcb22430b9ea7" prot="public" static="no" const="no" explicit="no" inline="yes" virt="non-virtual">
        <type>void</type>
        <definition>void Interface.controller.ModificaContattoController.annulla</definition>
        <argsstring>(ActionEvent event)</argsstring>
        <name>annulla</name>
        <qualifiedname>Interface.controller.ModificaContattoController.annulla</qualifiedname>
        <param>
          <type>ActionEvent</type>
          <declname>event</declname>
        </param>
        <briefdescription>
<para>Annulla la modifica del contatto. </para>
        </briefdescription>
        <detaileddescription>
<para><parameterlist kind="param"><parameteritem>
<parameternamelist>
<parametername>event</parametername>
</parameternamelist>
<parameterdescription>
<para>L&apos;evento che ha scatenato l&apos;azione(Il tasto &quot;annulla&quot;). </para>
</parameterdescription>
</parameteritem>
</parameterlist>
<simplesect kind="pre"><para>L&apos;utente Deve aver eseguito l&apos;operazione di modifica. </para>
</simplesect>
<simplesect kind="post"><para>L&apos;utente torna alla <computeroutput>MainInterface</computeroutput> senza salvare le modifiche apportate. Metodo che gestisce la logica per annullare le modifiche apportate ai dettagli di un contatto e torna alla visualizzazione precedente. </para>
</simplesect>
<simplesect kind="see"><para><ref refid="class_interface_1_1controller_1_1_modifica_contatto_controller_1aa44f6bd092d44b74bcbbcb22430b9ea7" kindref="member">annulla()</ref>. </para>
</simplesect>
</para>
        </detaileddescription>
        <inbodydescription>
        </inbodydescription>
        <location file="ModificaContattoController.java" line="144" column="13" bodyfile="ModificaContattoController.java" bodystart="144" bodyend="146"/>
      </memberdef>
      <memberdef kind="function" id="class_interface_1_1controller_1_1_modifica_contatto_controller_1a01a42a8607858aab8ea73351b9bd45ae" prot="public" static="no" const="no" explicit="no" inline="yes" virt="non-virtual">
        <type>void</type>
        <definition>void Interface.controller.ModificaContattoController.modificaContatto</definition>
        <argsstring>(ActionEvent event)</argsstring>
        <name>modificaContatto</name>
        <qualifiedname>Interface.controller.ModificaContattoController.modificaContatto</qualifiedname>
        <param>
          <type>ActionEvent</type>
          <declname>event</declname>
        </param>
        <briefdescription>
<para>Salva le modifiche apportate al contatto. </para>
        </briefdescription>
        <detaileddescription>
<para><parameterlist kind="param"><parameteritem>
<parameternamelist>
<parametername>event</parametername>
</parameternamelist>
<parameterdescription>
<para>L&apos;evento che ha scatenato l&apos;azione(Il tasto &quot;Salva&quot;). </para>
</parameterdescription>
</parameteritem>
</parameterlist>
<simplesect kind="pre"><para>L&apos;utente seleziona un contatto nella rubrica, clicca il tasto modifica e visualizza le informazioni del contatto. </para>
</simplesect>
<simplesect kind="post"><para>Il contatto modificato è salvato nella rubrica e la lista grafica viene aggiornata. Metodo che gestisce la logica per salvare le modifiche apportate ai dettagli di un contatto esistente. </para>
</simplesect>
<simplesect kind="invariant"><para>Dopo l&apos;esecuzione, i campi grafici e la lista <computeroutput>Contacts</computeroutput> devono essere sincronizzati. </para>
</simplesect>
<simplesect kind="see"><para>modificaContatto(Contatto c). </para>
</simplesect>
</para>
        </detaileddescription>
        <inbodydescription>
        </inbodydescription>
        <location file="ModificaContattoController.java" line="159" column="13" bodyfile="ModificaContattoController.java" bodystart="159" bodyend="161"/>
      </memberdef>
    </sectiondef>
    <briefdescription>
<para>Classe FXML Controller per la gestione della modifica dei contatti. </para>
    </briefdescription>
    <detaileddescription>
<para><simplesect kind="invariant"><para>Tutti i campi annotati con <computeroutput>@FXML</computeroutput> devono essere inizializzati correttamente. </para>
</simplesect>
<simplesect kind="invariant"><para>La lista <computeroutput>Contacts</computeroutput> deve essere non null e sincronizzata con lo stato della rubrica. Gestisce i campi di input e i pulsanti relativi alla modifica di un contatto nella rubrica. </para>
</simplesect>
</para>
    </detaileddescription>
    <inheritancegraph>
      <node id="1">
        <label>Interface.controller.ModificaContattoController</label>
        <link refid="class_interface_1_1controller_1_1_modifica_contatto_controller"/>
        <childnode refid="2" relation="public-inheritance">
        </childnode>
      </node>
      <node id="2">
        <label>Initializable</label>
      </node>
    </inheritancegraph>
    <collaborationgraph>
      <node id="1">
        <label>Interface.controller.ModificaContattoController</label>
        <link refid="class_interface_1_1controller_1_1_modifica_contatto_controller"/>
        <childnode refid="2" relation="public-inheritance">
        </childnode>
      </node>
      <node id="2">
        <label>Initializable</label>
      </node>
    </collaborationgraph>
    <location file="ModificaContattoController.java" line="35" column="7" bodyfile="ModificaContattoController.java" bodystart="35" bodyend="163"/>
    <listofallmembers>
      <member refid="class_interface_1_1controller_1_1_modifica_contatto_controller_1a4b543d1c819644967293ac3407961b88" prot="private" virt="non-virtual"><scope>Interface::controller::ModificaContattoController</scope><name>adressField</name></member>
      <member refid="class_interface_1_1controller_1_1_modifica_contatto_controller_1aa44f6bd092d44b74bcbbcb22430b9ea7" prot="public" virt="non-virtual"><scope>Interface::controller::ModificaContattoController</scope><name>annulla</name></member>
      <member refid="class_interface_1_1controller_1_1_modifica_contatto_controller_1ae40f834394604b486ca62729213f7c84" prot="private" virt="non-virtual"><scope>Interface::controller::ModificaContattoController</scope><name>birthdayField</name></member>
      <member refid="class_interface_1_1controller_1_1_modifica_contatto_controller_1a1d700c1f2b27fa5f0f7e890f666c8425" prot="private" virt="non-virtual"><scope>Interface::controller::ModificaContattoController</scope><name>companyField</name></member>
      <member refid="class_interface_1_1controller_1_1_modifica_contatto_controller_1a4ab9ea675d8535fce9108dfa612d584d" prot="private" virt="non-virtual"><scope>Interface::controller::ModificaContattoController</scope><name>Contacts</name></member>
      <member refid="class_interface_1_1controller_1_1_modifica_contatto_controller_1a35249523291055d8c2fc37c0f2d8e09b" prot="private" virt="non-virtual"><scope>Interface::controller::ModificaContattoController</scope><name>delButton</name></member>
      <member refid="class_interface_1_1controller_1_1_modifica_contatto_controller_1abe271cf04b8be416409d186fb6a84c71" prot="private" virt="non-virtual"><scope>Interface::controller::ModificaContattoController</scope><name>emailField1</name></member>
      <member refid="class_interface_1_1controller_1_1_modifica_contatto_controller_1aada70249395fee7c8851a66ffea8c022" prot="private" virt="non-virtual"><scope>Interface::controller::ModificaContattoController</scope><name>emailField2</name></member>
      <member refid="class_interface_1_1controller_1_1_modifica_contatto_controller_1ad1b5ce3467fd783ca16a37a5df37da35" prot="private" virt="non-virtual"><scope>Interface::controller::ModificaContattoController</scope><name>emailField3</name></member>
      <member refid="class_interface_1_1controller_1_1_modifica_contatto_controller_1a5fc8de855a22692acb96a7d55af07c44" prot="public" virt="non-virtual"><scope>Interface::controller::ModificaContattoController</scope><name>initialize</name></member>
      <member refid="class_interface_1_1controller_1_1_modifica_contatto_controller_1a01a42a8607858aab8ea73351b9bd45ae" prot="public" virt="non-virtual"><scope>Interface::controller::ModificaContattoController</scope><name>modificaContatto</name></member>
      <member refid="class_interface_1_1controller_1_1_modifica_contatto_controller_1a550a6d0792dab050c306884d52ffaaaf" prot="private" virt="non-virtual"><scope>Interface::controller::ModificaContattoController</scope><name>nameField</name></member>
      <member refid="class_interface_1_1controller_1_1_modifica_contatto_controller_1a70904734a97c8d5b27a8e9535aa613af" prot="private" virt="non-virtual"><scope>Interface::controller::ModificaContattoController</scope><name>numberField1</name></member>
      <member refid="class_interface_1_1controller_1_1_modifica_contatto_controller_1ad49866d46286e788f070996412d2c203" prot="private" virt="non-virtual"><scope>Interface::controller::ModificaContattoController</scope><name>numberField2</name></member>
      <member refid="class_interface_1_1controller_1_1_modifica_contatto_controller_1a7304daa19f5da1442dd96272a3f93bf2" prot="private" virt="non-virtual"><scope>Interface::controller::ModificaContattoController</scope><name>numberField3</name></member>
      <member refid="class_interface_1_1controller_1_1_modifica_contatto_controller_1ab29e4f516c70bbf99d270a5e8bbe6012" prot="private" virt="non-virtual"><scope>Interface::controller::ModificaContattoController</scope><name>saveButton</name></member>
      <member refid="class_interface_1_1controller_1_1_modifica_contatto_controller_1aa52227e83435d7008bf6944ad36a1f6c" prot="private" virt="non-virtual"><scope>Interface::controller::ModificaContattoController</scope><name>surnameField</name></member>
    </listofallmembers>
  </compounddef>
</doxygen>
