<?xml version='1.0' encoding='UTF-8' standalone='no'?>
<doxygen xmlns:xsi="http://www.w3.org/2001/XMLSchema-instance" xsi:noNamespaceSchemaLocation="compound.xsd" version="1.12.0" xml:lang="en-US">
  <compounddef id="class_interface_1_1controller_1_1_visualizza_singolo_contatto_controller" kind="class" language="Java" prot="public">
    <compoundname>Interface::controller::VisualizzaSingoloContattoController</compoundname>
    <basecompoundref prot="public" virt="non-virtual">Initializable</basecompoundref>
    <sectiondef kind="private-attrib">
      <memberdef kind="variable" id="class_interface_1_1controller_1_1_visualizza_singolo_contatto_controller_1a834c0fb28b01f0c3a5fd92ea3d60e2fa" prot="private" static="no" mutable="no">
        <type>Label</type>
        <definition>Label Interface.controller.VisualizzaSingoloContattoController.nameContent</definition>
        <argsstring></argsstring>
        <name>nameContent</name>
        <qualifiedname>Interface.controller.VisualizzaSingoloContattoController.nameContent</qualifiedname>
        <briefdescription>
<para>Etichetta per mostrare il nome del contatto. </para>
        </briefdescription>
        <detaileddescription>
        </detaileddescription>
        <inbodydescription>
        </inbodydescription>
        <location file="VisualizzaSingoloContattoController.java" line="40" column="19" bodyfile="VisualizzaSingoloContattoController.java" bodystart="40" bodyend="-1"/>
      </memberdef>
      <memberdef kind="variable" id="class_interface_1_1controller_1_1_visualizza_singolo_contatto_controller_1afce9fc846411652cc5f298760fd28ba7" prot="private" static="no" mutable="no">
        <type>Label</type>
        <definition>Label Interface.controller.VisualizzaSingoloContattoController.surnameContent</definition>
        <argsstring></argsstring>
        <name>surnameContent</name>
        <qualifiedname>Interface.controller.VisualizzaSingoloContattoController.surnameContent</qualifiedname>
        <briefdescription>
<para>Etichetta per mostrare il cognome del contatto. </para>
        </briefdescription>
        <detaileddescription>
        </detaileddescription>
        <inbodydescription>
        </inbodydescription>
        <location file="VisualizzaSingoloContattoController.java" line="46" column="19" bodyfile="VisualizzaSingoloContattoController.java" bodystart="46" bodyend="-1"/>
      </memberdef>
      <memberdef kind="variable" id="class_interface_1_1controller_1_1_visualizza_singolo_contatto_controller_1aec1d1029d68e590ab7b166c6f27d196a" prot="private" static="no" mutable="no">
        <type>Label</type>
        <definition>Label Interface.controller.VisualizzaSingoloContattoController.birthdayContent</definition>
        <argsstring></argsstring>
        <name>birthdayContent</name>
        <qualifiedname>Interface.controller.VisualizzaSingoloContattoController.birthdayContent</qualifiedname>
        <briefdescription>
<para>Etichetta per mostrare la data di nascita del contatto. </para>
        </briefdescription>
        <detaileddescription>
        </detaileddescription>
        <inbodydescription>
        </inbodydescription>
        <location file="VisualizzaSingoloContattoController.java" line="52" column="19" bodyfile="VisualizzaSingoloContattoController.java" bodystart="52" bodyend="-1"/>
      </memberdef>
      <memberdef kind="variable" id="class_interface_1_1controller_1_1_visualizza_singolo_contatto_controller_1a556eaa9970ce5b08ef235f083dd092f6" prot="private" static="no" mutable="no">
        <type>Label</type>
        <definition>Label Interface.controller.VisualizzaSingoloContattoController.companyContent</definition>
        <argsstring></argsstring>
        <name>companyContent</name>
        <qualifiedname>Interface.controller.VisualizzaSingoloContattoController.companyContent</qualifiedname>
        <briefdescription>
<para>Etichetta per mostrare il nome dell&apos;azienda del contatto. </para>
        </briefdescription>
        <detaileddescription>
        </detaileddescription>
        <inbodydescription>
        </inbodydescription>
        <location file="VisualizzaSingoloContattoController.java" line="58" column="19" bodyfile="VisualizzaSingoloContattoController.java" bodystart="58" bodyend="-1"/>
      </memberdef>
      <memberdef kind="variable" id="class_interface_1_1controller_1_1_visualizza_singolo_contatto_controller_1a62189e6ad51246737e4b5edaf27f5236" prot="private" static="no" mutable="no">
        <type>Label</type>
        <definition>Label Interface.controller.VisualizzaSingoloContattoController.numberContent1</definition>
        <argsstring></argsstring>
        <name>numberContent1</name>
        <qualifiedname>Interface.controller.VisualizzaSingoloContattoController.numberContent1</qualifiedname>
        <briefdescription>
<para>Etichetta per mostrare il primo numero di telefono del contatto. </para>
        </briefdescription>
        <detaileddescription>
        </detaileddescription>
        <inbodydescription>
        </inbodydescription>
        <location file="VisualizzaSingoloContattoController.java" line="64" column="19" bodyfile="VisualizzaSingoloContattoController.java" bodystart="64" bodyend="-1"/>
      </memberdef>
      <memberdef kind="variable" id="class_interface_1_1controller_1_1_visualizza_singolo_contatto_controller_1a7e00e430f41fcdcd34bb06e1f26bf3eb" prot="private" static="no" mutable="no">
        <type>Label</type>
        <definition>Label Interface.controller.VisualizzaSingoloContattoController.numberContent2</definition>
        <argsstring></argsstring>
        <name>numberContent2</name>
        <qualifiedname>Interface.controller.VisualizzaSingoloContattoController.numberContent2</qualifiedname>
        <briefdescription>
<para>Etichetta per mostrare il secondo numero di telefono del contatto. </para>
        </briefdescription>
        <detaileddescription>
        </detaileddescription>
        <inbodydescription>
        </inbodydescription>
        <location file="VisualizzaSingoloContattoController.java" line="70" column="19" bodyfile="VisualizzaSingoloContattoController.java" bodystart="70" bodyend="-1"/>
      </memberdef>
      <memberdef kind="variable" id="class_interface_1_1controller_1_1_visualizza_singolo_contatto_controller_1a4addc7a76fd4bc0e6a97324428a2dc2b" prot="private" static="no" mutable="no">
        <type>Label</type>
        <definition>Label Interface.controller.VisualizzaSingoloContattoController.numberContent3</definition>
        <argsstring></argsstring>
        <name>numberContent3</name>
        <qualifiedname>Interface.controller.VisualizzaSingoloContattoController.numberContent3</qualifiedname>
        <briefdescription>
<para>Etichetta per mostrare il terzo numero di telefono del contatto. </para>
        </briefdescription>
        <detaileddescription>
        </detaileddescription>
        <inbodydescription>
        </inbodydescription>
        <location file="VisualizzaSingoloContattoController.java" line="76" column="19" bodyfile="VisualizzaSingoloContattoController.java" bodystart="76" bodyend="-1"/>
      </memberdef>
      <memberdef kind="variable" id="class_interface_1_1controller_1_1_visualizza_singolo_contatto_controller_1a6e0fb04dfd1e24bd96b4557c27770846" prot="private" static="no" mutable="no">
        <type>Label</type>
        <definition>Label Interface.controller.VisualizzaSingoloContattoController.emailContent1</definition>
        <argsstring></argsstring>
        <name>emailContent1</name>
        <qualifiedname>Interface.controller.VisualizzaSingoloContattoController.emailContent1</qualifiedname>
        <briefdescription>
<para>Etichetta per mostrare la prima email del contatto. </para>
        </briefdescription>
        <detaileddescription>
        </detaileddescription>
        <inbodydescription>
        </inbodydescription>
        <location file="VisualizzaSingoloContattoController.java" line="82" column="19" bodyfile="VisualizzaSingoloContattoController.java" bodystart="82" bodyend="-1"/>
      </memberdef>
      <memberdef kind="variable" id="class_interface_1_1controller_1_1_visualizza_singolo_contatto_controller_1af9a668c4855617c2b074bcc255adfd7d" prot="private" static="no" mutable="no">
        <type>Label</type>
        <definition>Label Interface.controller.VisualizzaSingoloContattoController.emailContent2</definition>
        <argsstring></argsstring>
        <name>emailContent2</name>
        <qualifiedname>Interface.controller.VisualizzaSingoloContattoController.emailContent2</qualifiedname>
        <briefdescription>
<para>Etichetta per mostrare la seconda email del contatto. </para>
        </briefdescription>
        <detaileddescription>
        </detaileddescription>
        <inbodydescription>
        </inbodydescription>
        <location file="VisualizzaSingoloContattoController.java" line="88" column="19" bodyfile="VisualizzaSingoloContattoController.java" bodystart="88" bodyend="-1"/>
      </memberdef>
      <memberdef kind="variable" id="class_interface_1_1controller_1_1_visualizza_singolo_contatto_controller_1a11ae2482ace97fd6fc435c035b03d947" prot="private" static="no" mutable="no">
        <type>Label</type>
        <definition>Label Interface.controller.VisualizzaSingoloContattoController.emailContent3</definition>
        <argsstring></argsstring>
        <name>emailContent3</name>
        <qualifiedname>Interface.controller.VisualizzaSingoloContattoController.emailContent3</qualifiedname>
        <briefdescription>
<para>Etichetta per mostrare la terza email del contatto. </para>
        </briefdescription>
        <detaileddescription>
        </detaileddescription>
        <inbodydescription>
        </inbodydescription>
        <location file="VisualizzaSingoloContattoController.java" line="94" column="19" bodyfile="VisualizzaSingoloContattoController.java" bodystart="94" bodyend="-1"/>
      </memberdef>
      <memberdef kind="variable" id="class_interface_1_1controller_1_1_visualizza_singolo_contatto_controller_1acac96ef5a94e12787affdf2f9781c6f3" prot="private" static="no" mutable="no">
        <type>Label</type>
        <definition>Label Interface.controller.VisualizzaSingoloContattoController.adressContent</definition>
        <argsstring></argsstring>
        <name>adressContent</name>
        <qualifiedname>Interface.controller.VisualizzaSingoloContattoController.adressContent</qualifiedname>
        <briefdescription>
<para>Etichetta per mostrare l&apos;indirizzo del contatto. </para>
        </briefdescription>
        <detaileddescription>
        </detaileddescription>
        <inbodydescription>
        </inbodydescription>
        <location file="VisualizzaSingoloContattoController.java" line="100" column="19" bodyfile="VisualizzaSingoloContattoController.java" bodystart="100" bodyend="-1"/>
      </memberdef>
      <memberdef kind="variable" id="class_interface_1_1controller_1_1_visualizza_singolo_contatto_controller_1a4e23b5277564a2c93579c59a0b3c990b" prot="private" static="no" mutable="no">
        <type>Button</type>
        <definition>Button Interface.controller.VisualizzaSingoloContattoController.modifyButton</definition>
        <argsstring></argsstring>
        <name>modifyButton</name>
        <qualifiedname>Interface.controller.VisualizzaSingoloContattoController.modifyButton</qualifiedname>
        <briefdescription>
<para>Pulsante per aprire la finestra di modifica del contatto. </para>
        </briefdescription>
        <detaileddescription>
        </detaileddescription>
        <inbodydescription>
        </inbodydescription>
        <location file="VisualizzaSingoloContattoController.java" line="106" column="20" bodyfile="VisualizzaSingoloContattoController.java" bodystart="106" bodyend="-1"/>
      </memberdef>
      <memberdef kind="variable" id="class_interface_1_1controller_1_1_visualizza_singolo_contatto_controller_1acf18149a344afc52385ad82d05c3b8df" prot="private" static="no" mutable="no">
        <type>Button</type>
        <definition>Button Interface.controller.VisualizzaSingoloContattoController.deleteButton</definition>
        <argsstring></argsstring>
        <name>deleteButton</name>
        <qualifiedname>Interface.controller.VisualizzaSingoloContattoController.deleteButton</qualifiedname>
        <briefdescription>
<para>Pulsante per eliminare il contatto. </para>
        </briefdescription>
        <detaileddescription>
        </detaileddescription>
        <inbodydescription>
        </inbodydescription>
        <location file="VisualizzaSingoloContattoController.java" line="112" column="20" bodyfile="VisualizzaSingoloContattoController.java" bodystart="112" bodyend="-1"/>
      </memberdef>
      <memberdef kind="variable" id="class_interface_1_1controller_1_1_visualizza_singolo_contatto_controller_1ac027291517277e5bd0b5881a4b8be5bf" prot="private" static="no" mutable="no">
        <type>Button</type>
        <definition>Button Interface.controller.VisualizzaSingoloContattoController.returnButton</definition>
        <argsstring></argsstring>
        <name>returnButton</name>
        <qualifiedname>Interface.controller.VisualizzaSingoloContattoController.returnButton</qualifiedname>
        <briefdescription>
<para>Pulsante per tornare alla visualizzazione della rubrica. </para>
        </briefdescription>
        <detaileddescription>
        </detaileddescription>
        <inbodydescription>
        </inbodydescription>
        <location file="VisualizzaSingoloContattoController.java" line="118" column="20" bodyfile="VisualizzaSingoloContattoController.java" bodystart="118" bodyend="-1"/>
      </memberdef>
      <memberdef kind="variable" id="class_interface_1_1controller_1_1_visualizza_singolo_contatto_controller_1a75d51c392c87aa7eb20d6ae94eb91eaa" prot="private" static="no" mutable="no">
        <type>ObservableList&lt; <ref refid="classdata_1_1_contatto" kindref="compound">Contatto</ref> &gt;</type>
        <definition>ObservableList&lt;Contatto&gt; Interface.controller.VisualizzaSingoloContattoController.Contacts</definition>
        <argsstring></argsstring>
        <name>Contacts</name>
        <qualifiedname>Interface.controller.VisualizzaSingoloContattoController.Contacts</qualifiedname>
        <briefdescription>
<para>Lista osservabile contenente i contatti. </para>
        </briefdescription>
        <detaileddescription>
        </detaileddescription>
        <inbodydescription>
        </inbodydescription>
        <location file="VisualizzaSingoloContattoController.java" line="124" column="28" bodyfile="VisualizzaSingoloContattoController.java" bodystart="124" bodyend="-1"/>
      </memberdef>
    </sectiondef>
    <sectiondef kind="public-func">
      <memberdef kind="function" id="class_interface_1_1controller_1_1_visualizza_singolo_contatto_controller_1a6a9714f4648d2c87045bcc4d4fb0f5d2" prot="public" static="no" const="no" explicit="no" inline="yes" virt="non-virtual">
        <type>void</type>
        <definition>void Interface.controller.VisualizzaSingoloContattoController.initialize</definition>
        <argsstring>(URL url, ResourceBundle rb)</argsstring>
        <name>initialize</name>
        <qualifiedname>Interface.controller.VisualizzaSingoloContattoController.initialize</qualifiedname>
        <param>
          <type>URL</type>
          <declname>url</declname>
        </param>
        <param>
          <type>ResourceBundle</type>
          <declname>rb</declname>
        </param>
        <briefdescription>
<para>Inizializza il Interface.fxml.controller. </para>
        </briefdescription>
        <detaileddescription>
<para><parameterlist kind="param"><parameteritem>
<parameternamelist>
<parametername>url</parametername>
</parameternamelist>
<parameterdescription>
<para>URL per l&apos;inizializzazione del Interface.fxml.controller. </para>
</parameterdescription>
</parameteritem>
<parameteritem>
<parameternamelist>
<parametername>rb</parametername>
</parameternamelist>
<parameterdescription>
<para>ResourceBundle per la localizzazione. </para>
</parameterdescription>
</parameteritem>
</parameterlist>
<simplesect kind="invariant"><para>Dopo l&apos;inizializzazione, tutti i campi grafici devono essere non null. Questo metodo viene chiamato automaticamente per inizializzare i componenti FXML al caricamento della scena. </para>
</simplesect>
</para>
        </detaileddescription>
        <inbodydescription>
        </inbodydescription>
        <location file="VisualizzaSingoloContattoController.java" line="135" column="17" bodyfile="VisualizzaSingoloContattoController.java" bodystart="135" bodyend="137"/>
      </memberdef>
      <memberdef kind="function" id="class_interface_1_1controller_1_1_visualizza_singolo_contatto_controller_1ab7b5b466d5326feba6cbb77817ead2a6" prot="public" static="no" const="no" explicit="no" inline="yes" virt="non-virtual">
        <type>void</type>
        <definition>void Interface.controller.VisualizzaSingoloContattoController.displayModificaContatto</definition>
        <argsstring>(ActionEvent event)</argsstring>
        <name>displayModificaContatto</name>
        <qualifiedname>Interface.controller.VisualizzaSingoloContattoController.displayModificaContatto</qualifiedname>
        <param>
          <type>ActionEvent</type>
          <declname>event</declname>
        </param>
        <briefdescription>
<para>Apre la finestra per modificare il contatto selezionato. </para>
        </briefdescription>
        <detaileddescription>
<para><parameterlist kind="param"><parameteritem>
<parameternamelist>
<parametername>event</parametername>
</parameternamelist>
<parameterdescription>
<para>L&apos;evento che ha scatenato l&apos;azione(Il tasto &quot;Modifica&quot;). </para>
</parameterdescription>
</parameteritem>
</parameterlist>
<simplesect kind="pre"><para>L&apos;utente ha selezionato un contatto della rubrica. </para>
</simplesect>
<simplesect kind="post"><para>Si apre l&apos;interfaccia &quot;ModificaContattoController.Interface.fxml&quot; Metodo che permette all&apos;utente di passare alla finestra di modifica del contatto attualmente visualizzato. </para>
</simplesect>
</para>
        </detaileddescription>
        <inbodydescription>
        </inbodydescription>
        <location file="VisualizzaSingoloContattoController.java" line="148" column="13" bodyfile="VisualizzaSingoloContattoController.java" bodystart="148" bodyend="150"/>
      </memberdef>
      <memberdef kind="function" id="class_interface_1_1controller_1_1_visualizza_singolo_contatto_controller_1ad3257143713616cead277da22e2816f0" prot="public" static="no" const="no" explicit="no" inline="yes" virt="non-virtual">
        <type>void</type>
        <definition>void Interface.controller.VisualizzaSingoloContattoController.eliminaContatto</definition>
        <argsstring>(ActionEvent event)</argsstring>
        <name>eliminaContatto</name>
        <qualifiedname>Interface.controller.VisualizzaSingoloContattoController.eliminaContatto</qualifiedname>
        <param>
          <type>ActionEvent</type>
          <declname>event</declname>
        </param>
        <briefdescription>
<para>Elimina il contatto visualizzato. </para>
        </briefdescription>
        <detaileddescription>
<para><parameterlist kind="param"><parameteritem>
<parameternamelist>
<parametername>event</parametername>
</parameternamelist>
<parameterdescription>
<para>L&apos;evento che ha scatenato l&apos;azione(Il tasto &quot;Elimna&quot;). </para>
</parameterdescription>
</parameteritem>
</parameterlist>
<simplesect kind="pre"><para>L&apos;utente ha selezionato un contatton in rubrica. </para>
</simplesect>
<simplesect kind="post"><para>Il contatto viene rimosso dalla rubrica e la lista dei contatti è aggiornata. Metodo che permette di eliminare il contatto attualmente selezionato dalla rubrica. </para>
</simplesect>
<simplesect kind="see"><para>eliminaContatto(Contatto c). </para>
</simplesect>
</para>
        </detaileddescription>
        <inbodydescription>
        </inbodydescription>
        <location file="VisualizzaSingoloContattoController.java" line="162" column="13" bodyfile="VisualizzaSingoloContattoController.java" bodystart="162" bodyend="164"/>
      </memberdef>
      <memberdef kind="function" id="class_interface_1_1controller_1_1_visualizza_singolo_contatto_controller_1a80c9bfbb8c38a3dcdc66e2865765c114" prot="public" static="no" const="no" explicit="no" inline="yes" virt="non-virtual">
        <type>void</type>
        <definition>void Interface.controller.VisualizzaSingoloContattoController.annulla</definition>
        <argsstring>(ActionEvent event)</argsstring>
        <name>annulla</name>
        <qualifiedname>Interface.controller.VisualizzaSingoloContattoController.annulla</qualifiedname>
        <param>
          <type>ActionEvent</type>
          <declname>event</declname>
        </param>
        <briefdescription>
<para>Annulla l&apos;operazione corrente e torna alla rubrica. </para>
        </briefdescription>
        <detaileddescription>
<para><parameterlist kind="param"><parameteritem>
<parameternamelist>
<parametername>event</parametername>
</parameternamelist>
<parameterdescription>
<para>L&apos;evento che ha scatenato l&apos;azione(Il tasto &quot;Annulla&quot;). </para>
</parameterdescription>
</parameteritem>
</parameterlist>
<simplesect kind="pre"><para>L&apos;utente deve aver selezionato un contatto valido per visualizzarne i dettagli. </para>
</simplesect>
<simplesect kind="post"><para>L&apos;utente torna alla <computeroutput>MainInterface</computeroutput> senza modificare il contatto. Metodo che permette all&apos;utente di tornare alla visualizzazione della lista completa dei contatti senza modificare nulla. </para>
</simplesect>
<simplesect kind="see"><para><ref refid="class_interface_1_1controller_1_1_visualizza_singolo_contatto_controller_1a80c9bfbb8c38a3dcdc66e2865765c114" kindref="member">annulla()</ref>. </para>
</simplesect>
</para>
        </detaileddescription>
        <inbodydescription>
        </inbodydescription>
        <location file="VisualizzaSingoloContattoController.java" line="176" column="13" bodyfile="VisualizzaSingoloContattoController.java" bodystart="176" bodyend="177"/>
      </memberdef>
    </sectiondef>
    <briefdescription>
<para>Classe FXML Controller per visualizzare i dettagli di un singolo contatto. </para>
    </briefdescription>
    <detaileddescription>
<para><simplesect kind="invariant"><para>Il contatto selezionato deve essere sempre valido (non null e con dati consistenti). </para>
</simplesect>
<simplesect kind="invariant"><para>Tutti i campi grafici (es. <computeroutput>nameContent</computeroutput>, <computeroutput>surnameContent</computeroutput>, ecc.) devono essere inizializzati correttamente. </para>
</simplesect>
<simplesect kind="invariant"><para>La lista <computeroutput>Contacts</computeroutput> deve essere sincronizzata con lo stato della rubrica. Fornisce metodi per gestire l&apos;interazione con i dettagli di un contatto selezionato e permette di modificarlo, eliminarlo o tornare indietro. </para>
</simplesect>
</para>
    </detaileddescription>
    <inheritancegraph>
      <node id="1">
        <label>Interface.controller.VisualizzaSingoloContattoController</label>
        <link refid="class_interface_1_1controller_1_1_visualizza_singolo_contatto_controller"/>
        <childnode refid="2" relation="public-inheritance">
        </childnode>
      </node>
      <node id="2">
        <label>Initializable</label>
      </node>
    </inheritancegraph>
    <collaborationgraph>
      <node id="1">
        <label>Interface.controller.VisualizzaSingoloContattoController</label>
        <link refid="class_interface_1_1controller_1_1_visualizza_singolo_contatto_controller"/>
        <childnode refid="2" relation="public-inheritance">
        </childnode>
      </node>
      <node id="2">
        <label>Initializable</label>
      </node>
    </collaborationgraph>
    <location file="VisualizzaSingoloContattoController.java" line="34" column="7" bodyfile="VisualizzaSingoloContattoController.java" bodystart="34" bodyend="179"/>
    <listofallmembers>
      <member refid="class_interface_1_1controller_1_1_visualizza_singolo_contatto_controller_1acac96ef5a94e12787affdf2f9781c6f3" prot="private" virt="non-virtual"><scope>Interface::controller::VisualizzaSingoloContattoController</scope><name>adressContent</name></member>
      <member refid="class_interface_1_1controller_1_1_visualizza_singolo_contatto_controller_1a80c9bfbb8c38a3dcdc66e2865765c114" prot="public" virt="non-virtual"><scope>Interface::controller::VisualizzaSingoloContattoController</scope><name>annulla</name></member>
      <member refid="class_interface_1_1controller_1_1_visualizza_singolo_contatto_controller_1aec1d1029d68e590ab7b166c6f27d196a" prot="private" virt="non-virtual"><scope>Interface::controller::VisualizzaSingoloContattoController</scope><name>birthdayContent</name></member>
      <member refid="class_interface_1_1controller_1_1_visualizza_singolo_contatto_controller_1a556eaa9970ce5b08ef235f083dd092f6" prot="private" virt="non-virtual"><scope>Interface::controller::VisualizzaSingoloContattoController</scope><name>companyContent</name></member>
      <member refid="class_interface_1_1controller_1_1_visualizza_singolo_contatto_controller_1a75d51c392c87aa7eb20d6ae94eb91eaa" prot="private" virt="non-virtual"><scope>Interface::controller::VisualizzaSingoloContattoController</scope><name>Contacts</name></member>
      <member refid="class_interface_1_1controller_1_1_visualizza_singolo_contatto_controller_1acf18149a344afc52385ad82d05c3b8df" prot="private" virt="non-virtual"><scope>Interface::controller::VisualizzaSingoloContattoController</scope><name>deleteButton</name></member>
      <member refid="class_interface_1_1controller_1_1_visualizza_singolo_contatto_controller_1ab7b5b466d5326feba6cbb77817ead2a6" prot="public" virt="non-virtual"><scope>Interface::controller::VisualizzaSingoloContattoController</scope><name>displayModificaContatto</name></member>
      <member refid="class_interface_1_1controller_1_1_visualizza_singolo_contatto_controller_1ad3257143713616cead277da22e2816f0" prot="public" virt="non-virtual"><scope>Interface::controller::VisualizzaSingoloContattoController</scope><name>eliminaContatto</name></member>
      <member refid="class_interface_1_1controller_1_1_visualizza_singolo_contatto_controller_1a6e0fb04dfd1e24bd96b4557c27770846" prot="private" virt="non-virtual"><scope>Interface::controller::VisualizzaSingoloContattoController</scope><name>emailContent1</name></member>
      <member refid="class_interface_1_1controller_1_1_visualizza_singolo_contatto_controller_1af9a668c4855617c2b074bcc255adfd7d" prot="private" virt="non-virtual"><scope>Interface::controller::VisualizzaSingoloContattoController</scope><name>emailContent2</name></member>
      <member refid="class_interface_1_1controller_1_1_visualizza_singolo_contatto_controller_1a11ae2482ace97fd6fc435c035b03d947" prot="private" virt="non-virtual"><scope>Interface::controller::VisualizzaSingoloContattoController</scope><name>emailContent3</name></member>
      <member refid="class_interface_1_1controller_1_1_visualizza_singolo_contatto_controller_1a6a9714f4648d2c87045bcc4d4fb0f5d2" prot="public" virt="non-virtual"><scope>Interface::controller::VisualizzaSingoloContattoController</scope><name>initialize</name></member>
      <member refid="class_interface_1_1controller_1_1_visualizza_singolo_contatto_controller_1a4e23b5277564a2c93579c59a0b3c990b" prot="private" virt="non-virtual"><scope>Interface::controller::VisualizzaSingoloContattoController</scope><name>modifyButton</name></member>
      <member refid="class_interface_1_1controller_1_1_visualizza_singolo_contatto_controller_1a834c0fb28b01f0c3a5fd92ea3d60e2fa" prot="private" virt="non-virtual"><scope>Interface::controller::VisualizzaSingoloContattoController</scope><name>nameContent</name></member>
      <member refid="class_interface_1_1controller_1_1_visualizza_singolo_contatto_controller_1a62189e6ad51246737e4b5edaf27f5236" prot="private" virt="non-virtual"><scope>Interface::controller::VisualizzaSingoloContattoController</scope><name>numberContent1</name></member>
      <member refid="class_interface_1_1controller_1_1_visualizza_singolo_contatto_controller_1a7e00e430f41fcdcd34bb06e1f26bf3eb" prot="private" virt="non-virtual"><scope>Interface::controller::VisualizzaSingoloContattoController</scope><name>numberContent2</name></member>
      <member refid="class_interface_1_1controller_1_1_visualizza_singolo_contatto_controller_1a4addc7a76fd4bc0e6a97324428a2dc2b" prot="private" virt="non-virtual"><scope>Interface::controller::VisualizzaSingoloContattoController</scope><name>numberContent3</name></member>
      <member refid="class_interface_1_1controller_1_1_visualizza_singolo_contatto_controller_1ac027291517277e5bd0b5881a4b8be5bf" prot="private" virt="non-virtual"><scope>Interface::controller::VisualizzaSingoloContattoController</scope><name>returnButton</name></member>
      <member refid="class_interface_1_1controller_1_1_visualizza_singolo_contatto_controller_1afce9fc846411652cc5f298760fd28ba7" prot="private" virt="non-virtual"><scope>Interface::controller::VisualizzaSingoloContattoController</scope><name>surnameContent</name></member>
    </listofallmembers>
  </compounddef>
</doxygen>
