<?xml version='1.0' encoding='UTF-8' standalone='no'?>
<doxygen xmlns:xsi="http://www.w3.org/2001/XMLSchema-instance" xsi:noNamespaceSchemaLocation="compound.xsd" version="1.12.0" xml:lang="en-US">
  <compounddef id="classdata_1_1_rubrica" kind="class" language="Java" prot="public">
    <compoundname>data::Rubrica</compoundname>
    <sectiondef kind="private-attrib">
      <memberdef kind="variable" id="classdata_1_1_rubrica_1a041a1be0cd6ebe58a3eae0f448681827" prot="private" static="no" mutable="no">
        <type>List&lt; <ref refid="classdata_1_1_contatto" kindref="compound">Contatto</ref> &gt;</type>
        <definition>List&lt;Contatto&gt; data.Rubrica.contatti</definition>
        <argsstring></argsstring>
        <name>contatti</name>
        <qualifiedname>data.Rubrica.contatti</qualifiedname>
        <briefdescription>
<para>Lista che contiene tutti i contatti della rubrica. </para>
        </briefdescription>
        <detaileddescription>
<para><simplesect kind="invariant"><para>La lista deve essere sempre inizializzata e non può mai essere null. </para>
</simplesect>
</para>
        </detaileddescription>
        <inbodydescription>
        </inbodydescription>
        <location file="Rubrica.java" line="39" column="18" bodyfile="Rubrica.java" bodystart="39" bodyend="-1"/>
      </memberdef>
    </sectiondef>
    <sectiondef kind="public-func">
      <memberdef kind="function" id="classdata_1_1_rubrica_1a71e8335491bc3741deae1e70f16e725c" prot="public" static="no" const="no" explicit="no" inline="yes" virt="non-virtual">
        <type></type>
        <definition>data.Rubrica.Rubrica</definition>
        <argsstring>()</argsstring>
        <name>Rubrica</name>
        <qualifiedname>data.Rubrica.Rubrica</qualifiedname>
        <briefdescription>
<para>Costruttore per inizializzare una rubrica vuota. </para>
        </briefdescription>
        <detaileddescription>
        </detaileddescription>
        <inbodydescription>
        </inbodydescription>
        <location file="Rubrica.java" line="44" column="12" bodyfile="Rubrica.java" bodystart="44" bodyend="46"/>
      </memberdef>
      <memberdef kind="function" id="classdata_1_1_rubrica_1a50684d544f111d9fb75bbd136fa8537c" prot="public" static="no" const="no" explicit="no" inline="yes" virt="non-virtual">
        <type>void</type>
        <definition>void data.Rubrica.aggiungiContatto</definition>
        <argsstring>(Contatto contatto)</argsstring>
        <name>aggiungiContatto</name>
        <qualifiedname>data.Rubrica.aggiungiContatto</qualifiedname>
        <param>
          <type><ref refid="classdata_1_1_contatto" kindref="compound">Contatto</ref></type>
          <declname>contatto</declname>
        </param>
        <briefdescription>
<para>Aggiunge un nuovo contatto alla rubrica. </para>
        </briefdescription>
        <detaileddescription>
<para><parameterlist kind="param"><parameteritem>
<parameternamelist>
<parametername>contatto</parametername>
</parameternamelist>
<parameterdescription>
<para>Il contatto da aggiungere. </para>
</parameterdescription>
</parameteritem>
</parameterlist>
<simplesect kind="invariant"><para>Dopo l&apos;aggiunta, la lista non deve contenere duplicati. </para>
</simplesect>
<simplesect kind="invariant"><para>Il contatto aggiunto deve essere valido(aggiunta di un nome o un cognome). </para>
</simplesect>
</para>
        </detaileddescription>
        <inbodydescription>
        </inbodydescription>
        <location file="Rubrica.java" line="54" column="17" bodyfile="Rubrica.java" bodystart="54" bodyend="56"/>
      </memberdef>
      <memberdef kind="function" id="classdata_1_1_rubrica_1a9440ad0632f34f86531e46fd7530b82f" prot="public" static="no" const="no" explicit="no" inline="yes" virt="non-virtual">
        <type>List&lt; <ref refid="classdata_1_1_contatto" kindref="compound">Contatto</ref> &gt;</type>
        <definition>List&lt; Contatto &gt; data.Rubrica.mostraRubrica</definition>
        <argsstring>()</argsstring>
        <name>mostraRubrica</name>
        <qualifiedname>data.Rubrica.mostraRubrica</qualifiedname>
        <briefdescription>
<para>Mostra tutti i contatti presenti nella rubrica. </para>
        </briefdescription>
        <detaileddescription>
<para><simplesect kind="invariant"><para>La lista restituita deve contenere solo contatti validi. </para>
</simplesect>
<simplesect kind="return"><para>Una lista di tutti i contatti. </para>
</simplesect>
</para>
        </detaileddescription>
        <inbodydescription>
        </inbodydescription>
        <location file="Rubrica.java" line="63" column="17" bodyfile="Rubrica.java" bodystart="63" bodyend="65"/>
      </memberdef>
      <memberdef kind="function" id="classdata_1_1_rubrica_1a68c230abd5c511e9f4330fa8c29dea82" prot="public" static="no" const="no" explicit="no" inline="yes" virt="non-virtual">
        <type>List&lt; <ref refid="classdata_1_1_contatto" kindref="compound">Contatto</ref> &gt;</type>
        <definition>List&lt; Contatto &gt; data.Rubrica.ricercaContatto</definition>
        <argsstring>(String s)</argsstring>
        <name>ricercaContatto</name>
        <qualifiedname>data.Rubrica.ricercaContatto</qualifiedname>
        <param>
          <type>String</type>
          <declname>s</declname>
        </param>
        <briefdescription>
<para>Cerca i contatti nella rubrica. </para>
        </briefdescription>
        <detaileddescription>
<para><parameterlist kind="param"><parameteritem>
<parameternamelist>
<parametername>s</parametername>
</parameternamelist>
<parameterdescription>
<para>Stringa con cui ricercare corrispondenze nella Lista. </para>
</parameterdescription>
</parameteritem>
</parameterlist>
<simplesect kind="return"><para>Una lista di contatti che corrispondono ai criteri di ricerca.</para>
</simplesect>
Metodo da implementare per filtrare i contatti in base a criteri specifici. </para>
        </detaileddescription>
        <inbodydescription>
        </inbodydescription>
        <location file="Rubrica.java" line="74" column="17" bodyfile="Rubrica.java" bodystart="74" bodyend="76"/>
      </memberdef>
      <memberdef kind="function" id="classdata_1_1_rubrica_1a70f79f500b092c0411f03e33dcbccbe4" prot="public" static="no" const="no" explicit="no" inline="yes" virt="non-virtual">
        <type>void</type>
        <definition>void data.Rubrica.esportaContatto</definition>
        <argsstring>()</argsstring>
        <name>esportaContatto</name>
        <qualifiedname>data.Rubrica.esportaContatto</qualifiedname>
        <briefdescription>
<para>Esporta i contatti della rubrica. </para>
        </briefdescription>
        <detaileddescription>
<para>Metodo da implementare per esportare i contatti in un formato specifico </para>
        </detaileddescription>
        <inbodydescription>
        </inbodydescription>
        <location file="Rubrica.java" line="84" column="17" bodyfile="Rubrica.java" bodystart="84" bodyend="86"/>
      </memberdef>
      <memberdef kind="function" id="classdata_1_1_rubrica_1ac61c59920a86eec2c5277ef3118abf72" prot="public" static="no" const="no" explicit="no" inline="yes" virt="non-virtual">
        <type>void</type>
        <definition>void data.Rubrica.importaContatto</definition>
        <argsstring>()</argsstring>
        <name>importaContatto</name>
        <qualifiedname>data.Rubrica.importaContatto</qualifiedname>
        <briefdescription>
<para>Importa contatti nella rubrica. </para>
        </briefdescription>
        <detaileddescription>
<para><simplesect kind="invariant"><para>I contatti importati devono essere validi e non devono introdurre duplicati. Metodo da implementare per importare contatti da un formato specifico </para>
</simplesect>
</para>
        </detaileddescription>
        <inbodydescription>
        </inbodydescription>
        <location file="Rubrica.java" line="94" column="17" bodyfile="Rubrica.java" bodystart="94" bodyend="96"/>
      </memberdef>
      <memberdef kind="function" id="classdata_1_1_rubrica_1acde304846946d8a2da82dce0181eb346" prot="public" static="no" const="no" explicit="no" inline="yes" virt="non-virtual">
        <type>void</type>
        <definition>void data.Rubrica.eliminaContatto</definition>
        <argsstring>(Contatto c)</argsstring>
        <name>eliminaContatto</name>
        <qualifiedname>data.Rubrica.eliminaContatto</qualifiedname>
        <param>
          <type><ref refid="classdata_1_1_contatto" kindref="compound">Contatto</ref></type>
          <declname>c</declname>
        </param>
        <briefdescription>
<para>Elimina un contatto dalla rubrica. </para>
        </briefdescription>
        <detaileddescription>
<para><parameterlist kind="param"><parameteritem>
<parameternamelist>
<parametername>c</parametername>
</parameternamelist>
<parameterdescription>
<para><ref refid="classdata_1_1_contatto" kindref="compound">Contatto</ref> da Eliminare nella Lista. Metodo da implementare per rimuovere un contatto specifico dalla lista. </para>
</parameterdescription>
</parameteritem>
</parameterlist>
</para>
        </detaileddescription>
        <inbodydescription>
        </inbodydescription>
        <location file="Rubrica.java" line="103" column="17" bodyfile="Rubrica.java" bodystart="103" bodyend="105"/>
      </memberdef>
      <memberdef kind="function" id="classdata_1_1_rubrica_1a9417e1ec62c12093233fad9a5ded3d8b" prot="public" static="no" const="no" explicit="no" inline="yes" virt="non-virtual">
        <type>void</type>
        <definition>void data.Rubrica.modificaContatto</definition>
        <argsstring>(Contatto c)</argsstring>
        <name>modificaContatto</name>
        <qualifiedname>data.Rubrica.modificaContatto</qualifiedname>
        <param>
          <type><ref refid="classdata_1_1_contatto" kindref="compound">Contatto</ref></type>
          <declname>c</declname>
        </param>
        <briefdescription>
<para>Modifica un contatto esistente nella rubrica. </para>
        </briefdescription>
        <detaileddescription>
<para><parameterlist kind="param"><parameteritem>
<parameternamelist>
<parametername>c</parametername>
</parameternamelist>
<parameterdescription>
<para><ref refid="classdata_1_1_contatto" kindref="compound">Contatto</ref> da Modificare nella Lista. </para>
</parameterdescription>
</parameteritem>
</parameterlist>
<simplesect kind="invariant"><para>Dopo la modifica, il contatto deve rimanere valido. Metodo da implementare per aggiornare i dettagli di un contatto esistente. </para>
</simplesect>
<simplesect kind="see"><para>setNome(), setCognome(), setTelefono1(), setTelefono2(),setTelefono3(),setEmail1(),setEmail2(),setEmail3(),setSocietà(),setIndirizzo(),setCompleanno(). </para>
</simplesect>
</para>
        </detaileddescription>
        <inbodydescription>
        </inbodydescription>
        <location file="Rubrica.java" line="114" column="17" bodyfile="Rubrica.java" bodystart="114" bodyend="116"/>
      </memberdef>
      <memberdef kind="function" id="classdata_1_1_rubrica_1ae1c0e35bb1155fc2287b574c464750a4" prot="public" static="no" const="no" explicit="no" inline="yes" virt="non-virtual">
        <type>void</type>
        <definition>void data.Rubrica.annulla</definition>
        <argsstring>()</argsstring>
        <name>annulla</name>
        <qualifiedname>data.Rubrica.annulla</qualifiedname>
        <briefdescription>
<para>Annulla l&apos;ultima operazione eseguita. </para>
        </briefdescription>
        <detaileddescription>
<para><simplesect kind="invariant"><para>Lo stato della rubrica deve tornare allo stato precedente. Metodo da implementare per ripristinare lo stato precedente della rubrica, utilizzando un&apos;istanza di <computeroutput>AnnullaOperazione</computeroutput>. </para>
</simplesect>
</para>
        </detaileddescription>
        <inbodydescription>
        </inbodydescription>
        <location file="Rubrica.java" line="124" column="17" bodyfile="Rubrica.java" bodystart="124" bodyend="126"/>
      </memberdef>
      <memberdef kind="function" id="classdata_1_1_rubrica_1a63a3c465cb1dd645555f6852a0e7db35" prot="public" static="no" const="no" explicit="no" inline="yes" virt="non-virtual">
        <type>void</type>
        <definition>void data.Rubrica.visualizzaContatto</definition>
        <argsstring>()</argsstring>
        <name>visualizzaContatto</name>
        <qualifiedname>data.Rubrica.visualizzaContatto</qualifiedname>
        <briefdescription>
<para>Visualizza i dettagli di un contatto specifico. </para>
        </briefdescription>
        <detaileddescription>
<para>Metodo da implementare per mostrare i dettagli di un contatto selezionato. </para>
        </detaileddescription>
        <inbodydescription>
        </inbodydescription>
        <location file="Rubrica.java" line="133" column="17" bodyfile="Rubrica.java" bodystart="133" bodyend="135"/>
      </memberdef>
    </sectiondef>
    <briefdescription>
<para>Classe che rappresenta una rubrica per la gestione dei contatti. </para>
    </briefdescription>
    <detaileddescription>
<para>Questa classe contiene una lista di contatti e fornisce metodi per la gestione e la manipolazione dei contatti. </para>
    </detaileddescription>
    <location file="Rubrica.java" line="34" column="7" bodyfile="Rubrica.java" bodystart="34" bodyend="136"/>
    <listofallmembers>
      <member refid="classdata_1_1_rubrica_1a50684d544f111d9fb75bbd136fa8537c" prot="public" virt="non-virtual"><scope>data::Rubrica</scope><name>aggiungiContatto</name></member>
      <member refid="classdata_1_1_rubrica_1ae1c0e35bb1155fc2287b574c464750a4" prot="public" virt="non-virtual"><scope>data::Rubrica</scope><name>annulla</name></member>
      <member refid="classdata_1_1_rubrica_1a041a1be0cd6ebe58a3eae0f448681827" prot="private" virt="non-virtual"><scope>data::Rubrica</scope><name>contatti</name></member>
      <member refid="classdata_1_1_rubrica_1acde304846946d8a2da82dce0181eb346" prot="public" virt="non-virtual"><scope>data::Rubrica</scope><name>eliminaContatto</name></member>
      <member refid="classdata_1_1_rubrica_1a70f79f500b092c0411f03e33dcbccbe4" prot="public" virt="non-virtual"><scope>data::Rubrica</scope><name>esportaContatto</name></member>
      <member refid="classdata_1_1_rubrica_1ac61c59920a86eec2c5277ef3118abf72" prot="public" virt="non-virtual"><scope>data::Rubrica</scope><name>importaContatto</name></member>
      <member refid="classdata_1_1_rubrica_1a9417e1ec62c12093233fad9a5ded3d8b" prot="public" virt="non-virtual"><scope>data::Rubrica</scope><name>modificaContatto</name></member>
      <member refid="classdata_1_1_rubrica_1a9440ad0632f34f86531e46fd7530b82f" prot="public" virt="non-virtual"><scope>data::Rubrica</scope><name>mostraRubrica</name></member>
      <member refid="classdata_1_1_rubrica_1a68c230abd5c511e9f4330fa8c29dea82" prot="public" virt="non-virtual"><scope>data::Rubrica</scope><name>ricercaContatto</name></member>
      <member refid="classdata_1_1_rubrica_1a71e8335491bc3741deae1e70f16e725c" prot="public" virt="non-virtual"><scope>data::Rubrica</scope><name>Rubrica</name></member>
      <member refid="classdata_1_1_rubrica_1a63a3c465cb1dd645555f6852a0e7db35" prot="public" virt="non-virtual"><scope>data::Rubrica</scope><name>visualizzaContatto</name></member>
    </listofallmembers>
  </compounddef>
</doxygen>
