<?xml version='1.0' encoding='UTF-8' standalone='no'?>
<doxygen xmlns:xsi="http://www.w3.org/2001/XMLSchema-instance" xsi:noNamespaceSchemaLocation="compound.xsd" version="1.12.0" xml:lang="en-US">
  <compounddef id="class_interface_1_1controller_1_1_aggiunta_contatto_controller" kind="class" language="Java" prot="public">
    <compoundname>Interface::controller::AggiuntaContattoController</compoundname>
    <basecompoundref prot="public" virt="non-virtual">Initializable</basecompoundref>
    <sectiondef kind="private-attrib">
      <memberdef kind="variable" id="class_interface_1_1controller_1_1_aggiunta_contatto_controller_1a6c8788c9cb452e47589c3eb488bf84ef" prot="private" static="no" mutable="no">
        <type>TextField</type>
        <definition>TextField Interface.controller.AggiuntaContattoController.nameField</definition>
        <argsstring></argsstring>
        <name>nameField</name>
        <qualifiedname>Interface.controller.AggiuntaContattoController.nameField</qualifiedname>
        <briefdescription>
<para>Campo per inserire il nome del contatto. </para>
        </briefdescription>
        <detaileddescription>
        </detaileddescription>
        <inbodydescription>
        </inbodydescription>
        <location file="AggiuntaContattoController.java" line="41" column="23" bodyfile="AggiuntaContattoController.java" bodystart="41" bodyend="-1"/>
      </memberdef>
      <memberdef kind="variable" id="class_interface_1_1controller_1_1_aggiunta_contatto_controller_1ac0e6c46e62de38ae20e6b73b12ee8de8" prot="private" static="no" mutable="no">
        <type>TextField</type>
        <definition>TextField Interface.controller.AggiuntaContattoController.surnameField</definition>
        <argsstring></argsstring>
        <name>surnameField</name>
        <qualifiedname>Interface.controller.AggiuntaContattoController.surnameField</qualifiedname>
        <briefdescription>
<para>Campo per inserire il cognome del contatto. </para>
        </briefdescription>
        <detaileddescription>
        </detaileddescription>
        <inbodydescription>
        </inbodydescription>
        <location file="AggiuntaContattoController.java" line="47" column="23" bodyfile="AggiuntaContattoController.java" bodystart="47" bodyend="-1"/>
      </memberdef>
      <memberdef kind="variable" id="class_interface_1_1controller_1_1_aggiunta_contatto_controller_1aca9090f1fa44b637a36bd545c7d413f1" prot="private" static="no" mutable="no">
        <type>DatePicker</type>
        <definition>DatePicker Interface.controller.AggiuntaContattoController.birthdayField</definition>
        <argsstring></argsstring>
        <name>birthdayField</name>
        <qualifiedname>Interface.controller.AggiuntaContattoController.birthdayField</qualifiedname>
        <briefdescription>
<para>Campo per selezionare la data di nascita del contatto. </para>
        </briefdescription>
        <detaileddescription>
        </detaileddescription>
        <inbodydescription>
        </inbodydescription>
        <location file="AggiuntaContattoController.java" line="53" column="24" bodyfile="AggiuntaContattoController.java" bodystart="53" bodyend="-1"/>
      </memberdef>
      <memberdef kind="variable" id="class_interface_1_1controller_1_1_aggiunta_contatto_controller_1a3b14a95219b19a56a758d033bcf2b090" prot="private" static="no" mutable="no">
        <type>TextField</type>
        <definition>TextField Interface.controller.AggiuntaContattoController.companyField</definition>
        <argsstring></argsstring>
        <name>companyField</name>
        <qualifiedname>Interface.controller.AggiuntaContattoController.companyField</qualifiedname>
        <briefdescription>
<para>Campo per inserire la società del contatto. </para>
        </briefdescription>
        <detaileddescription>
        </detaileddescription>
        <inbodydescription>
        </inbodydescription>
        <location file="AggiuntaContattoController.java" line="59" column="23" bodyfile="AggiuntaContattoController.java" bodystart="59" bodyend="-1"/>
      </memberdef>
      <memberdef kind="variable" id="class_interface_1_1controller_1_1_aggiunta_contatto_controller_1ac3431eec929196a585385fb323aeca30" prot="private" static="no" mutable="no">
        <type>TextField</type>
        <definition>TextField Interface.controller.AggiuntaContattoController.numberField1</definition>
        <argsstring></argsstring>
        <name>numberField1</name>
        <qualifiedname>Interface.controller.AggiuntaContattoController.numberField1</qualifiedname>
        <briefdescription>
<para>Campo per inserire il primo numero di telefono. </para>
        </briefdescription>
        <detaileddescription>
        </detaileddescription>
        <inbodydescription>
        </inbodydescription>
        <location file="AggiuntaContattoController.java" line="65" column="23" bodyfile="AggiuntaContattoController.java" bodystart="65" bodyend="-1"/>
      </memberdef>
      <memberdef kind="variable" id="class_interface_1_1controller_1_1_aggiunta_contatto_controller_1ab3dc71056c815f3a919dccad5e4a3c0b" prot="private" static="no" mutable="no">
        <type>TextField</type>
        <definition>TextField Interface.controller.AggiuntaContattoController.numberField2</definition>
        <argsstring></argsstring>
        <name>numberField2</name>
        <qualifiedname>Interface.controller.AggiuntaContattoController.numberField2</qualifiedname>
        <briefdescription>
<para>Campo per inserire il secondo numero di telefono. </para>
        </briefdescription>
        <detaileddescription>
        </detaileddescription>
        <inbodydescription>
        </inbodydescription>
        <location file="AggiuntaContattoController.java" line="71" column="23" bodyfile="AggiuntaContattoController.java" bodystart="71" bodyend="-1"/>
      </memberdef>
      <memberdef kind="variable" id="class_interface_1_1controller_1_1_aggiunta_contatto_controller_1a087efb2c39595612b1daec4e0a2de60f" prot="private" static="no" mutable="no">
        <type>TextField</type>
        <definition>TextField Interface.controller.AggiuntaContattoController.numberField3</definition>
        <argsstring></argsstring>
        <name>numberField3</name>
        <qualifiedname>Interface.controller.AggiuntaContattoController.numberField3</qualifiedname>
        <briefdescription>
<para>Campo per inserire il terzo numero di telefono. </para>
        </briefdescription>
        <detaileddescription>
        </detaileddescription>
        <inbodydescription>
        </inbodydescription>
        <location file="AggiuntaContattoController.java" line="77" column="23" bodyfile="AggiuntaContattoController.java" bodystart="77" bodyend="-1"/>
      </memberdef>
      <memberdef kind="variable" id="class_interface_1_1controller_1_1_aggiunta_contatto_controller_1aaaa36cef6a87556256707011140da6aa" prot="private" static="no" mutable="no">
        <type>TextField</type>
        <definition>TextField Interface.controller.AggiuntaContattoController.emailField1</definition>
        <argsstring></argsstring>
        <name>emailField1</name>
        <qualifiedname>Interface.controller.AggiuntaContattoController.emailField1</qualifiedname>
        <briefdescription>
<para>Campo per inserire la prima email del contatto. </para>
        </briefdescription>
        <detaileddescription>
        </detaileddescription>
        <inbodydescription>
        </inbodydescription>
        <location file="AggiuntaContattoController.java" line="83" column="23" bodyfile="AggiuntaContattoController.java" bodystart="83" bodyend="-1"/>
      </memberdef>
      <memberdef kind="variable" id="class_interface_1_1controller_1_1_aggiunta_contatto_controller_1a47b805d1997dcb911e0bcce6d5ca916b" prot="private" static="no" mutable="no">
        <type>TextField</type>
        <definition>TextField Interface.controller.AggiuntaContattoController.emailField2</definition>
        <argsstring></argsstring>
        <name>emailField2</name>
        <qualifiedname>Interface.controller.AggiuntaContattoController.emailField2</qualifiedname>
        <briefdescription>
<para>Campo per inserire la seconda email del contatto. </para>
        </briefdescription>
        <detaileddescription>
        </detaileddescription>
        <inbodydescription>
        </inbodydescription>
        <location file="AggiuntaContattoController.java" line="89" column="23" bodyfile="AggiuntaContattoController.java" bodystart="89" bodyend="-1"/>
      </memberdef>
      <memberdef kind="variable" id="class_interface_1_1controller_1_1_aggiunta_contatto_controller_1ae8091b56325ffccf055c6feecfaf7fe1" prot="private" static="no" mutable="no">
        <type>TextField</type>
        <definition>TextField Interface.controller.AggiuntaContattoController.emailField3</definition>
        <argsstring></argsstring>
        <name>emailField3</name>
        <qualifiedname>Interface.controller.AggiuntaContattoController.emailField3</qualifiedname>
        <briefdescription>
<para>Campo per inserire la terza email del contatto. </para>
        </briefdescription>
        <detaileddescription>
        </detaileddescription>
        <inbodydescription>
        </inbodydescription>
        <location file="AggiuntaContattoController.java" line="95" column="23" bodyfile="AggiuntaContattoController.java" bodystart="95" bodyend="-1"/>
      </memberdef>
      <memberdef kind="variable" id="class_interface_1_1controller_1_1_aggiunta_contatto_controller_1a06e0f775bffdfc3884d0f9c3ca9a4d21" prot="private" static="no" mutable="no">
        <type>TextField</type>
        <definition>TextField Interface.controller.AggiuntaContattoController.adressField</definition>
        <argsstring></argsstring>
        <name>adressField</name>
        <qualifiedname>Interface.controller.AggiuntaContattoController.adressField</qualifiedname>
        <briefdescription>
<para>Campo per inserire l&apos;indirizzo del contatto. </para>
        </briefdescription>
        <detaileddescription>
        </detaileddescription>
        <inbodydescription>
        </inbodydescription>
        <location file="AggiuntaContattoController.java" line="101" column="23" bodyfile="AggiuntaContattoController.java" bodystart="101" bodyend="-1"/>
      </memberdef>
      <memberdef kind="variable" id="class_interface_1_1controller_1_1_aggiunta_contatto_controller_1af20f89fe7e087d16edef9c15bd5ba4b9" prot="private" static="no" mutable="no">
        <type>Button</type>
        <definition>Button Interface.controller.AggiuntaContattoController.addButton</definition>
        <argsstring></argsstring>
        <name>addButton</name>
        <qualifiedname>Interface.controller.AggiuntaContattoController.addButton</qualifiedname>
        <briefdescription>
<para>Pulsante per aggiungere un nuovo contatto. </para>
        </briefdescription>
        <detaileddescription>
        </detaileddescription>
        <inbodydescription>
        </inbodydescription>
        <location file="AggiuntaContattoController.java" line="107" column="20" bodyfile="AggiuntaContattoController.java" bodystart="107" bodyend="-1"/>
      </memberdef>
      <memberdef kind="variable" id="class_interface_1_1controller_1_1_aggiunta_contatto_controller_1a0611e617e9fc84af2f9e0a73aa8f8b58" prot="private" static="no" mutable="no">
        <type>Button</type>
        <definition>Button Interface.controller.AggiuntaContattoController.delButton</definition>
        <argsstring></argsstring>
        <name>delButton</name>
        <qualifiedname>Interface.controller.AggiuntaContattoController.delButton</qualifiedname>
        <briefdescription>
<para>Pulsante per annullare l&apos;aggiunta di un contatto. </para>
        </briefdescription>
        <detaileddescription>
        </detaileddescription>
        <inbodydescription>
        </inbodydescription>
        <location file="AggiuntaContattoController.java" line="113" column="20" bodyfile="AggiuntaContattoController.java" bodystart="113" bodyend="-1"/>
      </memberdef>
      <memberdef kind="variable" id="class_interface_1_1controller_1_1_aggiunta_contatto_controller_1aa3464d19efd7ffb897d8413fe75c4e35" prot="private" static="no" mutable="no">
        <type>ObservableList&lt; <ref refid="classdata_1_1_contatto" kindref="compound">Contatto</ref> &gt;</type>
        <definition>ObservableList&lt;Contatto&gt; Interface.controller.AggiuntaContattoController.Contacts</definition>
        <argsstring></argsstring>
        <name>Contacts</name>
        <qualifiedname>Interface.controller.AggiuntaContattoController.Contacts</qualifiedname>
        <briefdescription>
<para>Lista osservabile contenente i contatti. </para>
        </briefdescription>
        <detaileddescription>
        </detaileddescription>
        <inbodydescription>
        </inbodydescription>
        <location file="AggiuntaContattoController.java" line="119" column="28" bodyfile="AggiuntaContattoController.java" bodystart="119" bodyend="-1"/>
      </memberdef>
    </sectiondef>
    <sectiondef kind="public-func">
      <memberdef kind="function" id="class_interface_1_1controller_1_1_aggiunta_contatto_controller_1a44416973b59e26f70c83b6a709dbf940" prot="public" static="no" const="no" explicit="no" inline="yes" virt="non-virtual">
        <type>void</type>
        <definition>void Interface.controller.AggiuntaContattoController.initialize</definition>
        <argsstring>(URL url, ResourceBundle rb)</argsstring>
        <name>initialize</name>
        <qualifiedname>Interface.controller.AggiuntaContattoController.initialize</qualifiedname>
        <param>
          <type>URL</type>
          <declname>url</declname>
        </param>
        <param>
          <type>ResourceBundle</type>
          <declname>rb</declname>
        </param>
        <briefdescription>
<para>Inizializza il Interface.fxml.controller. </para>
        </briefdescription>
        <detaileddescription>
<para><parameterlist kind="param"><parameteritem>
<parameternamelist>
<parametername>url</parametername>
</parameternamelist>
<parameterdescription>
<para>URL per inizializzare il Interface.fxml.controller. </para>
</parameterdescription>
</parameteritem>
<parameteritem>
<parameternamelist>
<parametername>rb</parametername>
</parameternamelist>
<parameterdescription>
<para>ResourceBundle per localizzazione. </para>
</parameterdescription>
</parameteritem>
</parameterlist>
<simplesect kind="invariant"><para>Dopo l&apos;inizializzazione, tutti i campi FXML associati devono essere non null. Questo metodo viene chiamato automaticamente all&apos;avvio per inizializzare i componenti FXML. </para>
</simplesect>
</para>
        </detaileddescription>
        <inbodydescription>
        </inbodydescription>
        <location file="AggiuntaContattoController.java" line="130" column="17" bodyfile="AggiuntaContattoController.java" bodystart="130" bodyend="132"/>
      </memberdef>
      <memberdef kind="function" id="class_interface_1_1controller_1_1_aggiunta_contatto_controller_1af95836243f341add0d6f0d30887559b1" prot="public" static="no" const="no" explicit="no" inline="yes" virt="non-virtual">
        <type>void</type>
        <definition>void Interface.controller.AggiuntaContattoController.aggiungiContatto</definition>
        <argsstring>(ActionEvent event)</argsstring>
        <name>aggiungiContatto</name>
        <qualifiedname>Interface.controller.AggiuntaContattoController.aggiungiContatto</qualifiedname>
        <param>
          <type>ActionEvent</type>
          <declname>event</declname>
        </param>
        <briefdescription>
<para>Aggiunge un nuovo contatto alla rubrica. </para>
        </briefdescription>
        <detaileddescription>
<para><parameterlist kind="param"><parameteritem>
<parameternamelist>
<parametername>event</parametername>
</parameternamelist>
<parameterdescription>
<para>L&apos;evento che ha scatenato l&apos;azione(Il tasto &quot;Fine&quot;). </para>
</parameterdescription>
</parameteritem>
</parameterlist>
<simplesect kind="pre"><para>I campi &quot;nameField&quot; e &quot;surnameField&quot; devono essere compilati. Gli altri campi possono essere vuoti. </para>
</simplesect>
<simplesect kind="post"><para>Un nuovo contatto valido è aggiunto alla lista <computeroutput>Contacts</computeroutput> e visualizzato nella lista grafica. Metodo che gestisce la logica per l&apos;aggiunta di un contatto alla rubrica.</para>
</simplesect>
<simplesect kind="see"><para><ref refid="class_interface_1_1controller_1_1_aggiunta_contatto_controller_1af95836243f341add0d6f0d30887559b1" kindref="member">aggiungiContatto()</ref> nella classe <computeroutput>Rubrica</computeroutput>. </para>
</simplesect>
<simplesect kind="invariant"><para>Dopo l&apos;esecuzione, la lista <computeroutput>Contacts</computeroutput> deve riflettere lo stato aggiornato. </para>
</simplesect>
</para>
        </detaileddescription>
        <inbodydescription>
        </inbodydescription>
        <location file="AggiuntaContattoController.java" line="145" column="13" bodyfile="AggiuntaContattoController.java" bodystart="145" bodyend="147"/>
      </memberdef>
      <memberdef kind="function" id="class_interface_1_1controller_1_1_aggiunta_contatto_controller_1a38aa29a1d59fe6e89673373a6eaebcfe" prot="public" static="no" const="no" explicit="no" inline="yes" virt="non-virtual">
        <type>void</type>
        <definition>void Interface.controller.AggiuntaContattoController.annulla</definition>
        <argsstring>(ActionEvent event)</argsstring>
        <name>annulla</name>
        <qualifiedname>Interface.controller.AggiuntaContattoController.annulla</qualifiedname>
        <param>
          <type>ActionEvent</type>
          <declname>event</declname>
        </param>
        <briefdescription>
<para>Annulla l&apos;operazione corrente. </para>
        </briefdescription>
        <detaileddescription>
<para><parameterlist kind="param"><parameteritem>
<parameternamelist>
<parametername>event</parametername>
</parameternamelist>
<parameterdescription>
<para>L&apos;evento che ha scatenato l&apos;azione(Il tasto &quot;Annulla&quot;). </para>
</parameterdescription>
</parameteritem>
</parameterlist>
<simplesect kind="pre"><para>L&apos;utente deve essere in fase di aggiunta di un nuovo contatto. </para>
</simplesect>
<simplesect kind="post"><para>L&apos;interfaccia torna alla <computeroutput>MainInterface</computeroutput> senza salvare il nuovo contatto. Metodo che gestisce la logica per annullare l&apos;aggiunta di un contatto. </para>
</simplesect>
<simplesect kind="see"><para><ref refid="class_interface_1_1controller_1_1_aggiunta_contatto_controller_1a38aa29a1d59fe6e89673373a6eaebcfe" kindref="member">annulla()</ref>. </para>
</simplesect>
</para>
        </detaileddescription>
        <inbodydescription>
        </inbodydescription>
        <location file="AggiuntaContattoController.java" line="158" column="13" bodyfile="AggiuntaContattoController.java" bodystart="158" bodyend="160"/>
      </memberdef>
    </sectiondef>
    <briefdescription>
<para>Classe FXML Controller per la gestione dell&apos;aggiunta dei contatti. </para>
    </briefdescription>
    <detaileddescription>
<para><simplesect kind="invariant"><para>Tutti i campi FXML associati (es. <computeroutput>nameField</computeroutput>, <computeroutput>surnameField</computeroutput>, ecc.) devono essere inizializzati correttamente. </para>
</simplesect>
<simplesect kind="invariant"><para>La lista osservabile <computeroutput>Contacts</computeroutput> deve essere non null e riflettere correttamente i contatti attuali. Gestisce i campi di input e i pulsanti relativi all&apos;aggiunta di un nuovo contatto nella rubrica. </para>
</simplesect>
</para>
    </detaileddescription>
    <inheritancegraph>
      <node id="1">
        <label>Interface.controller.AggiuntaContattoController</label>
        <link refid="class_interface_1_1controller_1_1_aggiunta_contatto_controller"/>
        <childnode refid="2" relation="public-inheritance">
        </childnode>
      </node>
      <node id="2">
        <label>Initializable</label>
      </node>
    </inheritancegraph>
    <collaborationgraph>
      <node id="1">
        <label>Interface.controller.AggiuntaContattoController</label>
        <link refid="class_interface_1_1controller_1_1_aggiunta_contatto_controller"/>
        <childnode refid="2" relation="public-inheritance">
        </childnode>
      </node>
      <node id="2">
        <label>Initializable</label>
      </node>
    </collaborationgraph>
    <location file="AggiuntaContattoController.java" line="35" column="7" bodyfile="AggiuntaContattoController.java" bodystart="35" bodyend="162"/>
    <listofallmembers>
      <member refid="class_interface_1_1controller_1_1_aggiunta_contatto_controller_1af20f89fe7e087d16edef9c15bd5ba4b9" prot="private" virt="non-virtual"><scope>Interface::controller::AggiuntaContattoController</scope><name>addButton</name></member>
      <member refid="class_interface_1_1controller_1_1_aggiunta_contatto_controller_1a06e0f775bffdfc3884d0f9c3ca9a4d21" prot="private" virt="non-virtual"><scope>Interface::controller::AggiuntaContattoController</scope><name>adressField</name></member>
      <member refid="class_interface_1_1controller_1_1_aggiunta_contatto_controller_1af95836243f341add0d6f0d30887559b1" prot="public" virt="non-virtual"><scope>Interface::controller::AggiuntaContattoController</scope><name>aggiungiContatto</name></member>
      <member refid="class_interface_1_1controller_1_1_aggiunta_contatto_controller_1a38aa29a1d59fe6e89673373a6eaebcfe" prot="public" virt="non-virtual"><scope>Interface::controller::AggiuntaContattoController</scope><name>annulla</name></member>
      <member refid="class_interface_1_1controller_1_1_aggiunta_contatto_controller_1aca9090f1fa44b637a36bd545c7d413f1" prot="private" virt="non-virtual"><scope>Interface::controller::AggiuntaContattoController</scope><name>birthdayField</name></member>
      <member refid="class_interface_1_1controller_1_1_aggiunta_contatto_controller_1a3b14a95219b19a56a758d033bcf2b090" prot="private" virt="non-virtual"><scope>Interface::controller::AggiuntaContattoController</scope><name>companyField</name></member>
      <member refid="class_interface_1_1controller_1_1_aggiunta_contatto_controller_1aa3464d19efd7ffb897d8413fe75c4e35" prot="private" virt="non-virtual"><scope>Interface::controller::AggiuntaContattoController</scope><name>Contacts</name></member>
      <member refid="class_interface_1_1controller_1_1_aggiunta_contatto_controller_1a0611e617e9fc84af2f9e0a73aa8f8b58" prot="private" virt="non-virtual"><scope>Interface::controller::AggiuntaContattoController</scope><name>delButton</name></member>
      <member refid="class_interface_1_1controller_1_1_aggiunta_contatto_controller_1aaaa36cef6a87556256707011140da6aa" prot="private" virt="non-virtual"><scope>Interface::controller::AggiuntaContattoController</scope><name>emailField1</name></member>
      <member refid="class_interface_1_1controller_1_1_aggiunta_contatto_controller_1a47b805d1997dcb911e0bcce6d5ca916b" prot="private" virt="non-virtual"><scope>Interface::controller::AggiuntaContattoController</scope><name>emailField2</name></member>
      <member refid="class_interface_1_1controller_1_1_aggiunta_contatto_controller_1ae8091b56325ffccf055c6feecfaf7fe1" prot="private" virt="non-virtual"><scope>Interface::controller::AggiuntaContattoController</scope><name>emailField3</name></member>
      <member refid="class_interface_1_1controller_1_1_aggiunta_contatto_controller_1a44416973b59e26f70c83b6a709dbf940" prot="public" virt="non-virtual"><scope>Interface::controller::AggiuntaContattoController</scope><name>initialize</name></member>
      <member refid="class_interface_1_1controller_1_1_aggiunta_contatto_controller_1a6c8788c9cb452e47589c3eb488bf84ef" prot="private" virt="non-virtual"><scope>Interface::controller::AggiuntaContattoController</scope><name>nameField</name></member>
      <member refid="class_interface_1_1controller_1_1_aggiunta_contatto_controller_1ac3431eec929196a585385fb323aeca30" prot="private" virt="non-virtual"><scope>Interface::controller::AggiuntaContattoController</scope><name>numberField1</name></member>
      <member refid="class_interface_1_1controller_1_1_aggiunta_contatto_controller_1ab3dc71056c815f3a919dccad5e4a3c0b" prot="private" virt="non-virtual"><scope>Interface::controller::AggiuntaContattoController</scope><name>numberField2</name></member>
      <member refid="class_interface_1_1controller_1_1_aggiunta_contatto_controller_1a087efb2c39595612b1daec4e0a2de60f" prot="private" virt="non-virtual"><scope>Interface::controller::AggiuntaContattoController</scope><name>numberField3</name></member>
      <member refid="class_interface_1_1controller_1_1_aggiunta_contatto_controller_1ac0e6c46e62de38ae20e6b73b12ee8de8" prot="private" virt="non-virtual"><scope>Interface::controller::AggiuntaContattoController</scope><name>surnameField</name></member>
    </listofallmembers>
  </compounddef>
</doxygen>
