<?xml version='1.0' encoding='UTF-8' standalone='no'?>
<doxygen xmlns:xsi="http://www.w3.org/2001/XMLSchema-instance" xsi:noNamespaceSchemaLocation="compound.xsd" version="1.12.0" xml:lang="en-US">
  <compounddef id="class_interface_1_1controller_1_1_main_interface_controller" kind="class" language="Java" prot="public">
    <compoundname>Interface::controller::MainInterfaceController</compoundname>
    <basecompoundref prot="public" virt="non-virtual">Initializable</basecompoundref>
    <sectiondef kind="private-attrib">
      <memberdef kind="variable" id="class_interface_1_1controller_1_1_main_interface_controller_1aed3d60cb432e92b02586c7ec7471a6c8" prot="private" static="no" mutable="no">
        <type><ref refid="classdata_1_1_rubrica" kindref="compound">Rubrica</ref></type>
        <definition>Rubrica Interface.controller.MainInterfaceController.contatti</definition>
        <argsstring></argsstring>
        <name>contatti</name>
        <qualifiedname>Interface.controller.MainInterfaceController.contatti</qualifiedname>
        <initializer>= new <ref refid="classdata_1_1_rubrica" kindref="compound">Rubrica</ref>()</initializer>
        <briefdescription>
<para>Istanza della rubrica che contiene i contatti. </para>
        </briefdescription>
        <detaileddescription>
<para><simplesect kind="invariant"><para>Non deve mai essere null. </para>
</simplesect>
</para>
        </detaileddescription>
        <inbodydescription>
        </inbodydescription>
        <location file="MainInterfaceController.java" line="45" column="21" bodyfile="MainInterfaceController.java" bodystart="45" bodyend="-1"/>
      </memberdef>
      <memberdef kind="variable" id="class_interface_1_1controller_1_1_main_interface_controller_1a4863f5a1fdfc1d221028ea182db310dc" prot="private" static="no" mutable="no">
        <type>TextField</type>
        <definition>TextField Interface.controller.MainInterfaceController.researchField</definition>
        <argsstring></argsstring>
        <name>researchField</name>
        <qualifiedname>Interface.controller.MainInterfaceController.researchField</qualifiedname>
        <briefdescription>
<para>Campo di testo per la ricerca di contatti. </para>
        </briefdescription>
        <detaileddescription>
        </detaileddescription>
        <inbodydescription>
        </inbodydescription>
        <location file="MainInterfaceController.java" line="51" column="23" bodyfile="MainInterfaceController.java" bodystart="51" bodyend="-1"/>
      </memberdef>
      <memberdef kind="variable" id="class_interface_1_1controller_1_1_main_interface_controller_1a3976d2c1ea12f1d87434ae843b2cf589" prot="private" static="no" mutable="no">
        <type>Button</type>
        <definition>Button Interface.controller.MainInterfaceController.addContact</definition>
        <argsstring></argsstring>
        <name>addContact</name>
        <qualifiedname>Interface.controller.MainInterfaceController.addContact</qualifiedname>
        <briefdescription>
<para>Pulsante per aggiungere un nuovo contatto. </para>
        </briefdescription>
        <detaileddescription>
        </detaileddescription>
        <inbodydescription>
        </inbodydescription>
        <location file="MainInterfaceController.java" line="57" column="20" bodyfile="MainInterfaceController.java" bodystart="57" bodyend="-1"/>
      </memberdef>
      <memberdef kind="variable" id="class_interface_1_1controller_1_1_main_interface_controller_1a45d278d130252f308e25c7d6ad5a9f41" prot="private" static="no" mutable="no">
        <type>Button</type>
        <definition>Button Interface.controller.MainInterfaceController.exportContact</definition>
        <argsstring></argsstring>
        <name>exportContact</name>
        <qualifiedname>Interface.controller.MainInterfaceController.exportContact</qualifiedname>
        <briefdescription>
<para>Pulsante per esportare i contatti. </para>
        </briefdescription>
        <detaileddescription>
        </detaileddescription>
        <inbodydescription>
        </inbodydescription>
        <location file="MainInterfaceController.java" line="63" column="20" bodyfile="MainInterfaceController.java" bodystart="63" bodyend="-1"/>
      </memberdef>
      <memberdef kind="variable" id="class_interface_1_1controller_1_1_main_interface_controller_1a253350ad11f67f33bc3e9297ec239c64" prot="private" static="no" mutable="no">
        <type>Button</type>
        <definition>Button Interface.controller.MainInterfaceController.importContact</definition>
        <argsstring></argsstring>
        <name>importContact</name>
        <qualifiedname>Interface.controller.MainInterfaceController.importContact</qualifiedname>
        <briefdescription>
<para>Pulsante per importare i contatti. </para>
        </briefdescription>
        <detaileddescription>
        </detaileddescription>
        <inbodydescription>
        </inbodydescription>
        <location file="MainInterfaceController.java" line="69" column="20" bodyfile="MainInterfaceController.java" bodystart="69" bodyend="-1"/>
      </memberdef>
      <memberdef kind="variable" id="class_interface_1_1controller_1_1_main_interface_controller_1a1f9179d896a053b2ee8ca0a0b518d251" prot="private" static="no" mutable="no">
        <type>TableView&lt; <ref refid="classdata_1_1_contatto" kindref="compound">Contatto</ref> &gt;</type>
        <definition>TableView&lt;Contatto&gt; Interface.controller.MainInterfaceController.rubrica</definition>
        <argsstring></argsstring>
        <name>rubrica</name>
        <qualifiedname>Interface.controller.MainInterfaceController.rubrica</qualifiedname>
        <briefdescription>
<para>Tabella per visualizzare i contatti nella rubrica. </para>
        </briefdescription>
        <detaileddescription>
        </detaileddescription>
        <inbodydescription>
        </inbodydescription>
        <location file="MainInterfaceController.java" line="75" column="23" bodyfile="MainInterfaceController.java" bodystart="75" bodyend="-1"/>
      </memberdef>
      <memberdef kind="variable" id="class_interface_1_1controller_1_1_main_interface_controller_1ad280739747c6b4def6218ff4cb65ff0c" prot="private" static="no" mutable="no">
        <type>TableColumn&lt; <ref refid="classdata_1_1_contatto" kindref="compound">Contatto</ref>, String &gt;</type>
        <definition>TableColumn&lt;Contatto, String&gt; Interface.controller.MainInterfaceController.nameClm</definition>
        <argsstring></argsstring>
        <name>nameClm</name>
        <qualifiedname>Interface.controller.MainInterfaceController.nameClm</qualifiedname>
        <briefdescription>
<para>Colonna della tabella per i nomi dei contatti. </para>
        </briefdescription>
        <detaileddescription>
        </detaileddescription>
        <inbodydescription>
        </inbodydescription>
        <location file="MainInterfaceController.java" line="81" column="25" bodyfile="MainInterfaceController.java" bodystart="81" bodyend="-1"/>
      </memberdef>
      <memberdef kind="variable" id="class_interface_1_1controller_1_1_main_interface_controller_1ad2d788588481302a0ecdf872dc804742" prot="private" static="no" mutable="no">
        <type>TableColumn&lt; <ref refid="classdata_1_1_contatto" kindref="compound">Contatto</ref>, String &gt;</type>
        <definition>TableColumn&lt;Contatto, String&gt; Interface.controller.MainInterfaceController.surnameClm</definition>
        <argsstring></argsstring>
        <name>surnameClm</name>
        <qualifiedname>Interface.controller.MainInterfaceController.surnameClm</qualifiedname>
        <briefdescription>
<para>Colonna della tabella per i cognomi dei contatti. </para>
        </briefdescription>
        <detaileddescription>
        </detaileddescription>
        <inbodydescription>
        </inbodydescription>
        <location file="MainInterfaceController.java" line="87" column="25" bodyfile="MainInterfaceController.java" bodystart="87" bodyend="-1"/>
      </memberdef>
      <memberdef kind="variable" id="class_interface_1_1controller_1_1_main_interface_controller_1a65ceb794b2df62191d40977088c68400" prot="private" static="no" mutable="no">
        <type>ObservableList&lt; <ref refid="classdata_1_1_contatto" kindref="compound">Contatto</ref> &gt;</type>
        <definition>ObservableList&lt;Contatto&gt; Interface.controller.MainInterfaceController.Contacts</definition>
        <argsstring></argsstring>
        <name>Contacts</name>
        <qualifiedname>Interface.controller.MainInterfaceController.Contacts</qualifiedname>
        <briefdescription>
<para>Lista osservabile dei contatti visualizzati nella tabella. </para>
        </briefdescription>
        <detaileddescription>
        </detaileddescription>
        <inbodydescription>
        </inbodydescription>
        <location file="MainInterfaceController.java" line="93" column="28" bodyfile="MainInterfaceController.java" bodystart="93" bodyend="-1"/>
      </memberdef>
    </sectiondef>
    <sectiondef kind="public-func">
      <memberdef kind="function" id="class_interface_1_1controller_1_1_main_interface_controller_1af6392d4cb0206b4f2f1672a60d417814" prot="public" static="no" const="no" explicit="no" inline="yes" virt="non-virtual">
        <type>void</type>
        <definition>void Interface.controller.MainInterfaceController.initialize</definition>
        <argsstring>(URL url, ResourceBundle rb)</argsstring>
        <name>initialize</name>
        <qualifiedname>Interface.controller.MainInterfaceController.initialize</qualifiedname>
        <param>
          <type>URL</type>
          <declname>url</declname>
        </param>
        <param>
          <type>ResourceBundle</type>
          <declname>rb</declname>
        </param>
        <briefdescription>
<para>Inizializza il Interface.fxml.controller. </para>
        </briefdescription>
        <detaileddescription>
<para><parameterlist kind="param"><parameteritem>
<parameternamelist>
<parametername>url</parametername>
</parameternamelist>
<parameterdescription>
<para>URL per l&apos;inizializzazione del Interface.fxml.controller. </para>
</parameterdescription>
</parameteritem>
<parameteritem>
<parameternamelist>
<parametername>rb</parametername>
</parameternamelist>
<parameterdescription>
<para>ResourceBundle per la localizzazione. </para>
</parameterdescription>
</parameteritem>
</parameterlist>
<simplesect kind="invariant"><para>Dopo l&apos;inizializzazione, tutti i campi FXML devono essere non null. Questo metodo viene chiamato automaticamente per inizializzare i componenti FXML al caricamento della scena. </para>
</simplesect>
</para>
        </detaileddescription>
        <inbodydescription>
        </inbodydescription>
        <location file="MainInterfaceController.java" line="104" column="17" bodyfile="MainInterfaceController.java" bodystart="104" bodyend="106"/>
      </memberdef>
      <memberdef kind="function" id="class_interface_1_1controller_1_1_main_interface_controller_1a6a268184dea4f4d5fc185ff2b05db172" prot="public" static="no" const="no" explicit="no" inline="yes" virt="non-virtual">
        <type>void</type>
        <definition>void Interface.controller.MainInterfaceController.esportaContatto</definition>
        <argsstring>(ActionEvent event)</argsstring>
        <name>esportaContatto</name>
        <qualifiedname>Interface.controller.MainInterfaceController.esportaContatto</qualifiedname>
        <param>
          <type>ActionEvent</type>
          <declname>event</declname>
        </param>
        <briefdescription>
<para>Esporta i contatti della rubrica. </para>
        </briefdescription>
        <detaileddescription>
<para><parameterlist kind="param"><parameteritem>
<parameternamelist>
<parametername>event</parametername>
</parameternamelist>
<parameterdescription>
<para>L&apos;evento che ha scatenato l&apos;azione(Il tasto &quot;esporta&quot;). </para>
</parameterdescription>
</parameteritem>
</parameterlist>
<simplesect kind="pre"><para>Deve esserci almeno un contatto nella rubrica (<computeroutput>Contacts</computeroutput> non è vuota). </para>
</simplesect>
<simplesect kind="post"><para>Viene generato un file esterno con i contatti esportati. Metodo che gestisce l&apos;esportazione dei contatti in un file esterno. </para>
</simplesect>
<simplesect kind="see"><para><ref refid="class_interface_1_1controller_1_1_main_interface_controller_1a6a268184dea4f4d5fc185ff2b05db172" kindref="member">esportaContatto()</ref>. </para>
</simplesect>
</para>
        </detaileddescription>
        <inbodydescription>
        </inbodydescription>
        <location file="MainInterfaceController.java" line="117" column="13" bodyfile="MainInterfaceController.java" bodystart="117" bodyend="119"/>
      </memberdef>
      <memberdef kind="function" id="class_interface_1_1controller_1_1_main_interface_controller_1a490c199e8774b74723bc28bdf44748f6" prot="public" static="no" const="no" explicit="no" inline="yes" virt="non-virtual">
        <type>void</type>
        <definition>void Interface.controller.MainInterfaceController.importaContatto</definition>
        <argsstring>(ActionEvent event)</argsstring>
        <name>importaContatto</name>
        <qualifiedname>Interface.controller.MainInterfaceController.importaContatto</qualifiedname>
        <param>
          <type>ActionEvent</type>
          <declname>event</declname>
        </param>
        <briefdescription>
<para>Importa i contatti da un file esterno. </para>
        </briefdescription>
        <detaileddescription>
<para><parameterlist kind="param"><parameteritem>
<parameternamelist>
<parametername>event</parametername>
</parameternamelist>
<parameterdescription>
<para>L&apos;evento che ha scatenato l&apos;azione.(Il tasto &quot;importa&quot;) </para>
</parameterdescription>
</parameteritem>
</parameterlist>
<simplesect kind="pre"><para>L&apos;utente ha un fle, supportato dall&apos;app, contenente i contatti. </para>
</simplesect>
<simplesect kind="post"><para>I contatti vengono importati correttamente e la rubrica viene aggiornata. Metodo che gestisce l&apos;importazione di contatti da un file esterno. </para>
</simplesect>
<simplesect kind="see"><para><ref refid="class_interface_1_1controller_1_1_main_interface_controller_1a490c199e8774b74723bc28bdf44748f6" kindref="member">importaContatto()</ref> </para>
</simplesect>
</para>
        </detaileddescription>
        <inbodydescription>
        </inbodydescription>
        <location file="MainInterfaceController.java" line="130" column="13" bodyfile="MainInterfaceController.java" bodystart="130" bodyend="132"/>
      </memberdef>
      <memberdef kind="function" id="class_interface_1_1controller_1_1_main_interface_controller_1a2a0879310030ef8dcec53aadf8f8cd9c" prot="public" static="no" const="no" explicit="no" inline="yes" virt="non-virtual">
        <type>void</type>
        <definition>void Interface.controller.MainInterfaceController.displayAggiungiContatto</definition>
        <argsstring>(ActionEvent event)</argsstring>
        <name>displayAggiungiContatto</name>
        <qualifiedname>Interface.controller.MainInterfaceController.displayAggiungiContatto</qualifiedname>
        <param>
          <type>ActionEvent</type>
          <declname>event</declname>
        </param>
        <briefdescription>
<para>Apre la finestra per aggiungere un nuovo contatto. </para>
        </briefdescription>
        <detaileddescription>
<para><parameterlist kind="param"><parameteritem>
<parameternamelist>
<parametername>event</parametername>
</parameternamelist>
<parameterdescription>
<para>L&apos;evento che ha scatenato l&apos;azione(Il tasto &quot;+&quot;). </para>
</parameterdescription>
</parameteritem>
</parameterlist>
<simplesect kind="pre"><para>L&apos;utente ha selezionato &quot;+&quot; per aggiungere il contatto. </para>
</simplesect>
<simplesect kind="post"><para>Si apre l&apos;interfaccia &quot;AggiuntaContattoController.Interface.fxml&quot; Metodo che cambia la scena per permettere l&apos;aggiunta di un nuovo contatto. Il parametro <computeroutput>event</computeroutput> può essere usato per gestire dinamicamente la transizione. </para>
</simplesect>
<simplesect kind="see"><para><ref refid="class_interface_1_1controller_1_1_aggiunta_contatto_controller" kindref="compound">AggiuntaContattoController</ref>. </para>
</simplesect>
</para>
        </detaileddescription>
        <inbodydescription>
        </inbodydescription>
        <location file="MainInterfaceController.java" line="144" column="13" bodyfile="MainInterfaceController.java" bodystart="144" bodyend="146"/>
      </memberdef>
      <memberdef kind="function" id="class_interface_1_1controller_1_1_main_interface_controller_1aeb7ba93825c0b146847a00ea4faa9d37" prot="public" static="no" const="no" explicit="no" inline="yes" virt="non-virtual">
        <type>void</type>
        <definition>void Interface.controller.MainInterfaceController.displayVisualizzaSingoloContatto</definition>
        <argsstring>(ActionEvent event)</argsstring>
        <name>displayVisualizzaSingoloContatto</name>
        <qualifiedname>Interface.controller.MainInterfaceController.displayVisualizzaSingoloContatto</qualifiedname>
        <param>
          <type>ActionEvent</type>
          <declname>event</declname>
        </param>
        <briefdescription>
<para>Apre la finestra per visualizzare un contatto selezionato. </para>
        </briefdescription>
        <detaileddescription>
<para><parameterlist kind="param"><parameteritem>
<parameternamelist>
<parametername>event</parametername>
</parameternamelist>
<parameterdescription>
<para>L&apos;evento che ha scatenato l&apos;azione. </para>
</parameterdescription>
</parameteritem>
</parameterlist>
<simplesect kind="pre"><para>L&apos;utente ha selezionato un contatto nella rubrica. </para>
</simplesect>
<simplesect kind="post"><para>Si apre l&apos;interfaccia &quot;VisualizzaSingoloContatto.Interface.fxml&quot; Metodo che cambia la scena per visualizzare i dettagli di un contatto. Può essere utilizzato per navigare verso una vista dettagliata. </para>
</simplesect>
<simplesect kind="see"><para><ref refid="class_interface_1_1controller_1_1_visualizza_singolo_contatto_controller" kindref="compound">VisualizzaSingoloContattoController</ref>. </para>
</simplesect>
</para>
        </detaileddescription>
        <inbodydescription>
        </inbodydescription>
        <location file="MainInterfaceController.java" line="159" column="13" bodyfile="MainInterfaceController.java" bodystart="159" bodyend="161"/>
      </memberdef>
      <memberdef kind="function" id="class_interface_1_1controller_1_1_main_interface_controller_1a6220a3ca4c208a8ac5e9f5a72ced3394" prot="public" static="no" const="no" explicit="no" inline="yes" virt="non-virtual">
        <type>void</type>
        <definition>void Interface.controller.MainInterfaceController.ricercaContatto</definition>
        <argsstring>(ActionEvent event)</argsstring>
        <name>ricercaContatto</name>
        <qualifiedname>Interface.controller.MainInterfaceController.ricercaContatto</qualifiedname>
        <param>
          <type>ActionEvent</type>
          <declname>event</declname>
        </param>
        <briefdescription>
<para>Effettua una ricerca di contatti nella rubrica. </para>
        </briefdescription>
        <detaileddescription>
<para><parameterlist kind="param"><parameteritem>
<parameternamelist>
<parametername>event</parametername>
</parameternamelist>
<parameterdescription>
<para>L&apos;evento che ha scatenato l&apos;azione(Utente scrive nella barra di ricerca). </para>
</parameterdescription>
</parameteritem>
</parameterlist>
<simplesect kind="pre"><para>L&apos;utente clicca sulla barra di ricerca </para>
</simplesect>
<simplesect kind="post"><para>La tabella mostra i contatti che corrispondono ai criteri di ricerca Metodo che filtra i contatti visualizzati nella tabella in base al testo inserito nel campo di ricerca. </para>
</simplesect>
<simplesect kind="see"><para>ricercaContatto(String s) </para>
</simplesect>
</para>
        </detaileddescription>
        <inbodydescription>
        </inbodydescription>
        <location file="MainInterfaceController.java" line="173" column="13" bodyfile="MainInterfaceController.java" bodystart="173" bodyend="175"/>
      </memberdef>
    </sectiondef>
    <briefdescription>
<para>Controller per l&apos;interfaccia principale della rubrica. </para>
    </briefdescription>
    <detaileddescription>
<para><simplesect kind="invariant"><para>La rubrica &quot;contatti&quot; non deve mai essere null. </para>
</simplesect>
<simplesect kind="invariant"><para>Tutti i campi annotati con <computeroutput>@FXML</computeroutput> devono essere inizializzati correttamente. </para>
</simplesect>
<simplesect kind="invariant"><para>La lista <computeroutput>Contacts</computeroutput> deve sempre riflettere lo stato corrente della rubrica. Questa classe fornisce i metodi per interagire con la rubrica tramite l&apos;interfaccia grafica (JavaFX). </para>
</simplesect>
</para>
    </detaileddescription>
    <inheritancegraph>
      <node id="1">
        <label>Interface.controller.MainInterfaceController</label>
        <link refid="class_interface_1_1controller_1_1_main_interface_controller"/>
        <childnode refid="2" relation="public-inheritance">
        </childnode>
      </node>
      <node id="2">
        <label>Initializable</label>
      </node>
    </inheritancegraph>
    <collaborationgraph>
      <node id="1">
        <label>Interface.controller.MainInterfaceController</label>
        <link refid="class_interface_1_1controller_1_1_main_interface_controller"/>
        <childnode refid="2" relation="public-inheritance">
        </childnode>
      </node>
      <node id="2">
        <label>Initializable</label>
      </node>
    </collaborationgraph>
    <location file="MainInterfaceController.java" line="39" column="7" bodyfile="MainInterfaceController.java" bodystart="39" bodyend="176"/>
    <listofallmembers>
      <member refid="class_interface_1_1controller_1_1_main_interface_controller_1a3976d2c1ea12f1d87434ae843b2cf589" prot="private" virt="non-virtual"><scope>Interface::controller::MainInterfaceController</scope><name>addContact</name></member>
      <member refid="class_interface_1_1controller_1_1_main_interface_controller_1a65ceb794b2df62191d40977088c68400" prot="private" virt="non-virtual"><scope>Interface::controller::MainInterfaceController</scope><name>Contacts</name></member>
      <member refid="class_interface_1_1controller_1_1_main_interface_controller_1aed3d60cb432e92b02586c7ec7471a6c8" prot="private" virt="non-virtual"><scope>Interface::controller::MainInterfaceController</scope><name>contatti</name></member>
      <member refid="class_interface_1_1controller_1_1_main_interface_controller_1a2a0879310030ef8dcec53aadf8f8cd9c" prot="public" virt="non-virtual"><scope>Interface::controller::MainInterfaceController</scope><name>displayAggiungiContatto</name></member>
      <member refid="class_interface_1_1controller_1_1_main_interface_controller_1aeb7ba93825c0b146847a00ea4faa9d37" prot="public" virt="non-virtual"><scope>Interface::controller::MainInterfaceController</scope><name>displayVisualizzaSingoloContatto</name></member>
      <member refid="class_interface_1_1controller_1_1_main_interface_controller_1a6a268184dea4f4d5fc185ff2b05db172" prot="public" virt="non-virtual"><scope>Interface::controller::MainInterfaceController</scope><name>esportaContatto</name></member>
      <member refid="class_interface_1_1controller_1_1_main_interface_controller_1a45d278d130252f308e25c7d6ad5a9f41" prot="private" virt="non-virtual"><scope>Interface::controller::MainInterfaceController</scope><name>exportContact</name></member>
      <member refid="class_interface_1_1controller_1_1_main_interface_controller_1a490c199e8774b74723bc28bdf44748f6" prot="public" virt="non-virtual"><scope>Interface::controller::MainInterfaceController</scope><name>importaContatto</name></member>
      <member refid="class_interface_1_1controller_1_1_main_interface_controller_1a253350ad11f67f33bc3e9297ec239c64" prot="private" virt="non-virtual"><scope>Interface::controller::MainInterfaceController</scope><name>importContact</name></member>
      <member refid="class_interface_1_1controller_1_1_main_interface_controller_1af6392d4cb0206b4f2f1672a60d417814" prot="public" virt="non-virtual"><scope>Interface::controller::MainInterfaceController</scope><name>initialize</name></member>
      <member refid="class_interface_1_1controller_1_1_main_interface_controller_1ad280739747c6b4def6218ff4cb65ff0c" prot="private" virt="non-virtual"><scope>Interface::controller::MainInterfaceController</scope><name>nameClm</name></member>
      <member refid="class_interface_1_1controller_1_1_main_interface_controller_1a4863f5a1fdfc1d221028ea182db310dc" prot="private" virt="non-virtual"><scope>Interface::controller::MainInterfaceController</scope><name>researchField</name></member>
      <member refid="class_interface_1_1controller_1_1_main_interface_controller_1a6220a3ca4c208a8ac5e9f5a72ced3394" prot="public" virt="non-virtual"><scope>Interface::controller::MainInterfaceController</scope><name>ricercaContatto</name></member>
      <member refid="class_interface_1_1controller_1_1_main_interface_controller_1a1f9179d896a053b2ee8ca0a0b518d251" prot="private" virt="non-virtual"><scope>Interface::controller::MainInterfaceController</scope><name>rubrica</name></member>
      <member refid="class_interface_1_1controller_1_1_main_interface_controller_1ad2d788588481302a0ecdf872dc804742" prot="private" virt="non-virtual"><scope>Interface::controller::MainInterfaceController</scope><name>surnameClm</name></member>
    </listofallmembers>
  </compounddef>
</doxygen>
