<?xml version='1.0' encoding='UTF-8' standalone='no'?>
<doxygenindex xmlns:xsi="http://www.w3.org/2001/XMLSchema-instance" xsi:noNamespaceSchemaLocation="index.xsd" version="1.12.0" xml:lang="en-US">
  <compound refid="class_interface_1_1controller_1_1_aggiunta_contatto_controller" kind="class"><name>Interface::controller::AggiuntaContattoController</name>
    <member refid="class_interface_1_1controller_1_1_aggiunta_contatto_controller_1a6c8788c9cb452e47589c3eb488bf84ef" kind="variable"><name>nameField</name></member>
    <member refid="class_interface_1_1controller_1_1_aggiunta_contatto_controller_1ac0e6c46e62de38ae20e6b73b12ee8de8" kind="variable"><name>surnameField</name></member>
    <member refid="class_interface_1_1controller_1_1_aggiunta_contatto_controller_1aca9090f1fa44b637a36bd545c7d413f1" kind="variable"><name>birthdayField</name></member>
    <member refid="class_interface_1_1controller_1_1_aggiunta_contatto_controller_1a3b14a95219b19a56a758d033bcf2b090" kind="variable"><name>companyField</name></member>
    <member refid="class_interface_1_1controller_1_1_aggiunta_contatto_controller_1ac3431eec929196a585385fb323aeca30" kind="variable"><name>numberField1</name></member>
    <member refid="class_interface_1_1controller_1_1_aggiunta_contatto_controller_1ab3dc71056c815f3a919dccad5e4a3c0b" kind="variable"><name>numberField2</name></member>
    <member refid="class_interface_1_1controller_1_1_aggiunta_contatto_controller_1a087efb2c39595612b1daec4e0a2de60f" kind="variable"><name>numberField3</name></member>
    <member refid="class_interface_1_1controller_1_1_aggiunta_contatto_controller_1aaaa36cef6a87556256707011140da6aa" kind="variable"><name>emailField1</name></member>
    <member refid="class_interface_1_1controller_1_1_aggiunta_contatto_controller_1a47b805d1997dcb911e0bcce6d5ca916b" kind="variable"><name>emailField2</name></member>
    <member refid="class_interface_1_1controller_1_1_aggiunta_contatto_controller_1ae8091b56325ffccf055c6feecfaf7fe1" kind="variable"><name>emailField3</name></member>
    <member refid="class_interface_1_1controller_1_1_aggiunta_contatto_controller_1a06e0f775bffdfc3884d0f9c3ca9a4d21" kind="variable"><name>adressField</name></member>
    <member refid="class_interface_1_1controller_1_1_aggiunta_contatto_controller_1af20f89fe7e087d16edef9c15bd5ba4b9" kind="variable"><name>addButton</name></member>
    <member refid="class_interface_1_1controller_1_1_aggiunta_contatto_controller_1a0611e617e9fc84af2f9e0a73aa8f8b58" kind="variable"><name>delButton</name></member>
    <member refid="class_interface_1_1controller_1_1_aggiunta_contatto_controller_1aa3464d19efd7ffb897d8413fe75c4e35" kind="variable"><name>Contacts</name></member>
    <member refid="class_interface_1_1controller_1_1_aggiunta_contatto_controller_1a44416973b59e26f70c83b6a709dbf940" kind="function"><name>initialize</name></member>
    <member refid="class_interface_1_1controller_1_1_aggiunta_contatto_controller_1af95836243f341add0d6f0d30887559b1" kind="function"><name>aggiungiContatto</name></member>
    <member refid="class_interface_1_1controller_1_1_aggiunta_contatto_controller_1a38aa29a1d59fe6e89673373a6eaebcfe" kind="function"><name>annulla</name></member>
  </compound>
  <compound refid="classannullaoperazione_1_1_annulla_operazione" kind="class"><name>annullaoperazione::AnnullaOperazione</name>
    <member refid="classannullaoperazione_1_1_annulla_operazione_1afd7f14fe1247158ef47aae96198b5212" kind="variable"><name>statiPrecedenti</name></member>
    <member refid="classannullaoperazione_1_1_annulla_operazione_1ade1529fe9abf4edff4c941b393f24ee1" kind="function"><name>AnnullaOperazione</name></member>
    <member refid="classannullaoperazione_1_1_annulla_operazione_1ad0af26ad0c559a56b7ecf22cd5126724" kind="function"><name>salvaStato</name></member>
    <member refid="classannullaoperazione_1_1_annulla_operazione_1a99386be72c44362311bd11defe6e6d86" kind="function"><name>annulla</name></member>
  </compound>
  <compound refid="classmain_1_1_applicazione" kind="class"><name>main::Applicazione</name>
    <member refid="classmain_1_1_applicazione_1acbd882b5bb221764799d6d08e9e844f1" kind="function"><name>start</name></member>
    <member refid="classmain_1_1_applicazione_1a5904d3d74773c46a2d92cb8c87c4bab1" kind="function"><name>main</name></member>
  </compound>
  <compound refid="classdata_1_1_contatto" kind="class"><name>data::Contatto</name>
    <member refid="classdata_1_1_contatto_1a1a97fef653d8fc3c36b176a8ec20bafc" kind="variable"><name>nome</name></member>
    <member refid="classdata_1_1_contatto_1a0422edacc7d4199a7c58101dde4dff04" kind="variable"><name>cognome</name></member>
    <member refid="classdata_1_1_contatto_1a624b100c25eea4e30cca003cb0102d0c" kind="variable"><name>telefono1</name></member>
    <member refid="classdata_1_1_contatto_1a086a328cb117c01942f6322357876a19" kind="variable"><name>telefono2</name></member>
    <member refid="classdata_1_1_contatto_1acb0a442513aed2d26cb17ce706980bdc" kind="variable"><name>telefono3</name></member>
    <member refid="classdata_1_1_contatto_1a0d9a4d12fae470d34276b9bc1ed94695" kind="variable"><name>email1</name></member>
    <member refid="classdata_1_1_contatto_1a14a2f0ee84583bf6ad0c92c73d6f581b" kind="variable"><name>email2</name></member>
    <member refid="classdata_1_1_contatto_1a63dab8a9d4f7ba777b4cca10360e70be" kind="variable"><name>email3</name></member>
    <member refid="classdata_1_1_contatto_1ade82bdf0dc50ff171df823c95ca5d254" kind="variable"><name>società</name></member>
    <member refid="classdata_1_1_contatto_1a7077ac412dcfe4cf0ba97b510ad6d272" kind="variable"><name>indirizzo</name></member>
    <member refid="classdata_1_1_contatto_1a60a253c0589ebfcb86cba3c58c8359e0" kind="variable"><name>compleanno</name></member>
    <member refid="classdata_1_1_contatto_1a091da99d2def84bba912873149b9f225" kind="function"><name>Contatto</name></member>
    <member refid="classdata_1_1_contatto_1a50b37b4972e79922220c69158eff0402" kind="function"><name>getTelefono1</name></member>
    <member refid="classdata_1_1_contatto_1a26fbdc3db443e2948c3ad2da047fc6eb" kind="function"><name>setTelefono1</name></member>
    <member refid="classdata_1_1_contatto_1ab25735d38a471a1da03d1b09fc6398ca" kind="function"><name>getCognome</name></member>
    <member refid="classdata_1_1_contatto_1a7d77b502c70b11d2639f0060d3e65f3b" kind="function"><name>getTelefono2</name></member>
    <member refid="classdata_1_1_contatto_1a89b7b03b6f73f333ca3c1bec118cd024" kind="function"><name>getTelefono3</name></member>
    <member refid="classdata_1_1_contatto_1aa75ef4b2b2eee54227d979fc42092ccf" kind="function"><name>getEmail1</name></member>
    <member refid="classdata_1_1_contatto_1a020186d179dddf41807df91e34dd2498" kind="function"><name>getEmail2</name></member>
    <member refid="classdata_1_1_contatto_1a566a10ca79ed9b289b9741fbd4f63656" kind="function"><name>getEmail3</name></member>
    <member refid="classdata_1_1_contatto_1a78ae469a565e6114fedc2284f47c69b8" kind="function"><name>getSocietà</name></member>
    <member refid="classdata_1_1_contatto_1a7d1f8a6099705ecdd98010ff21f899af" kind="function"><name>getIndirizzo</name></member>
    <member refid="classdata_1_1_contatto_1a39800ceb646397c7980e8163ac8d9955" kind="function"><name>setCognome</name></member>
    <member refid="classdata_1_1_contatto_1a2ea46e77f2707208c87431c66ec1211c" kind="function"><name>setTelefono2</name></member>
    <member refid="classdata_1_1_contatto_1a081782764a348efd2ff9fe149570b896" kind="function"><name>setTelefono3</name></member>
    <member refid="classdata_1_1_contatto_1a1483d77d5d5089673ec8d2f4000ce9b7" kind="function"><name>setEmail1</name></member>
    <member refid="classdata_1_1_contatto_1a73b1e2a21feba9ff0a50382b7340f9dc" kind="function"><name>setEmail2</name></member>
    <member refid="classdata_1_1_contatto_1a2c53463f1f0d62ac7eebaa6effa36a28" kind="function"><name>setEmail3</name></member>
    <member refid="classdata_1_1_contatto_1a178ede55ee6c88cf6ba1d7e5b4eb3a74" kind="function"><name>setSocietà</name></member>
    <member refid="classdata_1_1_contatto_1a21d00c42fd957dfa5ee1aa880115d02d" kind="function"><name>setIndirizzo</name></member>
    <member refid="classdata_1_1_contatto_1a01ad87419442ba7699c6c3fecc67a2a9" kind="function"><name>getNome</name></member>
    <member refid="classdata_1_1_contatto_1ac0fec2133826e6b6622730f6be91b4e4" kind="function"><name>setNome</name></member>
    <member refid="classdata_1_1_contatto_1a719e7a6eb8ab7adc970d2c76f7037616" kind="function"><name>getCompleanno</name></member>
    <member refid="classdata_1_1_contatto_1a16f3364cfa6259c5e9ca232db210218f" kind="function"><name>setCompleanno</name></member>
  </compound>
  <compound refid="class_interface_1_1controller_1_1_main_interface_controller" kind="class"><name>Interface::controller::MainInterfaceController</name>
    <member refid="class_interface_1_1controller_1_1_main_interface_controller_1aed3d60cb432e92b02586c7ec7471a6c8" kind="variable"><name>contatti</name></member>
    <member refid="class_interface_1_1controller_1_1_main_interface_controller_1a4863f5a1fdfc1d221028ea182db310dc" kind="variable"><name>researchField</name></member>
    <member refid="class_interface_1_1controller_1_1_main_interface_controller_1a3976d2c1ea12f1d87434ae843b2cf589" kind="variable"><name>addContact</name></member>
    <member refid="class_interface_1_1controller_1_1_main_interface_controller_1a45d278d130252f308e25c7d6ad5a9f41" kind="variable"><name>exportContact</name></member>
    <member refid="class_interface_1_1controller_1_1_main_interface_controller_1a253350ad11f67f33bc3e9297ec239c64" kind="variable"><name>importContact</name></member>
    <member refid="class_interface_1_1controller_1_1_main_interface_controller_1a1f9179d896a053b2ee8ca0a0b518d251" kind="variable"><name>rubrica</name></member>
    <member refid="class_interface_1_1controller_1_1_main_interface_controller_1ad280739747c6b4def6218ff4cb65ff0c" kind="variable"><name>nameClm</name></member>
    <member refid="class_interface_1_1controller_1_1_main_interface_controller_1ad2d788588481302a0ecdf872dc804742" kind="variable"><name>surnameClm</name></member>
    <member refid="class_interface_1_1controller_1_1_main_interface_controller_1a65ceb794b2df62191d40977088c68400" kind="variable"><name>Contacts</name></member>
    <member refid="class_interface_1_1controller_1_1_main_interface_controller_1af6392d4cb0206b4f2f1672a60d417814" kind="function"><name>initialize</name></member>
    <member refid="class_interface_1_1controller_1_1_main_interface_controller_1a6a268184dea4f4d5fc185ff2b05db172" kind="function"><name>esportaContatto</name></member>
    <member refid="class_interface_1_1controller_1_1_main_interface_controller_1a490c199e8774b74723bc28bdf44748f6" kind="function"><name>importaContatto</name></member>
    <member refid="class_interface_1_1controller_1_1_main_interface_controller_1a2a0879310030ef8dcec53aadf8f8cd9c" kind="function"><name>displayAggiungiContatto</name></member>
    <member refid="class_interface_1_1controller_1_1_main_interface_controller_1aeb7ba93825c0b146847a00ea4faa9d37" kind="function"><name>displayVisualizzaSingoloContatto</name></member>
    <member refid="class_interface_1_1controller_1_1_main_interface_controller_1a6220a3ca4c208a8ac5e9f5a72ced3394" kind="function"><name>ricercaContatto</name></member>
  </compound>
  <compound refid="class_interface_1_1controller_1_1_modifica_contatto_controller" kind="class"><name>Interface::controller::ModificaContattoController</name>
    <member refid="class_interface_1_1controller_1_1_modifica_contatto_controller_1a550a6d0792dab050c306884d52ffaaaf" kind="variable"><name>nameField</name></member>
    <member refid="class_interface_1_1controller_1_1_modifica_contatto_controller_1aa52227e83435d7008bf6944ad36a1f6c" kind="variable"><name>surnameField</name></member>
    <member refid="class_interface_1_1controller_1_1_modifica_contatto_controller_1ae40f834394604b486ca62729213f7c84" kind="variable"><name>birthdayField</name></member>
    <member refid="class_interface_1_1controller_1_1_modifica_contatto_controller_1a1d700c1f2b27fa5f0f7e890f666c8425" kind="variable"><name>companyField</name></member>
    <member refid="class_interface_1_1controller_1_1_modifica_contatto_controller_1a70904734a97c8d5b27a8e9535aa613af" kind="variable"><name>numberField1</name></member>
    <member refid="class_interface_1_1controller_1_1_modifica_contatto_controller_1ad49866d46286e788f070996412d2c203" kind="variable"><name>numberField2</name></member>
    <member refid="class_interface_1_1controller_1_1_modifica_contatto_controller_1a7304daa19f5da1442dd96272a3f93bf2" kind="variable"><name>numberField3</name></member>
    <member refid="class_interface_1_1controller_1_1_modifica_contatto_controller_1abe271cf04b8be416409d186fb6a84c71" kind="variable"><name>emailField1</name></member>
    <member refid="class_interface_1_1controller_1_1_modifica_contatto_controller_1aada70249395fee7c8851a66ffea8c022" kind="variable"><name>emailField2</name></member>
    <member refid="class_interface_1_1controller_1_1_modifica_contatto_controller_1ad1b5ce3467fd783ca16a37a5df37da35" kind="variable"><name>emailField3</name></member>
    <member refid="class_interface_1_1controller_1_1_modifica_contatto_controller_1a4b543d1c819644967293ac3407961b88" kind="variable"><name>adressField</name></member>
    <member refid="class_interface_1_1controller_1_1_modifica_contatto_controller_1ab29e4f516c70bbf99d270a5e8bbe6012" kind="variable"><name>saveButton</name></member>
    <member refid="class_interface_1_1controller_1_1_modifica_contatto_controller_1a35249523291055d8c2fc37c0f2d8e09b" kind="variable"><name>delButton</name></member>
    <member refid="class_interface_1_1controller_1_1_modifica_contatto_controller_1a4ab9ea675d8535fce9108dfa612d584d" kind="variable"><name>Contacts</name></member>
    <member refid="class_interface_1_1controller_1_1_modifica_contatto_controller_1a5fc8de855a22692acb96a7d55af07c44" kind="function"><name>initialize</name></member>
    <member refid="class_interface_1_1controller_1_1_modifica_contatto_controller_1aa44f6bd092d44b74bcbbcb22430b9ea7" kind="function"><name>annulla</name></member>
    <member refid="class_interface_1_1controller_1_1_modifica_contatto_controller_1a01a42a8607858aab8ea73351b9bd45ae" kind="function"><name>modificaContatto</name></member>
  </compound>
  <compound refid="classdata_1_1_rubrica" kind="class"><name>data::Rubrica</name>
    <member refid="classdata_1_1_rubrica_1a041a1be0cd6ebe58a3eae0f448681827" kind="variable"><name>contatti</name></member>
    <member refid="classdata_1_1_rubrica_1a71e8335491bc3741deae1e70f16e725c" kind="function"><name>Rubrica</name></member>
    <member refid="classdata_1_1_rubrica_1a50684d544f111d9fb75bbd136fa8537c" kind="function"><name>aggiungiContatto</name></member>
    <member refid="classdata_1_1_rubrica_1a9440ad0632f34f86531e46fd7530b82f" kind="function"><name>mostraRubrica</name></member>
    <member refid="classdata_1_1_rubrica_1a68c230abd5c511e9f4330fa8c29dea82" kind="function"><name>ricercaContatto</name></member>
    <member refid="classdata_1_1_rubrica_1a70f79f500b092c0411f03e33dcbccbe4" kind="function"><name>esportaContatto</name></member>
    <member refid="classdata_1_1_rubrica_1ac61c59920a86eec2c5277ef3118abf72" kind="function"><name>importaContatto</name></member>
    <member refid="classdata_1_1_rubrica_1acde304846946d8a2da82dce0181eb346" kind="function"><name>eliminaContatto</name></member>
    <member refid="classdata_1_1_rubrica_1a9417e1ec62c12093233fad9a5ded3d8b" kind="function"><name>modificaContatto</name></member>
    <member refid="classdata_1_1_rubrica_1ae1c0e35bb1155fc2287b574c464750a4" kind="function"><name>annulla</name></member>
    <member refid="classdata_1_1_rubrica_1a63a3c465cb1dd645555f6852a0e7db35" kind="function"><name>visualizzaContatto</name></member>
  </compound>
  <compound refid="class_interface_1_1controller_1_1_visualizza_singolo_contatto_controller" kind="class"><name>Interface::controller::VisualizzaSingoloContattoController</name>
    <member refid="class_interface_1_1controller_1_1_visualizza_singolo_contatto_controller_1a834c0fb28b01f0c3a5fd92ea3d60e2fa" kind="variable"><name>nameContent</name></member>
    <member refid="class_interface_1_1controller_1_1_visualizza_singolo_contatto_controller_1afce9fc846411652cc5f298760fd28ba7" kind="variable"><name>surnameContent</name></member>
    <member refid="class_interface_1_1controller_1_1_visualizza_singolo_contatto_controller_1aec1d1029d68e590ab7b166c6f27d196a" kind="variable"><name>birthdayContent</name></member>
    <member refid="class_interface_1_1controller_1_1_visualizza_singolo_contatto_controller_1a556eaa9970ce5b08ef235f083dd092f6" kind="variable"><name>companyContent</name></member>
    <member refid="class_interface_1_1controller_1_1_visualizza_singolo_contatto_controller_1a62189e6ad51246737e4b5edaf27f5236" kind="variable"><name>numberContent1</name></member>
    <member refid="class_interface_1_1controller_1_1_visualizza_singolo_contatto_controller_1a7e00e430f41fcdcd34bb06e1f26bf3eb" kind="variable"><name>numberContent2</name></member>
    <member refid="class_interface_1_1controller_1_1_visualizza_singolo_contatto_controller_1a4addc7a76fd4bc0e6a97324428a2dc2b" kind="variable"><name>numberContent3</name></member>
    <member refid="class_interface_1_1controller_1_1_visualizza_singolo_contatto_controller_1a6e0fb04dfd1e24bd96b4557c27770846" kind="variable"><name>emailContent1</name></member>
    <member refid="class_interface_1_1controller_1_1_visualizza_singolo_contatto_controller_1af9a668c4855617c2b074bcc255adfd7d" kind="variable"><name>emailContent2</name></member>
    <member refid="class_interface_1_1controller_1_1_visualizza_singolo_contatto_controller_1a11ae2482ace97fd6fc435c035b03d947" kind="variable"><name>emailContent3</name></member>
    <member refid="class_interface_1_1controller_1_1_visualizza_singolo_contatto_controller_1acac96ef5a94e12787affdf2f9781c6f3" kind="variable"><name>adressContent</name></member>
    <member refid="class_interface_1_1controller_1_1_visualizza_singolo_contatto_controller_1a4e23b5277564a2c93579c59a0b3c990b" kind="variable"><name>modifyButton</name></member>
    <member refid="class_interface_1_1controller_1_1_visualizza_singolo_contatto_controller_1acf18149a344afc52385ad82d05c3b8df" kind="variable"><name>deleteButton</name></member>
    <member refid="class_interface_1_1controller_1_1_visualizza_singolo_contatto_controller_1ac027291517277e5bd0b5881a4b8be5bf" kind="variable"><name>returnButton</name></member>
    <member refid="class_interface_1_1controller_1_1_visualizza_singolo_contatto_controller_1a75d51c392c87aa7eb20d6ae94eb91eaa" kind="variable"><name>Contacts</name></member>
    <member refid="class_interface_1_1controller_1_1_visualizza_singolo_contatto_controller_1a6a9714f4648d2c87045bcc4d4fb0f5d2" kind="function"><name>initialize</name></member>
    <member refid="class_interface_1_1controller_1_1_visualizza_singolo_contatto_controller_1ab7b5b466d5326feba6cbb77817ead2a6" kind="function"><name>displayModificaContatto</name></member>
    <member refid="class_interface_1_1controller_1_1_visualizza_singolo_contatto_controller_1ad3257143713616cead277da22e2816f0" kind="function"><name>eliminaContatto</name></member>
    <member refid="class_interface_1_1controller_1_1_visualizza_singolo_contatto_controller_1a80c9bfbb8c38a3dcdc66e2865765c114" kind="function"><name>annulla</name></member>
  </compound>
  <compound refid="namespaceannullaoperazione" kind="namespace"><name>annullaoperazione</name>
  </compound>
  <compound refid="namespacedata" kind="namespace"><name>data</name>
  </compound>
  <compound refid="namespace_interface" kind="namespace"><name>Interface</name>
  </compound>
  <compound refid="namespace_interface_1_1controller" kind="namespace"><name>Interface::controller</name>
  </compound>
  <compound refid="namespacejava_1_1lang" kind="namespace"><name>java::lang</name>
  </compound>
  <compound refid="namespacemain" kind="namespace"><name>main</name>
  </compound>
  <compound refid="_aggiunta_contatto_controller_8java" kind="file"><name>AggiuntaContattoController.java</name>
  </compound>
  <compound refid="_annulla_operazione_8java" kind="file"><name>AnnullaOperazione.java</name>
  </compound>
  <compound refid="_applicazione_8java" kind="file"><name>Applicazione.java</name>
  </compound>
  <compound refid="_contatto_8java" kind="file"><name>Contatto.java</name>
  </compound>
  <compound refid="_main_interface_controller_8java" kind="file"><name>MainInterfaceController.java</name>
  </compound>
  <compound refid="_modifica_contatto_controller_8java" kind="file"><name>ModificaContattoController.java</name>
  </compound>
  <compound refid="_rubrica_8java" kind="file"><name>Rubrica.java</name>
  </compound>
  <compound refid="_visualizza_singolo_contatto_controller_8java" kind="file"><name>VisualizzaSingoloContattoController.java</name>
  </compound>
</doxygenindex>
