<?xml version='1.0' encoding='UTF-8' standalone='no'?>
<doxygen xmlns:xsi="http://www.w3.org/2001/XMLSchema-instance" xsi:noNamespaceSchemaLocation="compound.xsd" version="1.12.0" xml:lang="en-US">
  <compounddef id="namespace_interface_1_1controller" kind="namespace" language="Java">
    <compoundname>Interface::controller</compoundname>
    <innerclass refid="class_interface_1_1controller_1_1_aggiunta_contatto_controller" prot="public">Interface::controller::AggiuntaContattoController</innerclass>
    <innerclass refid="class_interface_1_1controller_1_1_main_interface_controller" prot="public">Interface::controller::MainInterfaceController</innerclass>
    <innerclass refid="class_interface_1_1controller_1_1_modifica_contatto_controller" prot="public">Interface::controller::ModificaContattoController</innerclass>
    <innerclass refid="class_interface_1_1controller_1_1_visualizza_singolo_contatto_controller" prot="public">Interface::controller::VisualizzaSingoloContattoController</innerclass>
    <briefdescription>
    </briefdescription>
    <detaileddescription>
    </detaileddescription>
    <location file="AggiuntaContattoController.java" line="6" column="15"/>
  </compounddef>
</doxygen>
