<?xml version='1.0' encoding='UTF-8' standalone='no'?>
<doxygen xmlns:xsi="http://www.w3.org/2001/XMLSchema-instance" xsi:noNamespaceSchemaLocation="compound.xsd" version="1.12.0" xml:lang="it">
  <compounddef id="_modifica_contatto_controller_8java" kind="file" language="Java">
    <compoundname>ModificaContattoController.java</compoundname>
    <includes local="no">java.net.URL</includes>
    <incdepgraph>
      <node id="1">
        <label>ModificaContattoController.java</label>
        <link refid="_modifica_contatto_controller_8java"/>
        <childnode refid="2" relation="include">
        </childnode>
      </node>
      <node id="2">
        <label>java.net.URL</label>
      </node>
    </incdepgraph>
    <innerclass refid="classcontroller_1_1_modifica_contatto_controller" prot="public">controller::ModificaContattoController</innerclass>
    <innernamespace refid="namespacecontroller">controller</innernamespace>
    <briefdescription>
<para>Controller per la gestione della modifica di un contatto nell&apos;interfaccia grafica. </para>
    </briefdescription>
    <detaileddescription>
<para>Questo controller permette agli utenti di modificare i dettagli di un contatto già esistente nella rubrica utilizzando JavaFX. </para>
    </detaileddescription>
    <programlisting>
<codeline lineno="1"><highlight class="comment">/*</highlight></codeline>
<codeline lineno="2"><highlight class="comment"><sp/>*<sp/>To<sp/>change<sp/>this<sp/>license<sp/>header,<sp/>choose<sp/>License<sp/>Headers<sp/>in<sp/>Project<sp/>Properties.</highlight></codeline>
<codeline lineno="3"><highlight class="comment"><sp/>*<sp/>To<sp/>change<sp/>this<sp/>template<sp/>file,<sp/>choose<sp/>Tools<sp/>|<sp/>Templates</highlight></codeline>
<codeline lineno="4"><highlight class="comment"><sp/>*<sp/>and<sp/>open<sp/>the<sp/>template<sp/>in<sp/>the<sp/>editor.</highlight></codeline>
<codeline lineno="5"><highlight class="comment"><sp/>*/</highlight><highlight class="normal"></highlight></codeline>
<codeline lineno="6"><highlight class="normal"></highlight><highlight class="keyword">package<sp/></highlight><highlight class="normal">controller;</highlight></codeline>
<codeline lineno="7"><highlight class="normal"></highlight></codeline>
<codeline lineno="16"><highlight class="normal"></highlight><highlight class="keyword">import</highlight><highlight class="normal"><sp/>java.net.URL;</highlight></codeline>
<codeline lineno="17"><highlight class="normal"></highlight><highlight class="keyword">import</highlight><highlight class="normal"><sp/>java.util.ResourceBundle;</highlight></codeline>
<codeline lineno="18"><highlight class="normal"></highlight><highlight class="keyword">import</highlight><highlight class="normal"><sp/>javafx.collections.ObservableList;</highlight></codeline>
<codeline lineno="19"><highlight class="normal"></highlight><highlight class="keyword">import</highlight><highlight class="normal"><sp/>javafx.fxml.FXML;</highlight></codeline>
<codeline lineno="20"><highlight class="normal"></highlight><highlight class="keyword">import</highlight><highlight class="normal"><sp/>javafx.fxml.Initializable;</highlight></codeline>
<codeline lineno="21"><highlight class="normal"></highlight><highlight class="keyword">import</highlight><highlight class="normal"><sp/>javafx.scene.control.Button;</highlight></codeline>
<codeline lineno="22"><highlight class="normal"></highlight><highlight class="keyword">import</highlight><highlight class="normal"><sp/>javafx.scene.control.DatePicker;</highlight></codeline>
<codeline lineno="23"><highlight class="normal"></highlight><highlight class="keyword">import</highlight><highlight class="normal"><sp/>javafx.scene.control.TextField;</highlight></codeline>
<codeline lineno="24"><highlight class="normal"></highlight><highlight class="keyword">import</highlight><highlight class="normal"><sp/>data.Contatto;</highlight></codeline>
<codeline lineno="25"><highlight class="normal"></highlight><highlight class="keyword">import</highlight><highlight class="normal"><sp/>javafx.event.ActionEvent;</highlight></codeline>
<codeline lineno="26"><highlight class="normal"></highlight></codeline>
<codeline lineno="34" refid="classcontroller_1_1_modifica_contatto_controller" refkind="compound"><highlight class="normal"></highlight><highlight class="keyword">public</highlight><highlight class="normal"><sp/></highlight><highlight class="keyword">class<sp/></highlight><highlight class="normal"><ref refid="classcontroller_1_1_modifica_contatto_controller" kindref="compound">ModificaContattoController</ref><sp/></highlight><highlight class="keyword">implements</highlight><highlight class="normal"><sp/>Initializable<sp/>{</highlight></codeline>
<codeline lineno="35"><highlight class="normal"></highlight></codeline>
<codeline lineno="39"><highlight class="normal"><sp/><sp/><sp/><sp/>@FXML</highlight></codeline>
<codeline lineno="40"><highlight class="normal"><sp/><sp/><sp/><sp/></highlight><highlight class="keyword">private</highlight><highlight class="normal"><sp/>TextField<sp/>nameField;</highlight></codeline>
<codeline lineno="41"><highlight class="normal"></highlight></codeline>
<codeline lineno="45"><highlight class="normal"><sp/><sp/><sp/><sp/>@FXML</highlight></codeline>
<codeline lineno="46"><highlight class="normal"><sp/><sp/><sp/><sp/></highlight><highlight class="keyword">private</highlight><highlight class="normal"><sp/>TextField<sp/>surnameField;</highlight></codeline>
<codeline lineno="47"><highlight class="normal"></highlight></codeline>
<codeline lineno="51"><highlight class="normal"><sp/><sp/><sp/><sp/>@FXML</highlight></codeline>
<codeline lineno="52"><highlight class="normal"><sp/><sp/><sp/><sp/></highlight><highlight class="keyword">private</highlight><highlight class="normal"><sp/>DatePicker<sp/>birthdayField;</highlight></codeline>
<codeline lineno="53"><highlight class="normal"></highlight></codeline>
<codeline lineno="57"><highlight class="normal"><sp/><sp/><sp/><sp/>@FXML</highlight></codeline>
<codeline lineno="58"><highlight class="normal"><sp/><sp/><sp/><sp/></highlight><highlight class="keyword">private</highlight><highlight class="normal"><sp/>TextField<sp/>companyField;</highlight></codeline>
<codeline lineno="59"><highlight class="normal"></highlight></codeline>
<codeline lineno="63"><highlight class="normal"><sp/><sp/><sp/><sp/>@FXML</highlight></codeline>
<codeline lineno="64"><highlight class="normal"><sp/><sp/><sp/><sp/></highlight><highlight class="keyword">private</highlight><highlight class="normal"><sp/>TextField<sp/>numberField1;</highlight></codeline>
<codeline lineno="65"><highlight class="normal"></highlight></codeline>
<codeline lineno="69"><highlight class="normal"><sp/><sp/><sp/><sp/>@FXML</highlight></codeline>
<codeline lineno="70"><highlight class="normal"><sp/><sp/><sp/><sp/></highlight><highlight class="keyword">private</highlight><highlight class="normal"><sp/>TextField<sp/>numberField2;</highlight></codeline>
<codeline lineno="71"><highlight class="normal"></highlight></codeline>
<codeline lineno="75"><highlight class="normal"><sp/><sp/><sp/><sp/>@FXML</highlight></codeline>
<codeline lineno="76"><highlight class="normal"><sp/><sp/><sp/><sp/></highlight><highlight class="keyword">private</highlight><highlight class="normal"><sp/>TextField<sp/>numberField3;</highlight></codeline>
<codeline lineno="77"><highlight class="normal"></highlight></codeline>
<codeline lineno="81"><highlight class="normal"><sp/><sp/><sp/><sp/>@FXML</highlight></codeline>
<codeline lineno="82"><highlight class="normal"><sp/><sp/><sp/><sp/></highlight><highlight class="keyword">private</highlight><highlight class="normal"><sp/>TextField<sp/>emailField1;</highlight></codeline>
<codeline lineno="83"><highlight class="normal"></highlight></codeline>
<codeline lineno="87"><highlight class="normal"><sp/><sp/><sp/><sp/>@FXML</highlight></codeline>
<codeline lineno="88"><highlight class="normal"><sp/><sp/><sp/><sp/></highlight><highlight class="keyword">private</highlight><highlight class="normal"><sp/>TextField<sp/>emailField2;</highlight></codeline>
<codeline lineno="89"><highlight class="normal"></highlight></codeline>
<codeline lineno="93"><highlight class="normal"><sp/><sp/><sp/><sp/>@FXML</highlight></codeline>
<codeline lineno="94"><highlight class="normal"><sp/><sp/><sp/><sp/></highlight><highlight class="keyword">private</highlight><highlight class="normal"><sp/>TextField<sp/>emailField3;</highlight></codeline>
<codeline lineno="95"><highlight class="normal"></highlight></codeline>
<codeline lineno="99"><highlight class="normal"><sp/><sp/><sp/><sp/>@FXML</highlight></codeline>
<codeline lineno="100"><highlight class="normal"><sp/><sp/><sp/><sp/></highlight><highlight class="keyword">private</highlight><highlight class="normal"><sp/>TextField<sp/>adressField;</highlight></codeline>
<codeline lineno="101"><highlight class="normal"></highlight></codeline>
<codeline lineno="105"><highlight class="normal"><sp/><sp/><sp/><sp/>@FXML</highlight></codeline>
<codeline lineno="106"><highlight class="normal"><sp/><sp/><sp/><sp/></highlight><highlight class="keyword">private</highlight><highlight class="normal"><sp/>Button<sp/>saveButton;</highlight></codeline>
<codeline lineno="107"><highlight class="normal"></highlight></codeline>
<codeline lineno="111"><highlight class="normal"><sp/><sp/><sp/><sp/>@FXML</highlight></codeline>
<codeline lineno="112"><highlight class="normal"><sp/><sp/><sp/><sp/></highlight><highlight class="keyword">private</highlight><highlight class="normal"><sp/>Button<sp/>delButton;</highlight></codeline>
<codeline lineno="113"><highlight class="normal"></highlight></codeline>
<codeline lineno="117"><highlight class="normal"><sp/><sp/><sp/><sp/>@FXML</highlight></codeline>
<codeline lineno="118"><highlight class="normal"><sp/><sp/><sp/><sp/></highlight><highlight class="keyword">private</highlight><highlight class="normal"><sp/>ObservableList&lt;Contatto&gt;<sp/>Contacts;</highlight></codeline>
<codeline lineno="119"><highlight class="normal"></highlight></codeline>
<codeline lineno="128"><highlight class="normal"><sp/><sp/><sp/><sp/>@Override</highlight></codeline>
<codeline lineno="129"><highlight class="normal"><sp/><sp/><sp/><sp/></highlight><highlight class="keyword">public</highlight><highlight class="normal"><sp/></highlight><highlight class="keywordtype">void</highlight><highlight class="normal"><sp/><ref refid="classcontroller_1_1_modifica_contatto_controller_1a13746b44533611a532fd209b46e07071" kindref="member">initialize</ref>(URL<sp/>url,<sp/>ResourceBundle<sp/>rb)<sp/>{</highlight></codeline>
<codeline lineno="130"><highlight class="normal"><sp/><sp/><sp/><sp/><sp/><sp/><sp/></highlight></codeline>
<codeline lineno="131"><highlight class="normal"><sp/><sp/><sp/><sp/>}</highlight></codeline>
<codeline lineno="132"><highlight class="normal"></highlight></codeline>
<codeline lineno="142"><highlight class="normal">@FXML</highlight></codeline>
<codeline lineno="143"><highlight class="normal"></highlight><highlight class="keyword">public</highlight><highlight class="normal"><sp/></highlight><highlight class="keywordtype">void</highlight><highlight class="normal"><sp/><ref refid="classcontroller_1_1_modifica_contatto_controller_1a78bc7f0dce451c4defc44642a4e632b9" kindref="member">annulla</ref>(ActionEvent<sp/>event)<sp/>{</highlight></codeline>
<codeline lineno="144"><highlight class="normal"><sp/><sp/><sp/></highlight></codeline>
<codeline lineno="145"><highlight class="normal">}</highlight></codeline>
<codeline lineno="146"><highlight class="normal"></highlight></codeline>
<codeline lineno="156"><highlight class="normal">@FXML</highlight></codeline>
<codeline lineno="157"><highlight class="normal"></highlight><highlight class="keyword">public</highlight><highlight class="normal"><sp/></highlight><highlight class="keywordtype">void</highlight><highlight class="normal"><sp/><ref refid="classcontroller_1_1_modifica_contatto_controller_1a01d8e36976a1b660a0c197d459b9453f" kindref="member">modificaContatto</ref>(ActionEvent<sp/>event)<sp/>{</highlight></codeline>
<codeline lineno="158"><highlight class="normal"><sp/><sp/><sp/></highlight></codeline>
<codeline lineno="159"><highlight class="normal">}</highlight></codeline>
<codeline lineno="160"><highlight class="normal"></highlight></codeline>
<codeline lineno="161"><highlight class="normal">}</highlight></codeline>
    </programlisting>
    <location file="ModificaContattoController.java"/>
  </compounddef>
</doxygen>
