<?xml version='1.0' encoding='UTF-8' standalone='no'?>
<doxygen xmlns:xsi="http://www.w3.org/2001/XMLSchema-instance" xsi:noNamespaceSchemaLocation="compound.xsd" version="1.12.0" xml:lang="it">
  <compounddef id="classcontroller_1_1_aggiunta_contatto_controller" kind="class" language="Java" prot="public">
    <compoundname>controller::AggiuntaContattoController</compoundname>
    <basecompoundref prot="public" virt="non-virtual">Initializable</basecompoundref>
    <sectiondef kind="private-attrib">
      <memberdef kind="variable" id="classcontroller_1_1_aggiunta_contatto_controller_1a98934cca41bd90ec33ef920df99339a7" prot="private" static="no" mutable="no">
        <type>TextField</type>
        <definition>TextField controller.AggiuntaContattoController.nameField</definition>
        <argsstring></argsstring>
        <name>nameField</name>
        <qualifiedname>controller.AggiuntaContattoController.nameField</qualifiedname>
        <briefdescription>
<para>Campo per inserire il nome del contatto. </para>
        </briefdescription>
        <detaileddescription>
        </detaileddescription>
        <inbodydescription>
        </inbodydescription>
        <location file="AggiuntaContattoController.java" line="43" column="23" bodyfile="AggiuntaContattoController.java" bodystart="43" bodyend="-1"/>
      </memberdef>
      <memberdef kind="variable" id="classcontroller_1_1_aggiunta_contatto_controller_1ad1a4777ce5d795b41054c53838541631" prot="private" static="no" mutable="no">
        <type>TextField</type>
        <definition>TextField controller.AggiuntaContattoController.surnameField</definition>
        <argsstring></argsstring>
        <name>surnameField</name>
        <qualifiedname>controller.AggiuntaContattoController.surnameField</qualifiedname>
        <briefdescription>
<para>Campo per inserire il cognome del contatto. </para>
        </briefdescription>
        <detaileddescription>
        </detaileddescription>
        <inbodydescription>
        </inbodydescription>
        <location file="AggiuntaContattoController.java" line="49" column="23" bodyfile="AggiuntaContattoController.java" bodystart="49" bodyend="-1"/>
      </memberdef>
      <memberdef kind="variable" id="classcontroller_1_1_aggiunta_contatto_controller_1ac3cbbc6e3a585b35dfa60558de890ac2" prot="private" static="no" mutable="no">
        <type>DatePicker</type>
        <definition>DatePicker controller.AggiuntaContattoController.birthdayField</definition>
        <argsstring></argsstring>
        <name>birthdayField</name>
        <qualifiedname>controller.AggiuntaContattoController.birthdayField</qualifiedname>
        <briefdescription>
<para>Campo per selezionare la data di nascita del contatto. </para>
        </briefdescription>
        <detaileddescription>
        </detaileddescription>
        <inbodydescription>
        </inbodydescription>
        <location file="AggiuntaContattoController.java" line="55" column="24" bodyfile="AggiuntaContattoController.java" bodystart="55" bodyend="-1"/>
      </memberdef>
      <memberdef kind="variable" id="classcontroller_1_1_aggiunta_contatto_controller_1a9d29849bfcbbd51e4388be86b24044da" prot="private" static="no" mutable="no">
        <type>TextField</type>
        <definition>TextField controller.AggiuntaContattoController.companyField</definition>
        <argsstring></argsstring>
        <name>companyField</name>
        <qualifiedname>controller.AggiuntaContattoController.companyField</qualifiedname>
        <briefdescription>
<para>Campo per inserire la società del contatto. </para>
        </briefdescription>
        <detaileddescription>
        </detaileddescription>
        <inbodydescription>
        </inbodydescription>
        <location file="AggiuntaContattoController.java" line="61" column="23" bodyfile="AggiuntaContattoController.java" bodystart="61" bodyend="-1"/>
      </memberdef>
      <memberdef kind="variable" id="classcontroller_1_1_aggiunta_contatto_controller_1a92df4106b39e3b1adbb25dc83bfeda7b" prot="private" static="no" mutable="no">
        <type>TextField</type>
        <definition>TextField controller.AggiuntaContattoController.numberField1</definition>
        <argsstring></argsstring>
        <name>numberField1</name>
        <qualifiedname>controller.AggiuntaContattoController.numberField1</qualifiedname>
        <briefdescription>
<para>Campo per inserire il primo numero di telefono. </para>
        </briefdescription>
        <detaileddescription>
        </detaileddescription>
        <inbodydescription>
        </inbodydescription>
        <location file="AggiuntaContattoController.java" line="67" column="23" bodyfile="AggiuntaContattoController.java" bodystart="67" bodyend="-1"/>
      </memberdef>
      <memberdef kind="variable" id="classcontroller_1_1_aggiunta_contatto_controller_1ab2f3a5dc32546c16a74612d8689e8e2a" prot="private" static="no" mutable="no">
        <type>TextField</type>
        <definition>TextField controller.AggiuntaContattoController.numberField2</definition>
        <argsstring></argsstring>
        <name>numberField2</name>
        <qualifiedname>controller.AggiuntaContattoController.numberField2</qualifiedname>
        <briefdescription>
<para>Campo per inserire il secondo numero di telefono. </para>
        </briefdescription>
        <detaileddescription>
        </detaileddescription>
        <inbodydescription>
        </inbodydescription>
        <location file="AggiuntaContattoController.java" line="73" column="23" bodyfile="AggiuntaContattoController.java" bodystart="73" bodyend="-1"/>
      </memberdef>
      <memberdef kind="variable" id="classcontroller_1_1_aggiunta_contatto_controller_1af489e40a8b8e394b7392fbec5b228ddf" prot="private" static="no" mutable="no">
        <type>TextField</type>
        <definition>TextField controller.AggiuntaContattoController.numberField3</definition>
        <argsstring></argsstring>
        <name>numberField3</name>
        <qualifiedname>controller.AggiuntaContattoController.numberField3</qualifiedname>
        <briefdescription>
<para>Campo per inserire il terzo numero di telefono. </para>
        </briefdescription>
        <detaileddescription>
        </detaileddescription>
        <inbodydescription>
        </inbodydescription>
        <location file="AggiuntaContattoController.java" line="79" column="23" bodyfile="AggiuntaContattoController.java" bodystart="79" bodyend="-1"/>
      </memberdef>
      <memberdef kind="variable" id="classcontroller_1_1_aggiunta_contatto_controller_1a3cde0f9e68dc3cdf5f87fd552fb13486" prot="private" static="no" mutable="no">
        <type>TextField</type>
        <definition>TextField controller.AggiuntaContattoController.emailField1</definition>
        <argsstring></argsstring>
        <name>emailField1</name>
        <qualifiedname>controller.AggiuntaContattoController.emailField1</qualifiedname>
        <briefdescription>
<para>Campo per inserire la prima email del contatto. </para>
        </briefdescription>
        <detaileddescription>
        </detaileddescription>
        <inbodydescription>
        </inbodydescription>
        <location file="AggiuntaContattoController.java" line="85" column="23" bodyfile="AggiuntaContattoController.java" bodystart="85" bodyend="-1"/>
      </memberdef>
      <memberdef kind="variable" id="classcontroller_1_1_aggiunta_contatto_controller_1aca9573b437426e3a540ca819d5f37562" prot="private" static="no" mutable="no">
        <type>TextField</type>
        <definition>TextField controller.AggiuntaContattoController.emailField2</definition>
        <argsstring></argsstring>
        <name>emailField2</name>
        <qualifiedname>controller.AggiuntaContattoController.emailField2</qualifiedname>
        <briefdescription>
<para>Campo per inserire la seconda email del contatto. </para>
        </briefdescription>
        <detaileddescription>
        </detaileddescription>
        <inbodydescription>
        </inbodydescription>
        <location file="AggiuntaContattoController.java" line="91" column="23" bodyfile="AggiuntaContattoController.java" bodystart="91" bodyend="-1"/>
      </memberdef>
      <memberdef kind="variable" id="classcontroller_1_1_aggiunta_contatto_controller_1a7c45422e65743893a0e10bfd6e376312" prot="private" static="no" mutable="no">
        <type>TextField</type>
        <definition>TextField controller.AggiuntaContattoController.emailField3</definition>
        <argsstring></argsstring>
        <name>emailField3</name>
        <qualifiedname>controller.AggiuntaContattoController.emailField3</qualifiedname>
        <briefdescription>
<para>Campo per inserire la terza email del contatto. </para>
        </briefdescription>
        <detaileddescription>
        </detaileddescription>
        <inbodydescription>
        </inbodydescription>
        <location file="AggiuntaContattoController.java" line="97" column="23" bodyfile="AggiuntaContattoController.java" bodystart="97" bodyend="-1"/>
      </memberdef>
      <memberdef kind="variable" id="classcontroller_1_1_aggiunta_contatto_controller_1a2856aacdbfd115922f03b6dc9e639877" prot="private" static="no" mutable="no">
        <type>TextField</type>
        <definition>TextField controller.AggiuntaContattoController.adressField</definition>
        <argsstring></argsstring>
        <name>adressField</name>
        <qualifiedname>controller.AggiuntaContattoController.adressField</qualifiedname>
        <briefdescription>
<para>Campo per inserire l&apos;indirizzo del contatto. </para>
        </briefdescription>
        <detaileddescription>
        </detaileddescription>
        <inbodydescription>
        </inbodydescription>
        <location file="AggiuntaContattoController.java" line="103" column="23" bodyfile="AggiuntaContattoController.java" bodystart="103" bodyend="-1"/>
      </memberdef>
      <memberdef kind="variable" id="classcontroller_1_1_aggiunta_contatto_controller_1a689a7566cc7bd2e6544834264d1df4ab" prot="private" static="no" mutable="no">
        <type>Button</type>
        <definition>Button controller.AggiuntaContattoController.addButton</definition>
        <argsstring></argsstring>
        <name>addButton</name>
        <qualifiedname>controller.AggiuntaContattoController.addButton</qualifiedname>
        <briefdescription>
<para>Pulsante per aggiungere un nuovo contatto. </para>
        </briefdescription>
        <detaileddescription>
        </detaileddescription>
        <inbodydescription>
        </inbodydescription>
        <location file="AggiuntaContattoController.java" line="109" column="20" bodyfile="AggiuntaContattoController.java" bodystart="109" bodyend="-1"/>
      </memberdef>
      <memberdef kind="variable" id="classcontroller_1_1_aggiunta_contatto_controller_1aa33ac55e5dfb995722d621c049e953a8" prot="private" static="no" mutable="no">
        <type>Button</type>
        <definition>Button controller.AggiuntaContattoController.delButton</definition>
        <argsstring></argsstring>
        <name>delButton</name>
        <qualifiedname>controller.AggiuntaContattoController.delButton</qualifiedname>
        <briefdescription>
<para>Pulsante per annullare l&apos;aggiunta di un contatto. </para>
        </briefdescription>
        <detaileddescription>
        </detaileddescription>
        <inbodydescription>
        </inbodydescription>
        <location file="AggiuntaContattoController.java" line="115" column="20" bodyfile="AggiuntaContattoController.java" bodystart="115" bodyend="-1"/>
      </memberdef>
      <memberdef kind="variable" id="classcontroller_1_1_aggiunta_contatto_controller_1aaf835af63d40228daab2917ba19b9898" prot="private" static="no" mutable="no">
        <type>ObservableList&lt; <ref refid="classdata_1_1_contatto" kindref="compound">Contatto</ref> &gt;</type>
        <definition>ObservableList&lt;Contatto&gt; controller.AggiuntaContattoController.Contacts</definition>
        <argsstring></argsstring>
        <name>Contacts</name>
        <qualifiedname>controller.AggiuntaContattoController.Contacts</qualifiedname>
        <briefdescription>
<para>Lista osservabile contenente i contatti. </para>
        </briefdescription>
        <detaileddescription>
        </detaileddescription>
        <inbodydescription>
        </inbodydescription>
        <location file="AggiuntaContattoController.java" line="121" column="28" bodyfile="AggiuntaContattoController.java" bodystart="121" bodyend="-1"/>
      </memberdef>
    </sectiondef>
    <sectiondef kind="public-func">
      <memberdef kind="function" id="classcontroller_1_1_aggiunta_contatto_controller_1a3d23ca7f3fadf263ddd0f660d5682d3e" prot="public" static="no" const="no" explicit="no" inline="yes" virt="non-virtual">
        <type>void</type>
        <definition>void controller.AggiuntaContattoController.initialize</definition>
        <argsstring>(URL url, ResourceBundle rb)</argsstring>
        <name>initialize</name>
        <qualifiedname>controller.AggiuntaContattoController.initialize</qualifiedname>
        <param>
          <type>URL</type>
          <declname>url</declname>
        </param>
        <param>
          <type>ResourceBundle</type>
          <declname>rb</declname>
        </param>
        <briefdescription>
<para>Inizializza il controller. </para>
        </briefdescription>
        <detaileddescription>
<para><parameterlist kind="param"><parameteritem>
<parameternamelist>
<parametername>url</parametername>
</parameternamelist>
<parameterdescription>
<para>URL per inizializzare il controller. </para>
</parameterdescription>
</parameteritem>
<parameteritem>
<parameternamelist>
<parametername>rb</parametername>
</parameternamelist>
<parameterdescription>
<para>ResourceBundle per localizzazione.</para>
</parameterdescription>
</parameteritem>
</parameterlist>
Questo metodo viene chiamato automaticamente all&apos;avvio per inizializzare i componenti FXML. </para>
        </detaileddescription>
        <inbodydescription>
        </inbodydescription>
        <location file="AggiuntaContattoController.java" line="132" column="17" bodyfile="AggiuntaContattoController.java" bodystart="132" bodyend="134"/>
      </memberdef>
      <memberdef kind="function" id="classcontroller_1_1_aggiunta_contatto_controller_1a23ed7e218e4175cec39f59653b017b19" prot="public" static="no" const="no" explicit="no" inline="yes" virt="non-virtual">
        <type>void</type>
        <definition>void controller.AggiuntaContattoController.aggiungiContatto</definition>
        <argsstring>(ActionEvent event)</argsstring>
        <name>aggiungiContatto</name>
        <qualifiedname>controller.AggiuntaContattoController.aggiungiContatto</qualifiedname>
        <param>
          <type>ActionEvent</type>
          <declname>event</declname>
        </param>
        <briefdescription>
<para>Aggiunge un nuovo contatto alla rubrica. </para>
        </briefdescription>
        <detaileddescription>
<para><parameterlist kind="param"><parameteritem>
<parameternamelist>
<parametername>event</parametername>
</parameternamelist>
<parameterdescription>
<para>L&apos;evento che ha scatenato l&apos;azione(Il tasto &quot;Fine&quot;). </para>
</parameterdescription>
</parameteritem>
</parameterlist>
<simplesect kind="pre"><para>I campi &quot;nameField&quot; e &quot;surnameField&quot; devono essere compilati. Gli altri campi possono essere vuoti. </para>
</simplesect>
<simplesect kind="post"><para>Un contatto è aggiunto sia alla lista grafica che alla struttura dati sottostante. Metodo che gestisce la logica per l&apos;aggiunta di un contatto alla rubrica.</para>
</simplesect>
<simplesect kind="see"><para><ref refid="classcontroller_1_1_aggiunta_contatto_controller_1a23ed7e218e4175cec39f59653b017b19" kindref="member">aggiungiContatto()</ref>. </para>
</simplesect>
</para>
        </detaileddescription>
        <inbodydescription>
        </inbodydescription>
        <location file="AggiuntaContattoController.java" line="145" column="13" bodyfile="AggiuntaContattoController.java" bodystart="145" bodyend="147"/>
      </memberdef>
      <memberdef kind="function" id="classcontroller_1_1_aggiunta_contatto_controller_1a2ea80cc23d71f50b06d9dfa263ff037d" prot="public" static="no" const="no" explicit="no" inline="yes" virt="non-virtual">
        <type>void</type>
        <definition>void controller.AggiuntaContattoController.annulla</definition>
        <argsstring>(ActionEvent event)</argsstring>
        <name>annulla</name>
        <qualifiedname>controller.AggiuntaContattoController.annulla</qualifiedname>
        <param>
          <type>ActionEvent</type>
          <declname>event</declname>
        </param>
        <briefdescription>
<para>Annulla l&apos;operazione corrente. </para>
        </briefdescription>
        <detaileddescription>
<para><parameterlist kind="param"><parameteritem>
<parameternamelist>
<parametername>event</parametername>
</parameternamelist>
<parameterdescription>
<para>L&apos;evento che ha scatenato l&apos;azione(Il tasto &quot;Annulla&quot;). </para>
</parameterdescription>
</parameteritem>
</parameterlist>
<simplesect kind="pre"><para>L&apos;utente Deve aver eseguito l&apos;operazione di aggiunta. </para>
</simplesect>
<simplesect kind="post"><para>L&apos;utente torna alla MainInterface. Metodo che gestisce la logica per annullare l&apos;aggiunta di un contatto. </para>
</simplesect>
<simplesect kind="see"><para><ref refid="classcontroller_1_1_aggiunta_contatto_controller_1a2ea80cc23d71f50b06d9dfa263ff037d" kindref="member">annulla()</ref>. </para>
</simplesect>
</para>
        </detaileddescription>
        <inbodydescription>
        </inbodydescription>
        <location file="AggiuntaContattoController.java" line="158" column="13" bodyfile="AggiuntaContattoController.java" bodystart="158" bodyend="160"/>
      </memberdef>
    </sectiondef>
    <briefdescription>
<para>Classe FXML Controller per la gestione dell&apos;aggiunta dei contatti. </para>
    </briefdescription>
    <detaileddescription>
<para>Gestisce i campi di input e i pulsanti relativi all&apos;aggiunta di un nuovo contatto nella rubrica. </para>
    </detaileddescription>
    <inheritancegraph>
      <node id="1">
        <label>controller.AggiuntaContattoController</label>
        <link refid="classcontroller_1_1_aggiunta_contatto_controller"/>
        <childnode refid="2" relation="public-inheritance">
        </childnode>
      </node>
      <node id="2">
        <label>Initializable</label>
      </node>
    </inheritancegraph>
    <collaborationgraph>
      <node id="1">
        <label>controller.AggiuntaContattoController</label>
        <link refid="classcontroller_1_1_aggiunta_contatto_controller"/>
        <childnode refid="2" relation="public-inheritance">
        </childnode>
      </node>
      <node id="2">
        <label>Initializable</label>
      </node>
    </collaborationgraph>
    <location file="AggiuntaContattoController.java" line="37" column="7" bodyfile="AggiuntaContattoController.java" bodystart="37" bodyend="162"/>
    <listofallmembers>
      <member refid="classcontroller_1_1_aggiunta_contatto_controller_1a689a7566cc7bd2e6544834264d1df4ab" prot="private" virt="non-virtual"><scope>controller::AggiuntaContattoController</scope><name>addButton</name></member>
      <member refid="classcontroller_1_1_aggiunta_contatto_controller_1a2856aacdbfd115922f03b6dc9e639877" prot="private" virt="non-virtual"><scope>controller::AggiuntaContattoController</scope><name>adressField</name></member>
      <member refid="classcontroller_1_1_aggiunta_contatto_controller_1a23ed7e218e4175cec39f59653b017b19" prot="public" virt="non-virtual"><scope>controller::AggiuntaContattoController</scope><name>aggiungiContatto</name></member>
      <member refid="classcontroller_1_1_aggiunta_contatto_controller_1a2ea80cc23d71f50b06d9dfa263ff037d" prot="public" virt="non-virtual"><scope>controller::AggiuntaContattoController</scope><name>annulla</name></member>
      <member refid="classcontroller_1_1_aggiunta_contatto_controller_1ac3cbbc6e3a585b35dfa60558de890ac2" prot="private" virt="non-virtual"><scope>controller::AggiuntaContattoController</scope><name>birthdayField</name></member>
      <member refid="classcontroller_1_1_aggiunta_contatto_controller_1a9d29849bfcbbd51e4388be86b24044da" prot="private" virt="non-virtual"><scope>controller::AggiuntaContattoController</scope><name>companyField</name></member>
      <member refid="classcontroller_1_1_aggiunta_contatto_controller_1aaf835af63d40228daab2917ba19b9898" prot="private" virt="non-virtual"><scope>controller::AggiuntaContattoController</scope><name>Contacts</name></member>
      <member refid="classcontroller_1_1_aggiunta_contatto_controller_1aa33ac55e5dfb995722d621c049e953a8" prot="private" virt="non-virtual"><scope>controller::AggiuntaContattoController</scope><name>delButton</name></member>
      <member refid="classcontroller_1_1_aggiunta_contatto_controller_1a3cde0f9e68dc3cdf5f87fd552fb13486" prot="private" virt="non-virtual"><scope>controller::AggiuntaContattoController</scope><name>emailField1</name></member>
      <member refid="classcontroller_1_1_aggiunta_contatto_controller_1aca9573b437426e3a540ca819d5f37562" prot="private" virt="non-virtual"><scope>controller::AggiuntaContattoController</scope><name>emailField2</name></member>
      <member refid="classcontroller_1_1_aggiunta_contatto_controller_1a7c45422e65743893a0e10bfd6e376312" prot="private" virt="non-virtual"><scope>controller::AggiuntaContattoController</scope><name>emailField3</name></member>
      <member refid="classcontroller_1_1_aggiunta_contatto_controller_1a3d23ca7f3fadf263ddd0f660d5682d3e" prot="public" virt="non-virtual"><scope>controller::AggiuntaContattoController</scope><name>initialize</name></member>
      <member refid="classcontroller_1_1_aggiunta_contatto_controller_1a98934cca41bd90ec33ef920df99339a7" prot="private" virt="non-virtual"><scope>controller::AggiuntaContattoController</scope><name>nameField</name></member>
      <member refid="classcontroller_1_1_aggiunta_contatto_controller_1a92df4106b39e3b1adbb25dc83bfeda7b" prot="private" virt="non-virtual"><scope>controller::AggiuntaContattoController</scope><name>numberField1</name></member>
      <member refid="classcontroller_1_1_aggiunta_contatto_controller_1ab2f3a5dc32546c16a74612d8689e8e2a" prot="private" virt="non-virtual"><scope>controller::AggiuntaContattoController</scope><name>numberField2</name></member>
      <member refid="classcontroller_1_1_aggiunta_contatto_controller_1af489e40a8b8e394b7392fbec5b228ddf" prot="private" virt="non-virtual"><scope>controller::AggiuntaContattoController</scope><name>numberField3</name></member>
      <member refid="classcontroller_1_1_aggiunta_contatto_controller_1ad1a4777ce5d795b41054c53838541631" prot="private" virt="non-virtual"><scope>controller::AggiuntaContattoController</scope><name>surnameField</name></member>
    </listofallmembers>
  </compounddef>
</doxygen>
