<?xml version='1.0' encoding='UTF-8' standalone='no'?>
<doxygenindex xmlns:xsi="http://www.w3.org/2001/XMLSchema-instance" xsi:noNamespaceSchemaLocation="index.xsd" version="1.12.0" xml:lang="it">
  <compound refid="classcontroller_1_1_aggiunta_contatto_controller" kind="class"><name>controller::AggiuntaContattoController</name>
    <member refid="classcontroller_1_1_aggiunta_contatto_controller_1a98934cca41bd90ec33ef920df99339a7" kind="variable"><name>nameField</name></member>
    <member refid="classcontroller_1_1_aggiunta_contatto_controller_1ad1a4777ce5d795b41054c53838541631" kind="variable"><name>surnameField</name></member>
    <member refid="classcontroller_1_1_aggiunta_contatto_controller_1ac3cbbc6e3a585b35dfa60558de890ac2" kind="variable"><name>birthdayField</name></member>
    <member refid="classcontroller_1_1_aggiunta_contatto_controller_1a9d29849bfcbbd51e4388be86b24044da" kind="variable"><name>companyField</name></member>
    <member refid="classcontroller_1_1_aggiunta_contatto_controller_1a92df4106b39e3b1adbb25dc83bfeda7b" kind="variable"><name>numberField1</name></member>
    <member refid="classcontroller_1_1_aggiunta_contatto_controller_1ab2f3a5dc32546c16a74612d8689e8e2a" kind="variable"><name>numberField2</name></member>
    <member refid="classcontroller_1_1_aggiunta_contatto_controller_1af489e40a8b8e394b7392fbec5b228ddf" kind="variable"><name>numberField3</name></member>
    <member refid="classcontroller_1_1_aggiunta_contatto_controller_1a3cde0f9e68dc3cdf5f87fd552fb13486" kind="variable"><name>emailField1</name></member>
    <member refid="classcontroller_1_1_aggiunta_contatto_controller_1aca9573b437426e3a540ca819d5f37562" kind="variable"><name>emailField2</name></member>
    <member refid="classcontroller_1_1_aggiunta_contatto_controller_1a7c45422e65743893a0e10bfd6e376312" kind="variable"><name>emailField3</name></member>
    <member refid="classcontroller_1_1_aggiunta_contatto_controller_1a2856aacdbfd115922f03b6dc9e639877" kind="variable"><name>adressField</name></member>
    <member refid="classcontroller_1_1_aggiunta_contatto_controller_1a689a7566cc7bd2e6544834264d1df4ab" kind="variable"><name>addButton</name></member>
    <member refid="classcontroller_1_1_aggiunta_contatto_controller_1aa33ac55e5dfb995722d621c049e953a8" kind="variable"><name>delButton</name></member>
    <member refid="classcontroller_1_1_aggiunta_contatto_controller_1aaf835af63d40228daab2917ba19b9898" kind="variable"><name>Contacts</name></member>
    <member refid="classcontroller_1_1_aggiunta_contatto_controller_1a3d23ca7f3fadf263ddd0f660d5682d3e" kind="function"><name>initialize</name></member>
    <member refid="classcontroller_1_1_aggiunta_contatto_controller_1a23ed7e218e4175cec39f59653b017b19" kind="function"><name>aggiungiContatto</name></member>
    <member refid="classcontroller_1_1_aggiunta_contatto_controller_1a2ea80cc23d71f50b06d9dfa263ff037d" kind="function"><name>annulla</name></member>
  </compound>
  <compound refid="classannullaoperazione_1_1_annulla_operazione" kind="class"><name>annullaoperazione::AnnullaOperazione</name>
    <member refid="classannullaoperazione_1_1_annulla_operazione_1afd7f14fe1247158ef47aae96198b5212" kind="variable"><name>statiPrecedenti</name></member>
    <member refid="classannullaoperazione_1_1_annulla_operazione_1ade1529fe9abf4edff4c941b393f24ee1" kind="function"><name>AnnullaOperazione</name></member>
    <member refid="classannullaoperazione_1_1_annulla_operazione_1ad0af26ad0c559a56b7ecf22cd5126724" kind="function"><name>salvaStato</name></member>
    <member refid="classannullaoperazione_1_1_annulla_operazione_1a99386be72c44362311bd11defe6e6d86" kind="function"><name>annulla</name></member>
  </compound>
  <compound refid="classmain_1_1_applicazione" kind="class"><name>main::Applicazione</name>
    <member refid="classmain_1_1_applicazione_1acbd882b5bb221764799d6d08e9e844f1" kind="function"><name>start</name></member>
    <member refid="classmain_1_1_applicazione_1a5904d3d74773c46a2d92cb8c87c4bab1" kind="function"><name>main</name></member>
  </compound>
  <compound refid="classdata_1_1_contatto" kind="class"><name>data::Contatto</name>
    <member refid="classdata_1_1_contatto_1a1a97fef653d8fc3c36b176a8ec20bafc" kind="variable"><name>nome</name></member>
    <member refid="classdata_1_1_contatto_1a0422edacc7d4199a7c58101dde4dff04" kind="variable"><name>cognome</name></member>
    <member refid="classdata_1_1_contatto_1a624b100c25eea4e30cca003cb0102d0c" kind="variable"><name>telefono1</name></member>
    <member refid="classdata_1_1_contatto_1a086a328cb117c01942f6322357876a19" kind="variable"><name>telefono2</name></member>
    <member refid="classdata_1_1_contatto_1acb0a442513aed2d26cb17ce706980bdc" kind="variable"><name>telefono3</name></member>
    <member refid="classdata_1_1_contatto_1a0d9a4d12fae470d34276b9bc1ed94695" kind="variable"><name>email1</name></member>
    <member refid="classdata_1_1_contatto_1a14a2f0ee84583bf6ad0c92c73d6f581b" kind="variable"><name>email2</name></member>
    <member refid="classdata_1_1_contatto_1a63dab8a9d4f7ba777b4cca10360e70be" kind="variable"><name>email3</name></member>
    <member refid="classdata_1_1_contatto_1ade82bdf0dc50ff171df823c95ca5d254" kind="variable"><name>società</name></member>
    <member refid="classdata_1_1_contatto_1a7077ac412dcfe4cf0ba97b510ad6d272" kind="variable"><name>indirizzo</name></member>
    <member refid="classdata_1_1_contatto_1a60a253c0589ebfcb86cba3c58c8359e0" kind="variable"><name>compleanno</name></member>
    <member refid="classdata_1_1_contatto_1a091da99d2def84bba912873149b9f225" kind="function"><name>Contatto</name></member>
    <member refid="classdata_1_1_contatto_1a50b37b4972e79922220c69158eff0402" kind="function"><name>getTelefono1</name></member>
    <member refid="classdata_1_1_contatto_1a26fbdc3db443e2948c3ad2da047fc6eb" kind="function"><name>setTelefono1</name></member>
    <member refid="classdata_1_1_contatto_1ab25735d38a471a1da03d1b09fc6398ca" kind="function"><name>getCognome</name></member>
    <member refid="classdata_1_1_contatto_1a7d77b502c70b11d2639f0060d3e65f3b" kind="function"><name>getTelefono2</name></member>
    <member refid="classdata_1_1_contatto_1a89b7b03b6f73f333ca3c1bec118cd024" kind="function"><name>getTelefono3</name></member>
    <member refid="classdata_1_1_contatto_1aa75ef4b2b2eee54227d979fc42092ccf" kind="function"><name>getEmail1</name></member>
    <member refid="classdata_1_1_contatto_1a020186d179dddf41807df91e34dd2498" kind="function"><name>getEmail2</name></member>
    <member refid="classdata_1_1_contatto_1a566a10ca79ed9b289b9741fbd4f63656" kind="function"><name>getEmail3</name></member>
    <member refid="classdata_1_1_contatto_1a78ae469a565e6114fedc2284f47c69b8" kind="function"><name>getSocietà</name></member>
    <member refid="classdata_1_1_contatto_1a7d1f8a6099705ecdd98010ff21f899af" kind="function"><name>getIndirizzo</name></member>
    <member refid="classdata_1_1_contatto_1a39800ceb646397c7980e8163ac8d9955" kind="function"><name>setCognome</name></member>
    <member refid="classdata_1_1_contatto_1a2ea46e77f2707208c87431c66ec1211c" kind="function"><name>setTelefono2</name></member>
    <member refid="classdata_1_1_contatto_1a081782764a348efd2ff9fe149570b896" kind="function"><name>setTelefono3</name></member>
    <member refid="classdata_1_1_contatto_1a1483d77d5d5089673ec8d2f4000ce9b7" kind="function"><name>setEmail1</name></member>
    <member refid="classdata_1_1_contatto_1a73b1e2a21feba9ff0a50382b7340f9dc" kind="function"><name>setEmail2</name></member>
    <member refid="classdata_1_1_contatto_1a2c53463f1f0d62ac7eebaa6effa36a28" kind="function"><name>setEmail3</name></member>
    <member refid="classdata_1_1_contatto_1a178ede55ee6c88cf6ba1d7e5b4eb3a74" kind="function"><name>setSocietà</name></member>
    <member refid="classdata_1_1_contatto_1a21d00c42fd957dfa5ee1aa880115d02d" kind="function"><name>setIndirizzo</name></member>
    <member refid="classdata_1_1_contatto_1a01ad87419442ba7699c6c3fecc67a2a9" kind="function"><name>getNome</name></member>
    <member refid="classdata_1_1_contatto_1ac0fec2133826e6b6622730f6be91b4e4" kind="function"><name>setNome</name></member>
    <member refid="classdata_1_1_contatto_1a719e7a6eb8ab7adc970d2c76f7037616" kind="function"><name>getCompleanno</name></member>
    <member refid="classdata_1_1_contatto_1a16f3364cfa6259c5e9ca232db210218f" kind="function"><name>setCompleanno</name></member>
  </compound>
  <compound refid="classcontroller_1_1_main_interface_controller" kind="class"><name>controller::MainInterfaceController</name>
    <member refid="classcontroller_1_1_main_interface_controller_1a4c419388ea271274fa6d44e318a40e44" kind="variable"><name>contatti</name></member>
    <member refid="classcontroller_1_1_main_interface_controller_1a7396c2b19fd066c649920a74f50841c4" kind="variable"><name>researchField</name></member>
    <member refid="classcontroller_1_1_main_interface_controller_1a46c83281c80eb12e918cda6fb9e33824" kind="variable"><name>addContact</name></member>
    <member refid="classcontroller_1_1_main_interface_controller_1ab2f9f6a4944b97788fcfc4e3d13b897c" kind="variable"><name>exportContact</name></member>
    <member refid="classcontroller_1_1_main_interface_controller_1a42253f0ebf2fa902d33030b2d7fa0008" kind="variable"><name>importContact</name></member>
    <member refid="classcontroller_1_1_main_interface_controller_1aadddaad221dc2d13156acb68e50a8d8a" kind="variable"><name>rubrica</name></member>
    <member refid="classcontroller_1_1_main_interface_controller_1ac597cbef784ce59dd8786cf825526dff" kind="variable"><name>nameClm</name></member>
    <member refid="classcontroller_1_1_main_interface_controller_1ad811ff7ac7a9f6f312e3f659538d303f" kind="variable"><name>surnameClm</name></member>
    <member refid="classcontroller_1_1_main_interface_controller_1a61076094e3a29c7e8f4e42b6f2baa46b" kind="variable"><name>Contacts</name></member>
    <member refid="classcontroller_1_1_main_interface_controller_1ad1ffaf7c00240b70bfc4ba945f1fa163" kind="function"><name>initialize</name></member>
    <member refid="classcontroller_1_1_main_interface_controller_1ab264bb4dad1f03d85e558dcd089c1b5d" kind="function"><name>esportaContatto</name></member>
    <member refid="classcontroller_1_1_main_interface_controller_1a8637c02a2269d46baef22454bd60f678" kind="function"><name>importaContatto</name></member>
    <member refid="classcontroller_1_1_main_interface_controller_1aaa197fd31a4fc68b4ea0ee0ef3ec5bf5" kind="function"><name>displayAggiungiContatto</name></member>
    <member refid="classcontroller_1_1_main_interface_controller_1a3624cd01696e6cf4b33f193c7259f7fb" kind="function"><name>displayVisualizzaSingoloContatto</name></member>
    <member refid="classcontroller_1_1_main_interface_controller_1a2e896a615959245327f979dafa9b1db2" kind="function"><name>ricercaContatto</name></member>
  </compound>
  <compound refid="classcontroller_1_1_modifica_contatto_controller" kind="class"><name>controller::ModificaContattoController</name>
    <member refid="classcontroller_1_1_modifica_contatto_controller_1a5c0b18e20f677846af8fedc9c89bc612" kind="variable"><name>nameField</name></member>
    <member refid="classcontroller_1_1_modifica_contatto_controller_1aa64f2866b5e1ef51ba0a24eec1d6744e" kind="variable"><name>surnameField</name></member>
    <member refid="classcontroller_1_1_modifica_contatto_controller_1a36526cc18b522cae9641c598257b3315" kind="variable"><name>birthdayField</name></member>
    <member refid="classcontroller_1_1_modifica_contatto_controller_1a8aa2b256152c4a149c614e685968357a" kind="variable"><name>companyField</name></member>
    <member refid="classcontroller_1_1_modifica_contatto_controller_1a63e25ddea794f0496f2ed90c986668d6" kind="variable"><name>numberField1</name></member>
    <member refid="classcontroller_1_1_modifica_contatto_controller_1a14a20ed9fb12c06c41bd468e743f014b" kind="variable"><name>numberField2</name></member>
    <member refid="classcontroller_1_1_modifica_contatto_controller_1a2ee91533f0e11a907504cd954e7feec2" kind="variable"><name>numberField3</name></member>
    <member refid="classcontroller_1_1_modifica_contatto_controller_1a88522a4056ad8f954339e52c4637a64e" kind="variable"><name>emailField1</name></member>
    <member refid="classcontroller_1_1_modifica_contatto_controller_1ae170955f3e2b8df753ef8973d2c12686" kind="variable"><name>emailField2</name></member>
    <member refid="classcontroller_1_1_modifica_contatto_controller_1a84f871e2fcec74fd7b286c9b4c31e5e7" kind="variable"><name>emailField3</name></member>
    <member refid="classcontroller_1_1_modifica_contatto_controller_1a1a67ec53eeede55c7f1051dce51315ff" kind="variable"><name>adressField</name></member>
    <member refid="classcontroller_1_1_modifica_contatto_controller_1a590182fe678e65bfd0fee3d10c2a10b1" kind="variable"><name>saveButton</name></member>
    <member refid="classcontroller_1_1_modifica_contatto_controller_1a67df23d17510acbbb0df6027060fa368" kind="variable"><name>delButton</name></member>
    <member refid="classcontroller_1_1_modifica_contatto_controller_1ab6f1e675aff254abea37ec016b533944" kind="variable"><name>Contacts</name></member>
    <member refid="classcontroller_1_1_modifica_contatto_controller_1a13746b44533611a532fd209b46e07071" kind="function"><name>initialize</name></member>
    <member refid="classcontroller_1_1_modifica_contatto_controller_1a78bc7f0dce451c4defc44642a4e632b9" kind="function"><name>annulla</name></member>
    <member refid="classcontroller_1_1_modifica_contatto_controller_1a01d8e36976a1b660a0c197d459b9453f" kind="function"><name>modificaContatto</name></member>
  </compound>
  <compound refid="classdata_1_1_rubrica" kind="class"><name>data::Rubrica</name>
    <member refid="classdata_1_1_rubrica_1a041a1be0cd6ebe58a3eae0f448681827" kind="variable"><name>contatti</name></member>
    <member refid="classdata_1_1_rubrica_1a71e8335491bc3741deae1e70f16e725c" kind="function"><name>Rubrica</name></member>
    <member refid="classdata_1_1_rubrica_1a50684d544f111d9fb75bbd136fa8537c" kind="function"><name>aggiungiContatto</name></member>
    <member refid="classdata_1_1_rubrica_1a9440ad0632f34f86531e46fd7530b82f" kind="function"><name>mostraRubrica</name></member>
    <member refid="classdata_1_1_rubrica_1a68c230abd5c511e9f4330fa8c29dea82" kind="function"><name>ricercaContatto</name></member>
    <member refid="classdata_1_1_rubrica_1a70f79f500b092c0411f03e33dcbccbe4" kind="function"><name>esportaContatto</name></member>
    <member refid="classdata_1_1_rubrica_1ac61c59920a86eec2c5277ef3118abf72" kind="function"><name>importaContatto</name></member>
    <member refid="classdata_1_1_rubrica_1acde304846946d8a2da82dce0181eb346" kind="function"><name>eliminaContatto</name></member>
    <member refid="classdata_1_1_rubrica_1a9417e1ec62c12093233fad9a5ded3d8b" kind="function"><name>modificaContatto</name></member>
    <member refid="classdata_1_1_rubrica_1ae1c0e35bb1155fc2287b574c464750a4" kind="function"><name>annulla</name></member>
    <member refid="classdata_1_1_rubrica_1a63a3c465cb1dd645555f6852a0e7db35" kind="function"><name>visualizzaContatto</name></member>
  </compound>
  <compound refid="classcontroller_1_1_visualizza_singolo_contatto_controller" kind="class"><name>controller::VisualizzaSingoloContattoController</name>
    <member refid="classcontroller_1_1_visualizza_singolo_contatto_controller_1a89f9a2ad2fd02449d75a3de5ad400526" kind="variable"><name>nameContent</name></member>
    <member refid="classcontroller_1_1_visualizza_singolo_contatto_controller_1aae308fc9f630532ba8dd4bc661f0e10f" kind="variable"><name>surnameContent</name></member>
    <member refid="classcontroller_1_1_visualizza_singolo_contatto_controller_1ab10a3ce03ca545e5ea100df9981236be" kind="variable"><name>birthdayContent</name></member>
    <member refid="classcontroller_1_1_visualizza_singolo_contatto_controller_1afeec993fa244e334e99519c1afbf878d" kind="variable"><name>companyContent</name></member>
    <member refid="classcontroller_1_1_visualizza_singolo_contatto_controller_1ad563e6d484881dafb1205d2540125e46" kind="variable"><name>numberContent1</name></member>
    <member refid="classcontroller_1_1_visualizza_singolo_contatto_controller_1aeff95496261646f8895d75d0c8ad357a" kind="variable"><name>numberContent2</name></member>
    <member refid="classcontroller_1_1_visualizza_singolo_contatto_controller_1ad306ca6f350c2d997fb19f1796c09bfc" kind="variable"><name>numberContent3</name></member>
    <member refid="classcontroller_1_1_visualizza_singolo_contatto_controller_1a343a82e2a1d49e6012639c15e5ab7221" kind="variable"><name>emailContent1</name></member>
    <member refid="classcontroller_1_1_visualizza_singolo_contatto_controller_1a3a0e4a694656434c3d8958bc2ffcafa9" kind="variable"><name>emailContent2</name></member>
    <member refid="classcontroller_1_1_visualizza_singolo_contatto_controller_1a7a87c7f206bce290ff13f4cf03335a63" kind="variable"><name>emailContent3</name></member>
    <member refid="classcontroller_1_1_visualizza_singolo_contatto_controller_1a477855c47e8b7e94d49ca3b232dcabd4" kind="variable"><name>adressContent</name></member>
    <member refid="classcontroller_1_1_visualizza_singolo_contatto_controller_1a2bdd2f56a7ac8b77091b62affaecac40" kind="variable"><name>modifyButton</name></member>
    <member refid="classcontroller_1_1_visualizza_singolo_contatto_controller_1a5f01933c760b6bf85555b3d9d63b3280" kind="variable"><name>deleteButton</name></member>
    <member refid="classcontroller_1_1_visualizza_singolo_contatto_controller_1aafbfe009b2349ea58d0bafe2611e78f4" kind="variable"><name>returnButton</name></member>
    <member refid="classcontroller_1_1_visualizza_singolo_contatto_controller_1ac6d9dedf9059ac5833ec9b395003c080" kind="variable"><name>Contacts</name></member>
    <member refid="classcontroller_1_1_visualizza_singolo_contatto_controller_1a66ba9001730ac9c2a7990c7ad6a3c621" kind="function"><name>initialize</name></member>
    <member refid="classcontroller_1_1_visualizza_singolo_contatto_controller_1acf0bf2e311a2d32915394dcc2d63d839" kind="function"><name>displayModificaContatto</name></member>
    <member refid="classcontroller_1_1_visualizza_singolo_contatto_controller_1ad04ad5b25e98d179c8804e346c3c2f25" kind="function"><name>eliminaContatto</name></member>
    <member refid="classcontroller_1_1_visualizza_singolo_contatto_controller_1ae14abf4e6e72cd7b7db721c107c7beec" kind="function"><name>annulla</name></member>
  </compound>
  <compound refid="namespaceannullaoperazione" kind="namespace"><name>annullaoperazione</name>
  </compound>
  <compound refid="namespacecontroller" kind="namespace"><name>controller</name>
  </compound>
  <compound refid="namespacedata" kind="namespace"><name>data</name>
  </compound>
  <compound refid="namespacejava_1_1lang" kind="namespace"><name>java::lang</name>
  </compound>
  <compound refid="namespacemain" kind="namespace"><name>main</name>
  </compound>
  <compound refid="_aggiunta_contatto_controller_8java" kind="file"><name>AggiuntaContattoController.java</name>
  </compound>
  <compound refid="_annulla_operazione_8java" kind="file"><name>AnnullaOperazione.java</name>
  </compound>
  <compound refid="_applicazione_8java" kind="file"><name>Applicazione.java</name>
  </compound>
  <compound refid="_contatto_8java" kind="file"><name>Contatto.java</name>
  </compound>
  <compound refid="_main_interface_controller_8java" kind="file"><name>MainInterfaceController.java</name>
  </compound>
  <compound refid="_modifica_contatto_controller_8java" kind="file"><name>ModificaContattoController.java</name>
  </compound>
  <compound refid="_rubrica_8java" kind="file"><name>Rubrica.java</name>
  </compound>
  <compound refid="_visualizza_singolo_contatto_controller_8java" kind="file"><name>VisualizzaSingoloContattoController.java</name>
  </compound>
</doxygenindex>
