<?xml version='1.0' encoding='UTF-8' standalone='no'?>
<doxygen xmlns:xsi="http://www.w3.org/2001/XMLSchema-instance" xsi:noNamespaceSchemaLocation="compound.xsd" version="1.12.0" xml:lang="it">
  <compounddef id="namespacecontroller" kind="namespace" language="Java">
    <compoundname>controller</compoundname>
    <innerclass refid="classcontroller_1_1_aggiunta_contatto_controller" prot="public">controller::AggiuntaContattoController</innerclass>
    <innerclass refid="classcontroller_1_1_main_interface_controller" prot="public">controller::MainInterfaceController</innerclass>
    <innerclass refid="classcontroller_1_1_modifica_contatto_controller" prot="public">controller::ModificaContattoController</innerclass>
    <innerclass refid="classcontroller_1_1_visualizza_singolo_contatto_controller" prot="public">controller::VisualizzaSingoloContattoController</innerclass>
    <briefdescription>
    </briefdescription>
    <detaileddescription>
    </detaileddescription>
    <location file="AggiuntaContattoController.java" line="6" column="15"/>
  </compounddef>
</doxygen>
